Metric,Value
MAE_mean,0.03147731920083364
MAE_std,0.00990815744938821
RMSE_mean,0.0564096341530482
RMSE_std,0.019773184715525423
Residual_mean,0.0002739599886505554
Residual_std,7.680818788105376e-05
Latency_sec_mean,2.2635566066601314
Latency_sec_std,0.0784756821288727
Latency_sec_p95,2.367847509984858
Latency_sec_p99,2.5055267019802705
test_count,15
