metric,baseline_value,baseline_std,sacu_value,sacu_std
MAE_mean,0.013452721200883389,0.0013638580237006863,0.033144887040058774,
RMSE_mean,0.021131020039319992,0.003006663135538614,0.0567482573290666,
Residual_mean,0.002525103309502204,0.00020442272939555877,0.00041984707931987943,
Latency_sec_mean,1.2089374888895286,0.0464351490640195,2.149099957942963,0.004352252653408953
Latency_sec_p95,1.2972177066646207,,2.1538306355476378,
Latency_sec_p99,1.309863514666601,,2.159032652378082,
test_count,15,,15,
