line,matched_terms,path,relative_path,text
61,generate,D:\47\472\New-Papers\GIS\Codes\build_new_branch.py,build_new_branch.py,- Revised manuscript results must be generated from executable experiments.
1005,sequences_dir,D:\47\472\New-Papers\GIS\Codes\folder_structure.txt,folder_structure.txt,│   │       │   │   │   │   ├── sequence
1271,sequences_dir,D:\47\472\New-Papers\GIS\Codes\folder_structure.txt,folder_structure.txt,│   │       │   │   ├── sequence
2033,sequences_dir,D:\47\472\New-Papers\GIS\Codes\folder_structure.txt,folder_structure.txt,│   │       │   │   │   │   │   ├── sequence.cpython-312.pyc
2037,sequences_dir,D:\47\472\New-Papers\GIS\Codes\folder_structure.txt,folder_structure.txt,│   │       │   │   │   │   ├── sequence.py
2242,generate,D:\47\472\New-Papers\GIS\Codes\folder_structure.txt,folder_structure.txt,│   │       │   │   │   │   │   ├── generator_data_adapter.cpython-312.pyc
2252,generate,D:\47\472\New-Papers\GIS\Codes\folder_structure.txt,folder_structure.txt,│   │       │   │   │   │   ├── generator_data_adapter.py
2701,generate,D:\47\472\New-Papers\GIS\Codes\folder_structure.txt,folder_structure.txt,│   │       │   │   └── generate.cpython-312.pyc
2705,generate,D:\47\472\New-Papers\GIS\Codes\folder_structure.txt,folder_structure.txt,│   │       │   └── generate.py
2871,generate,D:\47\472\New-Papers\GIS\Codes\folder_structure.txt,folder_structure.txt,│   │       │   │   │   │   ├── generate_umath_validation_data.cpp
3802,generate,D:\47\472\New-Papers\GIS\Codes\folder_structure.txt,folder_structure.txt,│   │       │   │   │   │   ├── generator_pcg64_np121.pkl.gz
3803,generate,D:\47\472\New-Papers\GIS\Codes\folder_structure.txt,folder_structure.txt,│   │       │   │   │   │   ├── generator_pcg64_np126.pkl.gz
6597,generate,D:\47\472\New-Papers\GIS\Codes\folder_structure.txt,folder_structure.txt,│   │       │   │   │   │   ├── generate_legacy_storage_files.cpython-312.pyc
6874,generate,D:\47\472\New-Papers\GIS\Codes\folder_structure.txt,folder_structure.txt,│   │       │   │   │   ├── generate_legacy_storage_files.py
13518,generate,D:\47\472\New-Papers\GIS\Codes\folder_structure.txt,folder_structure.txt,│   │       │   │   │   │   │   ├── generate_real.h
15087,seq_,D:\47\472\New-Papers\GIS\Codes\folder_structure.txt,folder_structure.txt,│   │       │   │   │   │   │   │   │   │   │   ├── seq_state.h
15720,generate,D:\47\472\New-Papers\GIS\Codes\folder_structure.txt,folder_structure.txt,│   │       │   │   │   │   │   └── generated_code_support.h
16873,generate,D:\47\472\New-Papers\GIS\Codes\folder_structure.txt,folder_structure.txt,│   │       │   │   │   │       │       │   │   ├── GeneratingFunction.h
19495,generate,D:\47\472\New-Papers\GIS\Codes\folder_structure.txt,folder_structure.txt,│   │       │   │   │       │   │           ├── generated_enum_reflection.h
19496,generate,D:\47\472\New-Papers\GIS\Codes\folder_structure.txt,folder_structure.txt,│   │       │   │   │       │   │           ├── generated_message_bases.h
19497,generate,D:\47\472\New-Papers\GIS\Codes\folder_structure.txt,folder_structure.txt,│   │       │   │   │       │   │           ├── generated_message_reflection.h
19498,generate,D:\47\472\New-Papers\GIS\Codes\folder_structure.txt,folder_structure.txt,│   │       │   │   │       │   │           ├── generated_message_tctable_gen.h
19545,generate,D:\47\472\New-Papers\GIS\Codes\folder_structure.txt,folder_structure.txt,│   │       │   │   │       │   │           ├── generated_enum_reflection.h
19546,generate,D:\47\472\New-Papers\GIS\Codes\folder_structure.txt,folder_structure.txt,│   │       │   │   │       │   │           ├── generated_enum_util.h
19547,generate,D:\47\472\New-Papers\GIS\Codes\folder_structure.txt,folder_structure.txt,│   │       │   │   │       │   │           ├── generated_message_bases.h
19548,generate,D:\47\472\New-Papers\GIS\Codes\folder_structure.txt,folder_structure.txt,│   │       │   │   │       │   │           ├── generated_message_reflection.h
19549,generate,D:\47\472\New-Papers\GIS\Codes\folder_structure.txt,folder_structure.txt,│   │       │   │   │       │   │           ├── generated_message_tctable_decl.h
19550,generate,D:\47\472\New-Papers\GIS\Codes\folder_structure.txt,folder_structure.txt,│   │       │   │   │       │   │           ├── generated_message_tctable_gen.h
19551,generate,D:\47\472\New-Papers\GIS\Codes\folder_structure.txt,folder_structure.txt,│   │       │   │   │       │   │           ├── generated_message_tctable_impl.h
19552,generate,D:\47\472\New-Papers\GIS\Codes\folder_structure.txt,folder_structure.txt,│   │       │   │   │       │   │           ├── generated_message_util.h
19627,generate,D:\47\472\New-Papers\GIS\Codes\folder_structure.txt,folder_structure.txt,│   │       │   │   │       │   │           ├── generated_enum_reflection.h
19628,generate,D:\47\472\New-Papers\GIS\Codes\folder_structure.txt,folder_structure.txt,│   │       │   │   │       │   │           ├── generated_message_bases.h
19629,generate,D:\47\472\New-Papers\GIS\Codes\folder_structure.txt,folder_structure.txt,│   │       │   │   │       │   │           ├── generated_message_reflection.h
19630,generate,D:\47\472\New-Papers\GIS\Codes\folder_structure.txt,folder_structure.txt,│   │       │   │   │       │   │           ├── generated_message_tctable_gen.h
19658,generate,D:\47\472\New-Papers\GIS\Codes\folder_structure.txt,folder_structure.txt,│   │       │   │   │       │   │           ├── generated_enum_util.h
19659,generate,D:\47\472\New-Papers\GIS\Codes\folder_structure.txt,folder_structure.txt,│   │       │   │   │       │   │           ├── generated_message_tctable_decl.h
19660,generate,D:\47\472\New-Papers\GIS\Codes\folder_structure.txt,folder_structure.txt,│   │       │   │   │       │   │           ├── generated_message_tctable_impl.h
19661,generate,D:\47\472\New-Papers\GIS\Codes\folder_structure.txt,folder_structure.txt,│   │       │   │   │       │   │           ├── generated_message_util.h
19918,generate,D:\47\472\New-Papers\GIS\Codes\folder_structure.txt,folder_structure.txt,│   │       │   │   │       ├── generated_enum_reflection.h
19919,generate,D:\47\472\New-Papers\GIS\Codes\folder_structure.txt,folder_structure.txt,│   │       │   │   │       ├── generated_enum_util.h
19920,generate,D:\47\472\New-Papers\GIS\Codes\folder_structure.txt,folder_structure.txt,│   │       │   │   │       ├── generated_message_bases.h
19921,generate,D:\47\472\New-Papers\GIS\Codes\folder_structure.txt,folder_structure.txt,│   │       │   │   │       ├── generated_message_reflection.h
19922,generate,D:\47\472\New-Papers\GIS\Codes\folder_structure.txt,folder_structure.txt,│   │       │   │   │       ├── generated_message_tctable_decl.h
19923,generate,D:\47\472\New-Papers\GIS\Codes\folder_structure.txt,folder_structure.txt,│   │       │   │   │       ├── generated_message_tctable_gen.h
19924,generate,D:\47\472\New-Papers\GIS\Codes\folder_structure.txt,folder_structure.txt,│   │       │   │   │       ├── generated_message_tctable_impl.h
19925,generate,D:\47\472\New-Papers\GIS\Codes\folder_structure.txt,folder_structure.txt,│   │       │   │   │       ├── generated_message_util.h
20290,generate,D:\47\472\New-Papers\GIS\Codes\folder_structure.txt,folder_structure.txt,│   │       │   │   │   │   │   │   │   ├── generated_canonicalize.inc
20291,generate,D:\47\472\New-Papers\GIS\Codes\folder_structure.txt,folder_structure.txt,│   │       │   │   │   │   │   │   │   ├── generated_decompose_resource_ops.inc
20292,generate,D:\47\472\New-Papers\GIS\Codes\folder_structure.txt,folder_structure.txt,│   │       │   │   │   │   │   │   │   ├── generated_lower_tf.inc
20293,generate,D:\47\472\New-Papers\GIS\Codes\folder_structure.txt,folder_structure.txt,│   │       │   │   │   │   │   │   │   ├── generated_optimize.inc
20294,generate,D:\47\472\New-Papers\GIS\Codes\folder_structure.txt,folder_structure.txt,│   │       │   │   │   │   │   │   │   ├── generated_tf_data_optimization.inc
20386,generate,D:\47\472\New-Papers\GIS\Codes\folder_structure.txt,folder_structure.txt,│   │       │   │   │   │   │   │   │   ├── generated_legalize_tf.inc
20870,generate,D:\47\472\New-Papers\GIS\Codes\folder_structure.txt,folder_structure.txt,│   │       │   │   │   │       │   │   │       └── generated_chlo_legalize_to_hlo.inc
21026,generate,D:\47\472\New-Papers\GIS\Codes\folder_structure.txt,folder_structure.txt,│   │       │   │   │   │       │   │   │   │   └── generated_chlo_legalize_to_hlo.inc
22337,seq_,D:\47\472\New-Papers\GIS\Codes\folder_structure.txt,folder_structure.txt,│   │       │   │   │   │   │   │   │   ├── seq_interleave_prefetch.h
22476,generate,D:\47\472\New-Papers\GIS\Codes\folder_structure.txt,folder_structure.txt,│   │       │   │   │   │   │   │   ├── generator_dataset_op.h
24179,generate,D:\47\472\New-Papers\GIS\Codes\folder_structure.txt,folder_structure.txt,│   │       │   │   │   │   │   │       └── generated_chlo_legalize_to_hlo.inc
24335,generate,D:\47\472\New-Papers\GIS\Codes\folder_structure.txt,folder_structure.txt,│   │       │   │   │   │   │   │   │   └── generated_chlo_legalize_to_hlo.inc
27659,generate,D:\47\472\New-Papers\GIS\Codes\folder_structure.txt,folder_structure.txt,│   │       │   │   │   │   ├── generator
27667,generate,D:\47\472\New-Papers\GIS\Codes\folder_structure.txt,folder_structure.txt,│   │       │   │   │   │   ├── generator2
27676,generate,D:\47\472\New-Papers\GIS\Codes\folder_structure.txt,folder_structure.txt,│   │       │   │   │   │   │   ├── generator
27679,generate,D:\47\472\New-Papers\GIS\Codes\folder_structure.txt,folder_structure.txt,│   │       │   │   │   │   │   │   │   └── generator.cpython-312.pyc
27681,generate,D:\47\472\New-Papers\GIS\Codes\folder_structure.txt,folder_structure.txt,│   │       │   │   │   │   │   │   └── generator.py
29392,sequences_dir,D:\47\472\New-Papers\GIS\Codes\folder_structure.txt,folder_structure.txt,│       ├── sequences
29393,seq_,D:\47\472\New-Papers\GIS\Codes\folder_structure.txt,folder_structure.txt,│       │   ├── seq_000000.npz
29394,seq_,D:\47\472\New-Papers\GIS\Codes\folder_structure.txt,folder_structure.txt,│       │   ├── seq_000001.npz
29395,seq_,D:\47\472\New-Papers\GIS\Codes\folder_structure.txt,folder_structure.txt,│       │   ├── seq_000002.npz
29396,seq_,D:\47\472\New-Papers\GIS\Codes\folder_structure.txt,folder_structure.txt,│       │   ├── seq_000003.npz
29397,seq_,D:\47\472\New-Papers\GIS\Codes\folder_structure.txt,folder_structure.txt,│       │   ├── seq_000004.npz
29398,seq_,D:\47\472\New-Papers\GIS\Codes\folder_structure.txt,folder_structure.txt,│       │   ├── seq_000005.npz
29399,seq_,D:\47\472\New-Papers\GIS\Codes\folder_structure.txt,folder_structure.txt,│       │   ├── seq_000006.npz
29400,seq_,D:\47\472\New-Papers\GIS\Codes\folder_structure.txt,folder_structure.txt,│       │   ├── seq_000007.npz
29401,seq_,D:\47\472\New-Papers\GIS\Codes\folder_structure.txt,folder_structure.txt,│       │   ├── seq_000008.npz
29402,seq_,D:\47\472\New-Papers\GIS\Codes\folder_structure.txt,folder_structure.txt,│       │   ├── seq_000009.npz
29403,seq_,D:\47\472\New-Papers\GIS\Codes\folder_structure.txt,folder_structure.txt,│       │   ├── seq_000010.npz
29404,seq_,D:\47\472\New-Papers\GIS\Codes\folder_structure.txt,folder_structure.txt,│       │   ├── seq_000011.npz
29405,seq_,D:\47\472\New-Papers\GIS\Codes\folder_structure.txt,folder_structure.txt,│       │   ├── seq_000012.npz
29406,seq_,D:\47\472\New-Papers\GIS\Codes\folder_structure.txt,folder_structure.txt,│       │   ├── seq_000013.npz
29407,seq_,D:\47\472\New-Papers\GIS\Codes\folder_structure.txt,folder_structure.txt,│       │   ├── seq_000014.npz
29408,seq_,D:\47\472\New-Papers\GIS\Codes\folder_structure.txt,folder_structure.txt,│       │   ├── seq_000015.npz
29409,seq_,D:\47\472\New-Papers\GIS\Codes\folder_structure.txt,folder_structure.txt,│       │   ├── seq_000016.npz
29410,seq_,D:\47\472\New-Papers\GIS\Codes\folder_structure.txt,folder_structure.txt,│       │   ├── seq_000017.npz
29411,seq_,D:\47\472\New-Papers\GIS\Codes\folder_structure.txt,folder_structure.txt,│       │   ├── seq_000018.npz
29412,seq_,D:\47\472\New-Papers\GIS\Codes\folder_structure.txt,folder_structure.txt,│       │   ├── seq_000019.npz
29413,seq_,D:\47\472\New-Papers\GIS\Codes\folder_structure.txt,folder_structure.txt,│       │   ├── seq_000020.npz
29414,seq_,D:\47\472\New-Papers\GIS\Codes\folder_structure.txt,folder_structure.txt,│       │   ├── seq_000021.npz
29415,seq_,D:\47\472\New-Papers\GIS\Codes\folder_structure.txt,folder_structure.txt,│       │   ├── seq_000022.npz
29416,seq_,D:\47\472\New-Papers\GIS\Codes\folder_structure.txt,folder_structure.txt,│       │   ├── seq_000023.npz
29417,seq_,D:\47\472\New-Papers\GIS\Codes\folder_structure.txt,folder_structure.txt,│       │   ├── seq_000024.npz
29418,seq_,D:\47\472\New-Papers\GIS\Codes\folder_structure.txt,folder_structure.txt,│       │   ├── seq_000025.npz
29419,seq_,D:\47\472\New-Papers\GIS\Codes\folder_structure.txt,folder_structure.txt,│       │   ├── seq_000026.npz
29420,seq_,D:\47\472\New-Papers\GIS\Codes\folder_structure.txt,folder_structure.txt,│       │   ├── seq_000027.npz
29421,seq_,D:\47\472\New-Papers\GIS\Codes\folder_structure.txt,folder_structure.txt,│       │   ├── seq_000028.npz
29422,seq_,D:\47\472\New-Papers\GIS\Codes\folder_structure.txt,folder_structure.txt,│       │   ├── seq_000029.npz
29423,seq_,D:\47\472\New-Papers\GIS\Codes\folder_structure.txt,folder_structure.txt,│       │   ├── seq_000030.npz
29424,seq_,D:\47\472\New-Papers\GIS\Codes\folder_structure.txt,folder_structure.txt,│       │   ├── seq_000031.npz
29425,seq_,D:\47\472\New-Papers\GIS\Codes\folder_structure.txt,folder_structure.txt,│       │   ├── seq_000032.npz
29426,seq_,D:\47\472\New-Papers\GIS\Codes\folder_structure.txt,folder_structure.txt,│       │   ├── seq_000033.npz
29427,seq_,D:\47\472\New-Papers\GIS\Codes\folder_structure.txt,folder_structure.txt,│       │   ├── seq_000034.npz
29428,seq_,D:\47\472\New-Papers\GIS\Codes\folder_structure.txt,folder_structure.txt,│       │   ├── seq_000035.npz
29429,seq_,D:\47\472\New-Papers\GIS\Codes\folder_structure.txt,folder_structure.txt,│       │   ├── seq_000036.npz
29430,seq_,D:\47\472\New-Papers\GIS\Codes\folder_structure.txt,folder_structure.txt,│       │   ├── seq_000037.npz
29431,seq_,D:\47\472\New-Papers\GIS\Codes\folder_structure.txt,folder_structure.txt,│       │   ├── seq_000038.npz
29432,seq_,D:\47\472\New-Papers\GIS\Codes\folder_structure.txt,folder_structure.txt,│       │   ├── seq_000039.npz
29433,seq_,D:\47\472\New-Papers\GIS\Codes\folder_structure.txt,folder_structure.txt,│       │   ├── seq_000040.npz
29434,seq_,D:\47\472\New-Papers\GIS\Codes\folder_structure.txt,folder_structure.txt,│       │   ├── seq_000041.npz
29435,seq_,D:\47\472\New-Papers\GIS\Codes\folder_structure.txt,folder_structure.txt,│       │   ├── seq_000042.npz
29436,seq_,D:\47\472\New-Papers\GIS\Codes\folder_structure.txt,folder_structure.txt,│       │   ├── seq_000043.npz
29437,seq_,D:\47\472\New-Papers\GIS\Codes\folder_structure.txt,folder_structure.txt,│       │   ├── seq_000044.npz
29438,seq_,D:\47\472\New-Papers\GIS\Codes\folder_structure.txt,folder_structure.txt,│       │   ├── seq_000045.npz
29439,seq_,D:\47\472\New-Papers\GIS\Codes\folder_structure.txt,folder_structure.txt,│       │   ├── seq_000046.npz
29440,seq_,D:\47\472\New-Papers\GIS\Codes\folder_structure.txt,folder_structure.txt,│       │   ├── seq_000047.npz
29441,seq_,D:\47\472\New-Papers\GIS\Codes\folder_structure.txt,folder_structure.txt,│       │   ├── seq_000048.npz
29442,seq_,D:\47\472\New-Papers\GIS\Codes\folder_structure.txt,folder_structure.txt,│       │   ├── seq_000049.npz
29443,seq_,D:\47\472\New-Papers\GIS\Codes\folder_structure.txt,folder_structure.txt,│       │   ├── seq_000050.npz
29444,seq_,D:\47\472\New-Papers\GIS\Codes\folder_structure.txt,folder_structure.txt,│       │   ├── seq_000051.npz
29445,seq_,D:\47\472\New-Papers\GIS\Codes\folder_structure.txt,folder_structure.txt,│       │   ├── seq_000052.npz
29446,seq_,D:\47\472\New-Papers\GIS\Codes\folder_structure.txt,folder_structure.txt,│       │   ├── seq_000053.npz
29447,seq_,D:\47\472\New-Papers\GIS\Codes\folder_structure.txt,folder_structure.txt,│       │   ├── seq_000054.npz
29448,seq_,D:\47\472\New-Papers\GIS\Codes\folder_structure.txt,folder_structure.txt,│       │   ├── seq_000055.npz
29449,seq_,D:\47\472\New-Papers\GIS\Codes\folder_structure.txt,folder_structure.txt,│       │   ├── seq_000056.npz
29450,seq_,D:\47\472\New-Papers\GIS\Codes\folder_structure.txt,folder_structure.txt,│       │   ├── seq_000057.npz
29451,seq_,D:\47\472\New-Papers\GIS\Codes\folder_structure.txt,folder_structure.txt,│       │   ├── seq_000058.npz
29452,seq_,D:\47\472\New-Papers\GIS\Codes\folder_structure.txt,folder_structure.txt,│       │   ├── seq_000059.npz
29453,seq_,D:\47\472\New-Papers\GIS\Codes\folder_structure.txt,folder_structure.txt,│       │   ├── seq_000060.npz
29454,seq_,D:\47\472\New-Papers\GIS\Codes\folder_structure.txt,folder_structure.txt,│       │   ├── seq_000061.npz
29455,seq_,D:\47\472\New-Papers\GIS\Codes\folder_structure.txt,folder_structure.txt,│       │   ├── seq_000062.npz
29456,seq_,D:\47\472\New-Papers\GIS\Codes\folder_structure.txt,folder_structure.txt,│       │   ├── seq_000063.npz
29457,seq_,D:\47\472\New-Papers\GIS\Codes\folder_structure.txt,folder_structure.txt,│       │   ├── seq_000064.npz
29458,seq_,D:\47\472\New-Papers\GIS\Codes\folder_structure.txt,folder_structure.txt,│       │   ├── seq_000065.npz
29459,seq_,D:\47\472\New-Papers\GIS\Codes\folder_structure.txt,folder_structure.txt,│       │   ├── seq_000066.npz
29460,seq_,D:\47\472\New-Papers\GIS\Codes\folder_structure.txt,folder_structure.txt,│       │   ├── seq_000067.npz
29461,seq_,D:\47\472\New-Papers\GIS\Codes\folder_structure.txt,folder_structure.txt,│       │   ├── seq_000068.npz
29462,seq_,D:\47\472\New-Papers\GIS\Codes\folder_structure.txt,folder_structure.txt,│       │   ├── seq_000069.npz
29463,seq_,D:\47\472\New-Papers\GIS\Codes\folder_structure.txt,folder_structure.txt,│       │   ├── seq_000070.npz
29464,seq_,D:\47\472\New-Papers\GIS\Codes\folder_structure.txt,folder_structure.txt,│       │   ├── seq_000071.npz
29465,seq_,D:\47\472\New-Papers\GIS\Codes\folder_structure.txt,folder_structure.txt,│       │   ├── seq_000072.npz
29466,seq_,D:\47\472\New-Papers\GIS\Codes\folder_structure.txt,folder_structure.txt,│       │   ├── seq_000073.npz
29467,seq_,D:\47\472\New-Papers\GIS\Codes\folder_structure.txt,folder_structure.txt,│       │   ├── seq_000074.npz
29468,seq_,D:\47\472\New-Papers\GIS\Codes\folder_structure.txt,folder_structure.txt,│       │   ├── seq_000075.npz
29469,seq_,D:\47\472\New-Papers\GIS\Codes\folder_structure.txt,folder_structure.txt,│       │   ├── seq_000076.npz
29470,seq_,D:\47\472\New-Papers\GIS\Codes\folder_structure.txt,folder_structure.txt,│       │   ├── seq_000077.npz
29471,seq_,D:\47\472\New-Papers\GIS\Codes\folder_structure.txt,folder_structure.txt,│       │   ├── seq_000078.npz
29472,seq_,D:\47\472\New-Papers\GIS\Codes\folder_structure.txt,folder_structure.txt,│       │   ├── seq_000079.npz
29473,seq_,D:\47\472\New-Papers\GIS\Codes\folder_structure.txt,folder_structure.txt,│       │   ├── seq_000080.npz
29474,seq_,D:\47\472\New-Papers\GIS\Codes\folder_structure.txt,folder_structure.txt,│       │   ├── seq_000081.npz
29475,seq_,D:\47\472\New-Papers\GIS\Codes\folder_structure.txt,folder_structure.txt,│       │   ├── seq_000082.npz
29476,seq_,D:\47\472\New-Papers\GIS\Codes\folder_structure.txt,folder_structure.txt,│       │   ├── seq_000083.npz
29477,seq_,D:\47\472\New-Papers\GIS\Codes\folder_structure.txt,folder_structure.txt,│       │   ├── seq_000084.npz
29478,seq_,D:\47\472\New-Papers\GIS\Codes\folder_structure.txt,folder_structure.txt,│       │   ├── seq_000085.npz
29479,seq_,D:\47\472\New-Papers\GIS\Codes\folder_structure.txt,folder_structure.txt,│       │   ├── seq_000086.npz
29480,seq_,D:\47\472\New-Papers\GIS\Codes\folder_structure.txt,folder_structure.txt,│       │   ├── seq_000087.npz
29481,seq_,D:\47\472\New-Papers\GIS\Codes\folder_structure.txt,folder_structure.txt,│       │   ├── seq_000088.npz
29482,seq_,D:\47\472\New-Papers\GIS\Codes\folder_structure.txt,folder_structure.txt,│       │   ├── seq_000089.npz
29483,seq_,D:\47\472\New-Papers\GIS\Codes\folder_structure.txt,folder_structure.txt,│       │   ├── seq_000090.npz
29484,seq_,D:\47\472\New-Papers\GIS\Codes\folder_structure.txt,folder_structure.txt,│       │   ├── seq_000091.npz
29485,seq_,D:\47\472\New-Papers\GIS\Codes\folder_structure.txt,folder_structure.txt,│       │   ├── seq_000092.npz
29486,seq_,D:\47\472\New-Papers\GIS\Codes\folder_structure.txt,folder_structure.txt,│       │   ├── seq_000093.npz
29487,seq_,D:\47\472\New-Papers\GIS\Codes\folder_structure.txt,folder_structure.txt,│       │   ├── seq_000094.npz
29488,seq_,D:\47\472\New-Papers\GIS\Codes\folder_structure.txt,folder_structure.txt,│       │   ├── seq_000095.npz
29489,seq_,D:\47\472\New-Papers\GIS\Codes\folder_structure.txt,folder_structure.txt,│       │   ├── seq_000096.npz
29490,seq_,D:\47\472\New-Papers\GIS\Codes\folder_structure.txt,folder_structure.txt,│       │   ├── seq_000097.npz
29491,seq_,D:\47\472\New-Papers\GIS\Codes\folder_structure.txt,folder_structure.txt,│       │   ├── seq_000098.npz
29492,seq_,D:\47\472\New-Papers\GIS\Codes\folder_structure.txt,folder_structure.txt,│       │   └── seq_000099.npz
33182,generate,D:\47\472\New-Papers\GIS\Codes\folder_structure.txt,folder_structure.txt,│   │   │       │   │   │   │   ├── generate_umath_validation_data.cpp
36842,generate,D:\47\472\New-Papers\GIS\Codes\folder_structure.txt,folder_structure.txt,│   │   │       │   │   │   │   ├── generate_legacy_storage_files.cpython-310.pyc
37119,generate,D:\47\472\New-Papers\GIS\Codes\folder_structure.txt,folder_structure.txt,│   │   │       │   │   │   ├── generate_legacy_storage_files.py
47450,generate,D:\47\472\New-Papers\GIS\Codes\folder_structure.txt,folder_structure.txt,│   │   │       │   │   │   │   ├── Generator.h
54407,generate,D:\47\472\New-Papers\GIS\Codes\folder_structure.txt,folder_structure.txt,│   │   │       │   │   │   ├── Generator.h
54507,generate,D:\47\472\New-Papers\GIS\Codes\folder_structure.txt,folder_structure.txt,│   │   │       │   │   │   │   ├── GeneratorImpl.h
54861,generate,D:\47\472\New-Papers\GIS\Codes\folder_structure.txt,folder_structure.txt,│   │   │       │   │       │   │   ├── generated
55542,generate,D:\47\472\New-Papers\GIS\Codes\folder_structure.txt,folder_structure.txt,│   │   │       │   │       │   ├── Generator.h
55590,generate,D:\47\472\New-Papers\GIS\Codes\folder_structure.txt,folder_structure.txt,│   │   │       │   │   │   ├── generate_bytecode.cpython-310.pyc
55625,generate,D:\47\472\New-Papers\GIS\Codes\folder_structure.txt,folder_structure.txt,│   │   │       │   │   ├── generate_bytecode.py
56556,generate,D:\47\472\New-Papers\GIS\Codes\folder_structure.txt,folder_structure.txt,│   │   │       │   │   │   ├── generated
57095,generate,D:\47\472\New-Papers\GIS\Codes\folder_structure.txt,folder_structure.txt,│   │   │       │   │   │   └── generator.cpython-310.pyc
57099,generate,D:\47\472\New-Papers\GIS\Codes\folder_structure.txt,folder_structure.txt,│   │   │       │   │   └── generator.py
87,simulation,D:\47\472\New-Papers\GIS\Codes\simulator.py,simulator.py,"Simulates u_tt = c(x,y)^2 * Lap(u) with simple damping near borders."
96,generate,D:\47\472\New-Papers\GIS\Codes\simulator.py,simulator.py,"def sample_theta(self, rng: np.random.Generator) -> Dict[str, float]:"
106,theta|generate,D:\47\472\New-Papers\GIS\Codes\simulator.py,simulator.py,"def make_c_field(self, theta: Dict[str, float], rng: np.random.Generator) -> np.ndarray:"
108,theta,D:\47\472\New-Papers\GIS\Codes\simulator.py,simulator.py,"c0 = float(theta[""c0""])"
109,theta,D:\47\472\New-Papers\GIS\Codes\simulator.py,simulator.py,"hetero_amp = float(theta[""hetero_amp""])"
119,generate,D:\47\472\New-Papers\GIS\Codes\simulator.py,simulator.py,"def make_initial_condition(self, rng: np.random.Generator) -> Tuple[np.ndarray, np.ndarray]:"
143,theta|simulation,D:\47\472\New-Papers\GIS\Codes\simulator.py,simulator.py,"def simulate(self, seed: int, theta: Optional[Dict[str, float]] = None) -> Dict[str, np.ndarray]:"
145,theta,D:\47\472\New-Papers\GIS\Codes\simulator.py,simulator.py,if theta is None:
146,theta,D:\47\472\New-Papers\GIS\Codes\simulator.py,simulator.py,theta = self.sample_theta(rng)
148,theta,D:\47\472\New-Papers\GIS\Codes\simulator.py,simulator.py,"c = self.make_c_field(theta, rng)"
157,theta,D:\47\472\New-Papers\GIS\Codes\simulator.py,simulator.py,"damping = _make_damping_mask(self.cfg.H, self.cfg.W, self.cfg.damping_width, float(theta[""damping_strength""]))"
182,theta,D:\47\472\New-Papers\GIS\Codes\simulator.py,simulator.py,"""theta"": np.array([theta[""c0""], theta[""hetero_amp""], theta[""damping_strength""]], dtype=np.float32),"
199,generate,D:\47\472\New-Papers\GIS\Codes\simulator.py,simulator.py,"def make_sensor_mask(H: int, W: int, fraction: float, rng: np.random.Generator) -> np.ndarray:"
257,seq_|sequences_dir,D:\47\472\New-Papers\GIS\Codes\simulator.py,simulator.py,"SEQ_DIR = OUT_ROOT / ""data"" / ""sim"" / ""sequences"""
261,seq_,D:\47\472\New-Papers\GIS\Codes\simulator.py,simulator.py,"SEQ_DIR.mkdir(parents=True, exist_ok=True)"
266,num_sequences,D:\47\472\New-Papers\GIS\Codes\simulator.py,simulator.py,NUM_SEQUENCES = 100
277,num_sequences,D:\47\472\New-Papers\GIS\Codes\simulator.py,simulator.py,"seeds = rng.integers(0, 2**31 - 1, size=NUM_SEQUENCES, dtype=np.int64)"
279,num_sequences|seq_|generate|sequences_dir,D:\47\472\New-Papers\GIS\Codes\simulator.py,simulator.py,"print(f""Generating {NUM_SEQUENCES} sequences into: {SEQ_DIR}"")"
282,num_sequences,D:\47\472\New-Papers\GIS\Codes\simulator.py,simulator.py,for i in range(NUM_SEQUENCES):
283,seq_,D:\47\472\New-Papers\GIS\Codes\simulator.py,simulator.py,"seq_id = f""seq_{i:06d}"""
286,simulation,D:\47\472\New-Papers\GIS\Codes\simulator.py,simulator.py,sim_out = sim.simulate(seed=s)
292,seq_,D:\47\472\New-Papers\GIS\Codes\simulator.py,simulator.py,"out_path = SEQ_DIR / f""{seq_id}.npz"""
293,np_savez,D:\47\472\New-Papers\GIS\Codes\simulator.py,simulator.py,np.savez(
300,theta,D:\47\472\New-Papers\GIS\Codes\simulator.py,simulator.py,"theta=sim_out[""theta""].astype(np.float32),"
305,theta,D:\47\472\New-Papers\GIS\Codes\simulator.py,simulator.py,"theta = sim_out[""theta""]"
306,theta|seq_,D:\47\472\New-Papers\GIS\Codes\simulator.py,simulator.py,"rows.append((seq_id, s, float(theta[0]), float(theta[1]), float(theta[2]), str(out_path)))"
310,seq_,D:\47\472\New-Papers\GIS\Codes\simulator.py,simulator.py,"f.write(""seq_id,seed,theta_c0,theta_hetero_amp,theta_damping_strength,file\n"")"
32,generate|simulation,D:\47\472\New-Papers\GIS\Codes\data\READ.md,data\READ.md,The experiments are based on propagation-field simulations generated using the PDEBench framework.
1,seq_,D:\47\472\New-Papers\GIS\Codes\data\sim\metadata.csv,data\sim\metadata.csv,"seq_id,seed,theta_c0,theta_hetero_amp,theta_damping_strength,file"
2,seq_|sequences_dir,D:\47\472\New-Papers\GIS\Codes\data\sim\metadata.csv,data\sim\metadata.csv,"seq_000000,2103139804,0.9262677431106567,0.2782846987247467,0.06007436662912369,D:\47\472\New-Papers\Frontiers\Codes\data\sim\sequences\seq_000000.npz"
3,seq_|sequences_dir,D:\47\472\New-Papers\GIS\Codes\data\sim\metadata.csv,data\sim\metadata.csv,"seq_000001,2097446776,1.256947636604309,0.12770695984363556,0.04988883063197136,D:\47\472\New-Papers\Frontiers\Codes\data\sim\sequences\seq_000001.npz"
4,seq_|sequences_dir,D:\47\472\New-Papers\GIS\Codes\data\sim\metadata.csv,data\sim\metadata.csv,"seq_000002,2121586239,1.2113215923309326,0.2143273502588272,0.0029093585908412933,D:\47\472\New-Papers\Frontiers\Codes\data\sim\sequences\seq_000002.npz"
5,seq_|sequences_dir,D:\47\472\New-Papers\GIS\Codes\data\sim\metadata.csv,data\sim\metadata.csv,"seq_000003,816464123,1.2391399145126343,0.02123384363949299,0.05467250570654869,D:\47\472\New-Papers\Frontiers\Codes\data\sim\sequences\seq_000003.npz"
6,seq_|sequences_dir,D:\47\472\New-Papers\GIS\Codes\data\sim\metadata.csv,data\sim\metadata.csv,"seq_000004,367992409,1.268934965133667,0.0520707406103611,0.050787534564733505,D:\47\472\New-Papers\Frontiers\Codes\data\sim\sequences\seq_000004.npz"
7,seq_|sequences_dir,D:\47\472\New-Papers\GIS\Codes\data\sim\metadata.csv,data\sim\metadata.csv,"seq_000005,1982656189,0.9426007270812988,0.29518988728523254,0.007849318906664848,D:\47\472\New-Papers\Frontiers\Codes\data\sim\sequences\seq_000005.npz"
8,seq_|sequences_dir,D:\47\472\New-Papers\GIS\Codes\data\sim\metadata.csv,data\sim\metadata.csv,"seq_000006,225255238,0.9960834383964539,0.07366520911455154,0.0481109619140625,D:\47\472\New-Papers\Frontiers\Codes\data\sim\sequences\seq_000006.npz"
9,seq_|sequences_dir,D:\47\472\New-Papers\GIS\Codes\data\sim\metadata.csv,data\sim\metadata.csv,"seq_000007,561980200,1.3852753639221191,0.14616091549396515,0.02179279737174511,D:\47\472\New-Papers\Frontiers\Codes\data\sim\sequences\seq_000007.npz"
10,seq_|sequences_dir,D:\47\472\New-Papers\GIS\Codes\data\sim\metadata.csv,data\sim\metadata.csv,"seq_000008,298028865,1.2739454507827759,0.22237028181552887,0.01219872571527958,D:\47\472\New-Papers\Frontiers\Codes\data\sim\sequences\seq_000008.npz"
11,seq_|sequences_dir,D:\47\472\New-Papers\GIS\Codes\data\sim\metadata.csv,data\sim\metadata.csv,"seq_000009,685255714,1.1433424949645996,0.08349870890378952,0.055252112448215485,D:\47\472\New-Papers\Frontiers\Codes\data\sim\sequences\seq_000009.npz"
12,seq_|sequences_dir,D:\47\472\New-Papers\GIS\Codes\data\sim\metadata.csv,data\sim\metadata.csv,"seq_000010,1151155068,1.1511088609695435,0.34526219964027405,0.027567032724618912,D:\47\472\New-Papers\Frontiers\Codes\data\sim\sequences\seq_000010.npz"
13,seq_|sequences_dir,D:\47\472\New-Papers\GIS\Codes\data\sim\metadata.csv,data\sim\metadata.csv,"seq_000011,253598991,1.0381696224212646,0.08356625586748123,0.049223050475120544,D:\47\472\New-Papers\Frontiers\Codes\data\sim\sequences\seq_000011.npz"
14,seq_|sequences_dir,D:\47\472\New-Papers\GIS\Codes\data\sim\metadata.csv,data\sim\metadata.csv,"seq_000012,1709091010,0.9495834708213806,0.3363509476184845,0.004375031683593988,D:\47\472\New-Papers\Frontiers\Codes\data\sim\sequences\seq_000012.npz"
15,seq_|sequences_dir,D:\47\472\New-Papers\GIS\Codes\data\sim\metadata.csv,data\sim\metadata.csv,"seq_000013,519189160,0.8000837564468384,0.33644941449165344,0.016361109912395477,D:\47\472\New-Papers\Frontiers\Codes\data\sim\sequences\seq_000013.npz"
16,seq_|sequences_dir,D:\47\472\New-Papers\GIS\Codes\data\sim\metadata.csv,data\sim\metadata.csv,"seq_000014,1688041804,1.2745150327682495,0.07259516417980194,0.024138567969202995,D:\47\472\New-Papers\Frontiers\Codes\data\sim\sequences\seq_000014.npz"
17,seq_|sequences_dir,D:\47\472\New-Papers\GIS\Codes\data\sim\metadata.csv,data\sim\metadata.csv,"seq_000015,684046402,0.9782142043113708,0.3380890488624573,0.0013669567415490746,D:\47\472\New-Papers\Frontiers\Codes\data\sim\sequences\seq_000015.npz"
18,seq_|sequences_dir,D:\47\472\New-Papers\GIS\Codes\data\sim\metadata.csv,data\sim\metadata.csv,"seq_000016,1704011245,1.2743513584136963,0.20533180236816406,0.0636662170290947,D:\47\472\New-Papers\Frontiers\Codes\data\sim\sequences\seq_000016.npz"
19,seq_|sequences_dir,D:\47\472\New-Papers\GIS\Codes\data\sim\metadata.csv,data\sim\metadata.csv,"seq_000017,2070344413,0.952673077583313,0.3334907293319702,0.00044383248314261436,D:\47\472\New-Papers\Frontiers\Codes\data\sim\sequences\seq_000017.npz"
20,seq_|sequences_dir,D:\47\472\New-Papers\GIS\Codes\data\sim\metadata.csv,data\sim\metadata.csv,"seq_000018,2057996156,1.0171613693237305,0.14342494308948517,0.09501679986715317,D:\47\472\New-Papers\Frontiers\Codes\data\sim\sequences\seq_000018.npz"
21,seq_|sequences_dir,D:\47\472\New-Papers\GIS\Codes\data\sim\metadata.csv,data\sim\metadata.csv,"seq_000019,566183642,1.1833505630493164,0.2234497368335724,0.07785829901695251,D:\47\472\New-Papers\Frontiers\Codes\data\sim\sequences\seq_000019.npz"
22,seq_|sequences_dir,D:\47\472\New-Papers\GIS\Codes\data\sim\metadata.csv,data\sim\metadata.csv,"seq_000020,1193176983,0.8545838594436646,0.2747625410556793,0.00874356273561716,D:\47\472\New-Papers\Frontiers\Codes\data\sim\sequences\seq_000020.npz"
23,seq_|sequences_dir,D:\47\472\New-Papers\GIS\Codes\data\sim\metadata.csv,data\sim\metadata.csv,"seq_000021,947053435,0.9981678128242493,0.3399973511695862,0.06874999403953552,D:\47\472\New-Papers\Frontiers\Codes\data\sim\sequences\seq_000021.npz"
24,seq_|sequences_dir,D:\47\472\New-Papers\GIS\Codes\data\sim\metadata.csv,data\sim\metadata.csv,"seq_000022,547003392,0.9839304089546204,0.12423645704984665,0.018620919436216354,D:\47\472\New-Papers\Frontiers\Codes\data\sim\sequences\seq_000022.npz"
25,seq_|sequences_dir,D:\47\472\New-Papers\GIS\Codes\data\sim\metadata.csv,data\sim\metadata.csv,"seq_000023,1309687589,1.1276668310165405,0.3381047248840332,0.028950728476047516,D:\47\472\New-Papers\Frontiers\Codes\data\sim\sequences\seq_000023.npz"
26,seq_|sequences_dir,D:\47\472\New-Papers\GIS\Codes\data\sim\metadata.csv,data\sim\metadata.csv,"seq_000024,1926505261,1.0211809873580933,0.03066687472164631,0.0028547802940011024,D:\47\472\New-Papers\Frontiers\Codes\data\sim\sequences\seq_000024.npz"
27,seq_|sequences_dir,D:\47\472\New-Papers\GIS\Codes\data\sim\metadata.csv,data\sim\metadata.csv,"seq_000025,1854612611,1.2125110626220703,0.12636972963809967,0.03359905630350113,D:\47\472\New-Papers\Frontiers\Codes\data\sim\sequences\seq_000025.npz"
28,seq_|sequences_dir,D:\47\472\New-Papers\GIS\Codes\data\sim\metadata.csv,data\sim\metadata.csv,"seq_000026,1387222073,0.9032015204429626,0.19748727977275848,0.017408443614840508,D:\47\472\New-Papers\Frontiers\Codes\data\sim\sequences\seq_000026.npz"
29,seq_|sequences_dir,D:\47\472\New-Papers\GIS\Codes\data\sim\metadata.csv,data\sim\metadata.csv,"seq_000027,1854905472,0.9029915928840637,0.2214425951242447,6.46870830678381e-05,D:\47\472\New-Papers\Frontiers\Codes\data\sim\sequences\seq_000027.npz"
30,seq_|sequences_dir,D:\47\472\New-Papers\GIS\Codes\data\sim\metadata.csv,data\sim\metadata.csv,"seq_000028,1113402597,1.1799403429031372,0.25063174962997437,0.044129833579063416,D:\47\472\New-Papers\Frontiers\Codes\data\sim\sequences\seq_000028.npz"
31,seq_|sequences_dir,D:\47\472\New-Papers\GIS\Codes\data\sim\metadata.csv,data\sim\metadata.csv,"seq_000029,1449296583,0.8863927125930786,0.12146373093128204,0.09363031387329102,D:\47\472\New-Papers\Frontiers\Codes\data\sim\sequences\seq_000029.npz"
32,seq_|sequences_dir,D:\47\472\New-Papers\GIS\Codes\data\sim\metadata.csv,data\sim\metadata.csv,"seq_000030,2051021141,1.198885440826416,0.11613795906305313,0.08841346204280853,D:\47\472\New-Papers\Frontiers\Codes\data\sim\sequences\seq_000030.npz"
33,seq_|sequences_dir,D:\47\472\New-Papers\GIS\Codes\data\sim\metadata.csv,data\sim\metadata.csv,"seq_000031,1417069370,1.3466047048568726,0.13469785451889038,0.05214914306998253,D:\47\472\New-Papers\Frontiers\Codes\data\sim\sequences\seq_000031.npz"
34,seq_|sequences_dir,D:\47\472\New-Papers\GIS\Codes\data\sim\metadata.csv,data\sim\metadata.csv,"seq_000032,101487543,1.0057450532913208,0.024725554510951042,0.09955833852291107,D:\47\472\New-Papers\Frontiers\Codes\data\sim\sequences\seq_000032.npz"
35,seq_|sequences_dir,D:\47\472\New-Papers\GIS\Codes\data\sim\metadata.csv,data\sim\metadata.csv,"seq_000033,1580027625,0.8297961950302124,0.13042692840099335,0.024628911167383194,D:\47\472\New-Papers\Frontiers\Codes\data\sim\sequences\seq_000033.npz"
36,seq_|sequences_dir,D:\47\472\New-Papers\GIS\Codes\data\sim\metadata.csv,data\sim\metadata.csv,"seq_000034,1586287864,1.0090335607528687,0.23705975711345673,0.06429662555456161,D:\47\472\New-Papers\Frontiers\Codes\data\sim\sequences\seq_000034.npz"
37,seq_|sequences_dir,D:\47\472\New-Papers\GIS\Codes\data\sim\metadata.csv,data\sim\metadata.csv,"seq_000035,478359837,1.2314883470535278,0.02468300051987171,0.02698465622961521,D:\47\472\New-Papers\Frontiers\Codes\data\sim\sequences\seq_000035.npz"
38,seq_|sequences_dir,D:\47\472\New-Papers\GIS\Codes\data\sim\metadata.csv,data\sim\metadata.csv,"seq_000036,1862054947,1.379553198814392,0.11901693046092987,0.011043725535273552,D:\47\472\New-Papers\Frontiers\Codes\data\sim\sequences\seq_000036.npz"
39,seq_|sequences_dir,D:\47\472\New-Papers\GIS\Codes\data\sim\metadata.csv,data\sim\metadata.csv,"seq_000037,369509317,1.1832146644592285,0.22496463358402252,0.09942640364170074,D:\47\472\New-Papers\Frontiers\Codes\data\sim\sequences\seq_000037.npz"
40,seq_|sequences_dir,D:\47\472\New-Papers\GIS\Codes\data\sim\metadata.csv,data\sim\metadata.csv,"seq_000038,1693758289,1.3225829601287842,0.28108784556388855,0.08055076003074646,D:\47\472\New-Papers\Frontiers\Codes\data\sim\sequences\seq_000038.npz"
41,seq_|sequences_dir,D:\47\472\New-Papers\GIS\Codes\data\sim\metadata.csv,data\sim\metadata.csv,"seq_000039,1869201919,1.181283950805664,0.08432011306285858,0.0949791967868805,D:\47\472\New-Papers\Frontiers\Codes\data\sim\sequences\seq_000039.npz"
42,seq_|sequences_dir,D:\47\472\New-Papers\GIS\Codes\data\sim\metadata.csv,data\sim\metadata.csv,"seq_000040,1036897054,0.9223626852035522,0.007307552732527256,0.09876511991024017,D:\47\472\New-Papers\Frontiers\Codes\data\sim\sequences\seq_000040.npz"
43,seq_|sequences_dir,D:\47\472\New-Papers\GIS\Codes\data\sim\metadata.csv,data\sim\metadata.csv,"seq_000041,129146783,1.2921186685562134,0.3049294054508209,0.08477911353111267,D:\47\472\New-Papers\Frontiers\Codes\data\sim\sequences\seq_000041.npz"
44,seq_|sequences_dir,D:\47\472\New-Papers\GIS\Codes\data\sim\metadata.csv,data\sim\metadata.csv,"seq_000042,348608485,1.1215208768844604,0.08745662868022919,0.07539312541484833,D:\47\472\New-Papers\Frontiers\Codes\data\sim\sequences\seq_000042.npz"
45,seq_|sequences_dir,D:\47\472\New-Papers\GIS\Codes\data\sim\metadata.csv,data\sim\metadata.csv,"seq_000043,1468210751,0.9422464370727539,0.06301657855510712,0.07553621381521225,D:\47\472\New-Papers\Frontiers\Codes\data\sim\sequences\seq_000043.npz"
46,seq_|sequences_dir,D:\47\472\New-Papers\GIS\Codes\data\sim\metadata.csv,data\sim\metadata.csv,"seq_000044,89257227,0.905543863773346,0.30773597955703735,0.08631013333797455,D:\47\472\New-Papers\Frontiers\Codes\data\sim\sequences\seq_000044.npz"
47,seq_|sequences_dir,D:\47\472\New-Papers\GIS\Codes\data\sim\metadata.csv,data\sim\metadata.csv,"seq_000045,1441472669,0.8227388262748718,0.21652626991271973,0.0929311215877533,D:\47\472\New-Papers\Frontiers\Codes\data\sim\sequences\seq_000045.npz"
48,seq_|sequences_dir,D:\47\472\New-Papers\GIS\Codes\data\sim\metadata.csv,data\sim\metadata.csv,"seq_000046,300078609,1.2737258672714233,0.09318122267723083,0.02184893935918808,D:\47\472\New-Papers\Frontiers\Codes\data\sim\sequences\seq_000046.npz"
49,seq_|sequences_dir,D:\47\472\New-Papers\GIS\Codes\data\sim\metadata.csv,data\sim\metadata.csv,"seq_000047,1312151122,0.9857739210128784,0.2566070258617401,0.015925053507089615,D:\47\472\New-Papers\Frontiers\Codes\data\sim\sequences\seq_000047.npz"
50,seq_|sequences_dir,D:\47\472\New-Papers\GIS\Codes\data\sim\metadata.csv,data\sim\metadata.csv,"seq_000048,1178406769,1.2271428108215332,0.09571055322885513,0.0008541529532521963,D:\47\472\New-Papers\Frontiers\Codes\data\sim\sequences\seq_000048.npz"
51,seq_|sequences_dir,D:\47\472\New-Papers\GIS\Codes\data\sim\metadata.csv,data\sim\metadata.csv,"seq_000049,129143895,1.0514092445373535,0.06197492778301239,0.08367618173360825,D:\47\472\New-Papers\Frontiers\Codes\data\sim\sequences\seq_000049.npz"
52,seq_|sequences_dir,D:\47\472\New-Papers\GIS\Codes\data\sim\metadata.csv,data\sim\metadata.csv,"seq_000050,383297718,1.3041146993637085,0.09026282280683517,0.022611306980252266,D:\47\472\New-Papers\Frontiers\Codes\data\sim\sequences\seq_000050.npz"
53,seq_|sequences_dir,D:\47\472\New-Papers\GIS\Codes\data\sim\metadata.csv,data\sim\metadata.csv,"seq_000051,2099743525,1.1820377111434937,0.015957996249198914,0.0700492337346077,D:\47\472\New-Papers\Frontiers\Codes\data\sim\sequences\seq_000051.npz"
54,seq_|sequences_dir,D:\47\472\New-Papers\GIS\Codes\data\sim\metadata.csv,data\sim\metadata.csv,"seq_000052,866354994,1.222565770149231,0.26879408955574036,0.003778190119192004,D:\47\472\New-Papers\Frontiers\Codes\data\sim\sequences\seq_000052.npz"
55,seq_|sequences_dir,D:\47\472\New-Papers\GIS\Codes\data\sim\metadata.csv,data\sim\metadata.csv,"seq_000053,942641440,1.0543670654296875,0.14768126606941223,0.01562575064599514,D:\47\472\New-Papers\Frontiers\Codes\data\sim\sequences\seq_000053.npz"
56,seq_|sequences_dir,D:\47\472\New-Papers\GIS\Codes\data\sim\metadata.csv,data\sim\metadata.csv,"seq_000054,973428785,1.2087301015853882,0.14524532854557037,0.020987410098314285,D:\47\472\New-Papers\Frontiers\Codes\data\sim\sequences\seq_000054.npz"
57,seq_|sequences_dir,D:\47\472\New-Papers\GIS\Codes\data\sim\metadata.csv,data\sim\metadata.csv,"seq_000055,1143739098,1.0812569856643677,0.0015239845961332321,0.03309670835733414,D:\47\472\New-Papers\Frontiers\Codes\data\sim\sequences\seq_000055.npz"
58,seq_|sequences_dir,D:\47\472\New-Papers\GIS\Codes\data\sim\metadata.csv,data\sim\metadata.csv,"seq_000056,414567853,1.165247917175293,0.20839790999889374,0.08171271532773972,D:\47\472\New-Papers\Frontiers\Codes\data\sim\sequences\seq_000056.npz"
59,seq_|sequences_dir,D:\47\472\New-Papers\GIS\Codes\data\sim\metadata.csv,data\sim\metadata.csv,"seq_000057,6726535,0.9354630708694458,0.292459636926651,0.021144365891814232,D:\47\472\New-Papers\Frontiers\Codes\data\sim\sequences\seq_000057.npz"
60,seq_|sequences_dir,D:\47\472\New-Papers\GIS\Codes\data\sim\metadata.csv,data\sim\metadata.csv,"seq_000058,1386703661,1.341176152229309,0.10476424545049667,0.08588506281375885,D:\47\472\New-Papers\Frontiers\Codes\data\sim\sequences\seq_000058.npz"
61,seq_|sequences_dir,D:\47\472\New-Papers\GIS\Codes\data\sim\metadata.csv,data\sim\metadata.csv,"seq_000059,539591999,1.12308931350708,0.11349035054445267,0.09874916076660156,D:\47\472\New-Papers\Frontiers\Codes\data\sim\sequences\seq_000059.npz"
62,seq_|sequences_dir,D:\47\472\New-Papers\GIS\Codes\data\sim\metadata.csv,data\sim\metadata.csv,"seq_000060,1412280717,0.937975287437439,0.21251770853996277,0.03314865007996559,D:\47\472\New-Papers\Frontiers\Codes\data\sim\sequences\seq_000060.npz"
63,seq_|sequences_dir,D:\47\472\New-Papers\GIS\Codes\data\sim\metadata.csv,data\sim\metadata.csv,"seq_000061,1843594175,0.8832371830940247,0.148421511054039,0.046084560453891754,D:\47\472\New-Papers\Frontiers\Codes\data\sim\sequences\seq_000061.npz"
64,seq_|sequences_dir,D:\47\472\New-Papers\GIS\Codes\data\sim\metadata.csv,data\sim\metadata.csv,"seq_000062,925365952,1.2893790006637573,0.28111809492111206,0.06662002205848694,D:\47\472\New-Papers\Frontiers\Codes\data\sim\sequences\seq_000062.npz"
65,seq_|sequences_dir,D:\47\472\New-Papers\GIS\Codes\data\sim\metadata.csv,data\sim\metadata.csv,"seq_000063,913321254,1.1486479043960571,0.17262667417526245,0.036728352308273315,D:\47\472\New-Papers\Frontiers\Codes\data\sim\sequences\seq_000063.npz"
66,seq_|sequences_dir,D:\47\472\New-Papers\GIS\Codes\data\sim\metadata.csv,data\sim\metadata.csv,"seq_000064,377934397,0.9068941473960876,0.2927379906177521,0.03567381948232651,D:\47\472\New-Papers\Frontiers\Codes\data\sim\sequences\seq_000064.npz"
67,seq_|sequences_dir,D:\47\472\New-Papers\GIS\Codes\data\sim\metadata.csv,data\sim\metadata.csv,"seq_000065,1580159256,0.9103425741195679,0.08308396488428116,0.06088486686348915,D:\47\472\New-Papers\Frontiers\Codes\data\sim\sequences\seq_000065.npz"
68,seq_|sequences_dir,D:\47\472\New-Papers\GIS\Codes\data\sim\metadata.csv,data\sim\metadata.csv,"seq_000066,1500877065,0.9075226187705994,0.17861472070217133,0.09457290917634964,D:\47\472\New-Papers\Frontiers\Codes\data\sim\sequences\seq_000066.npz"
69,seq_|sequences_dir,D:\47\472\New-Papers\GIS\Codes\data\sim\metadata.csv,data\sim\metadata.csv,"seq_000067,1980072729,0.8263316750526428,0.07718540728092194,0.020016686990857124,D:\47\472\New-Papers\Frontiers\Codes\data\sim\sequences\seq_000067.npz"
70,seq_|sequences_dir,D:\47\472\New-Papers\GIS\Codes\data\sim\metadata.csv,data\sim\metadata.csv,"seq_000068,1666370531,1.357067584991455,0.1328849196434021,0.05142609775066376,D:\47\472\New-Papers\Frontiers\Codes\data\sim\sequences\seq_000068.npz"
71,seq_|sequences_dir,D:\47\472\New-Papers\GIS\Codes\data\sim\metadata.csv,data\sim\metadata.csv,"seq_000069,329583272,0.9740155339241028,0.33530399203300476,0.015004942193627357,D:\47\472\New-Papers\Frontiers\Codes\data\sim\sequences\seq_000069.npz"
72,seq_|sequences_dir,D:\47\472\New-Papers\GIS\Codes\data\sim\metadata.csv,data\sim\metadata.csv,"seq_000070,1725467126,1.1722438335418701,0.05948270112276077,0.05513106659054756,D:\47\472\New-Papers\Frontiers\Codes\data\sim\sequences\seq_000070.npz"
73,seq_|sequences_dir,D:\47\472\New-Papers\GIS\Codes\data\sim\metadata.csv,data\sim\metadata.csv,"seq_000071,2130860468,0.9199134111404419,0.02225080318748951,0.09989570081233978,D:\47\472\New-Papers\Frontiers\Codes\data\sim\sequences\seq_000071.npz"
74,seq_|sequences_dir,D:\47\472\New-Papers\GIS\Codes\data\sim\metadata.csv,data\sim\metadata.csv,"seq_000072,768001753,1.1768096685409546,0.30616506934165955,0.07996317744255066,D:\47\472\New-Papers\Frontiers\Codes\data\sim\sequences\seq_000072.npz"
75,seq_|sequences_dir,D:\47\472\New-Papers\GIS\Codes\data\sim\metadata.csv,data\sim\metadata.csv,"seq_000073,391554521,1.3742263317108154,0.2798694968223572,0.09559042751789093,D:\47\472\New-Papers\Frontiers\Codes\data\sim\sequences\seq_000073.npz"
76,seq_|sequences_dir,D:\47\472\New-Papers\GIS\Codes\data\sim\metadata.csv,data\sim\metadata.csv,"seq_000074,1829539479,1.0012387037277222,0.06776662915945053,0.07809770107269287,D:\47\472\New-Papers\Frontiers\Codes\data\sim\sequences\seq_000074.npz"
77,seq_|sequences_dir,D:\47\472\New-Papers\GIS\Codes\data\sim\metadata.csv,data\sim\metadata.csv,"seq_000075,2018877083,1.3187068700790405,0.14338146150112152,0.016958247870206833,D:\47\472\New-Papers\Frontiers\Codes\data\sim\sequences\seq_000075.npz"
78,seq_|sequences_dir,D:\47\472\New-Papers\GIS\Codes\data\sim\metadata.csv,data\sim\metadata.csv,"seq_000076,2093573588,1.2679640054702759,0.022181646898388863,0.06375584006309509,D:\47\472\New-Papers\Frontiers\Codes\data\sim\sequences\seq_000076.npz"
79,seq_|sequences_dir,D:\47\472\New-Papers\GIS\Codes\data\sim\metadata.csv,data\sim\metadata.csv,"seq_000077,186579939,0.8653308153152466,0.04197751358151436,0.08505874127149582,D:\47\472\New-Papers\Frontiers\Codes\data\sim\sequences\seq_000077.npz"
80,seq_|sequences_dir,D:\47\472\New-Papers\GIS\Codes\data\sim\metadata.csv,data\sim\metadata.csv,"seq_000078,1887561680,1.2960169315338135,0.29971471428871155,0.036030739545822144,D:\47\472\New-Papers\Frontiers\Codes\data\sim\sequences\seq_000078.npz"
81,seq_|sequences_dir,D:\47\472\New-Papers\GIS\Codes\data\sim\metadata.csv,data\sim\metadata.csv,"seq_000079,1005474853,1.1923969984054565,0.30891141295433044,0.04064185917377472,D:\47\472\New-Papers\Frontiers\Codes\data\sim\sequences\seq_000079.npz"
82,seq_|sequences_dir,D:\47\472\New-Papers\GIS\Codes\data\sim\metadata.csv,data\sim\metadata.csv,"seq_000080,927209518,0.8376967906951904,0.3351176381111145,0.09852344542741776,D:\47\472\New-Papers\Frontiers\Codes\data\sim\sequences\seq_000080.npz"
83,seq_|sequences_dir,D:\47\472\New-Papers\GIS\Codes\data\sim\metadata.csv,data\sim\metadata.csv,"seq_000081,1780240750,0.9883927702903748,0.13423548638820648,0.034190304577350616,D:\47\472\New-Papers\Frontiers\Codes\data\sim\sequences\seq_000081.npz"
84,seq_|sequences_dir,D:\47\472\New-Papers\GIS\Codes\data\sim\metadata.csv,data\sim\metadata.csv,"seq_000082,1943969432,0.951781690120697,0.25337475538253784,0.0026341998018324375,D:\47\472\New-Papers\Frontiers\Codes\data\sim\sequences\seq_000082.npz"
85,seq_|sequences_dir,D:\47\472\New-Papers\GIS\Codes\data\sim\metadata.csv,data\sim\metadata.csv,"seq_000083,603555138,1.185312271118164,0.21131061017513275,0.07192295789718628,D:\47\472\New-Papers\Frontiers\Codes\data\sim\sequences\seq_000083.npz"
86,seq_|sequences_dir,D:\47\472\New-Papers\GIS\Codes\data\sim\metadata.csv,data\sim\metadata.csv,"seq_000084,1632314064,1.3159613609313965,0.31515011191368103,0.008444180712103844,D:\47\472\New-Papers\Frontiers\Codes\data\sim\sequences\seq_000084.npz"
87,seq_|sequences_dir,D:\47\472\New-Papers\GIS\Codes\data\sim\metadata.csv,data\sim\metadata.csv,"seq_000085,1866359807,0.8307343125343323,0.22183889150619507,0.036127567291259766,D:\47\472\New-Papers\Frontiers\Codes\data\sim\sequences\seq_000085.npz"
88,seq_|sequences_dir,D:\47\472\New-Papers\GIS\Codes\data\sim\metadata.csv,data\sim\metadata.csv,"seq_000086,1858296263,0.935068666934967,0.11890207976102829,0.06858756393194199,D:\47\472\New-Papers\Frontiers\Codes\data\sim\sequences\seq_000086.npz"
89,seq_|sequences_dir,D:\47\472\New-Papers\GIS\Codes\data\sim\metadata.csv,data\sim\metadata.csv,"seq_000087,2096838625,1.3008760213851929,0.3347622752189636,0.05038600414991379,D:\47\472\New-Papers\Frontiers\Codes\data\sim\sequences\seq_000087.npz"
90,seq_|sequences_dir,D:\47\472\New-Papers\GIS\Codes\data\sim\metadata.csv,data\sim\metadata.csv,"seq_000088,707707778,1.2096662521362305,0.11119366437196732,0.032978471368551254,D:\47\472\New-Papers\Frontiers\Codes\data\sim\sequences\seq_000088.npz"
91,seq_|sequences_dir,D:\47\472\New-Papers\GIS\Codes\data\sim\metadata.csv,data\sim\metadata.csv,"seq_000089,1807566314,1.3047542572021484,0.29277563095092773,0.058415014296770096,D:\47\472\New-Papers\Frontiers\Codes\data\sim\sequences\seq_000089.npz"
92,seq_|sequences_dir,D:\47\472\New-Papers\GIS\Codes\data\sim\metadata.csv,data\sim\metadata.csv,"seq_000090,913214295,1.086050033569336,0.33827701210975647,0.027305858209729195,D:\47\472\New-Papers\Frontiers\Codes\data\sim\sequences\seq_000090.npz"
93,seq_|sequences_dir,D:\47\472\New-Papers\GIS\Codes\data\sim\metadata.csv,data\sim\metadata.csv,"seq_000091,963948716,1.3335115909576416,0.2543812394142151,0.017984949052333832,D:\47\472\New-Papers\Frontiers\Codes\data\sim\sequences\seq_000091.npz"
94,seq_|sequences_dir,D:\47\472\New-Papers\GIS\Codes\data\sim\metadata.csv,data\sim\metadata.csv,"seq_000092,1626547649,1.1633931398391724,0.33210816979408264,0.08927403390407562,D:\47\472\New-Papers\Frontiers\Codes\data\sim\sequences\seq_000092.npz"
95,seq_|sequences_dir,D:\47\472\New-Papers\GIS\Codes\data\sim\metadata.csv,data\sim\metadata.csv,"seq_000093,795660793,1.3074029684066772,0.014330682344734669,0.0375482514500618,D:\47\472\New-Papers\Frontiers\Codes\data\sim\sequences\seq_000093.npz"
96,seq_|sequences_dir,D:\47\472\New-Papers\GIS\Codes\data\sim\metadata.csv,data\sim\metadata.csv,"seq_000094,1617523540,1.263079285621643,0.24207890033721924,0.029386304318904877,D:\47\472\New-Papers\Frontiers\Codes\data\sim\sequences\seq_000094.npz"
97,seq_|sequences_dir,D:\47\472\New-Papers\GIS\Codes\data\sim\metadata.csv,data\sim\metadata.csv,"seq_000095,1036524722,1.375153660774231,0.33978843688964844,0.08821335434913635,D:\47\472\New-Papers\Frontiers\Codes\data\sim\sequences\seq_000095.npz"
98,seq_|sequences_dir,D:\47\472\New-Papers\GIS\Codes\data\sim\metadata.csv,data\sim\metadata.csv,"seq_000096,17296264,1.0207509994506836,0.32340899109840393,0.06320265680551529,D:\47\472\New-Papers\Frontiers\Codes\data\sim\sequences\seq_000096.npz"
99,seq_|sequences_dir,D:\47\472\New-Papers\GIS\Codes\data\sim\metadata.csv,data\sim\metadata.csv,"seq_000097,197958364,0.8806352615356445,0.1478816121816635,0.09227919578552246,D:\47\472\New-Papers\Frontiers\Codes\data\sim\sequences\seq_000097.npz"
100,seq_|sequences_dir,D:\47\472\New-Papers\GIS\Codes\data\sim\metadata.csv,data\sim\metadata.csv,"seq_000098,1640198371,0.8123493790626526,0.21721696853637695,0.016256799921393394,D:\47\472\New-Papers\Frontiers\Codes\data\sim\sequences\seq_000098.npz"
101,seq_|sequences_dir,D:\47\472\New-Papers\GIS\Codes\data\sim\metadata.csv,data\sim\metadata.csv,"seq_000099,486798260,1.1476658582687378,0.3461039662361145,0.0425972044467926,D:\47\472\New-Papers\Frontiers\Codes\data\sim\sequences\seq_000099.npz"
24,generate,D:\47\472\New-Papers\GIS\Codes\New_Branch\README.md,New_Branch\README.md,- Revised manuscript results must be generated from executable experiments.
27,sequences_dir,D:\47\472\New-Papers\GIS\Codes\New_Branch\experiments\01_core_validation\00_audit_dataset_locations.py,New_Branch\experiments\01_core_validation\00_audit_dataset_locations.py,"/ ""sequences"""
71,generate,D:\47\472\New-Papers\GIS\Codes\New_Branch\experiments\01_core_validation\00_audit_dataset_locations.py,New_Branch\experiments\01_core_validation\00_audit_dataset_locations.py,"# Search terms that may reveal where the full dataset was generated,"
74,10000,D:\47\472\New-Papers\GIS\Codes\New_Branch\experiments\01_core_validation\00_audit_dataset_locations.py,New_Branch\experiments\01_core_validation\00_audit_dataset_locations.py,"""10000"": re.compile(r""\b10000\b"", re.IGNORECASE),"
75,"10,000",D:\47\472\New-Papers\GIS\Codes\New_Branch\experiments\01_core_validation\00_audit_dataset_locations.py,New_Branch\experiments\01_core_validation\00_audit_dataset_locations.py,"""10,000"": re.compile(r""\b10,000\b"", re.IGNORECASE),"
76,sequences_dir,D:\47\472\New-Papers\GIS\Codes\New_Branch\experiments\01_core_validation\00_audit_dataset_locations.py,New_Branch\experiments\01_core_validation\00_audit_dataset_locations.py,"""sequence"": re.compile(r""\bsequences?\b"", re.IGNORECASE),"
79,sequences_dir,D:\47\472\New-Papers\GIS\Codes\New_Branch\experiments\01_core_validation\00_audit_dataset_locations.py,New_Branch\experiments\01_core_validation\00_audit_dataset_locations.py,"r""data[\\/]+sim[\\/]+sequences"","
599,sequences_dir,D:\47\472\New-Papers\GIS\Codes\New_Branch\experiments\01_core_validation\00_audit_dataset_locations.py,New_Branch\experiments\01_core_validation\00_audit_dataset_locations.py,"""sequence"","
600,sequences_dir,D:\47\472\New-Papers\GIS\Codes\New_Branch\experiments\01_core_validation\00_audit_dataset_locations.py,New_Branch\experiments\01_core_validation\00_audit_dataset_locations.py,"""sequences"","
602,simulation,D:\47\472\New-Papers\GIS\Codes\New_Branch\experiments\01_core_validation\00_audit_dataset_locations.py,New_Branch\experiments\01_core_validation\00_audit_dataset_locations.py,"""simulation"","
603,simulation,D:\47\472\New-Papers\GIS\Codes\New_Branch\experiments\01_core_validation\00_audit_dataset_locations.py,New_Branch\experiments\01_core_validation\00_audit_dataset_locations.py,"""simulations"","
606,generate,D:\47\472\New-Papers\GIS\Codes\New_Branch\experiments\01_core_validation\00_audit_dataset_locations.py,New_Branch\experiments\01_core_validation\00_audit_dataset_locations.py,"""generated"","
810,sequences_dir,D:\47\472\New-Papers\GIS\Codes\New_Branch\experiments\01_core_validation\00_audit_dataset_locations.py,New_Branch\experiments\01_core_validation\00_audit_dataset_locations.py,"""Does data\\sim\\sequences contain only 100 sequences?"","
821,10000,D:\47\472\New-Papers\GIS\Codes\New_Branch\experiments\01_core_validation\00_audit_dataset_locations.py,New_Branch\experiments\01_core_validation\00_audit_dataset_locations.py,elif expected_count == 10000:
825,"10,000|sequences_dir",D:\47\472\New-Papers\GIS\Codes\New_Branch\experiments\01_core_validation\00_audit_dataset_locations.py,New_Branch\experiments\01_core_validation\00_audit_dataset_locations.py,"""Does data\\sim\\sequences contain the full 10,000 sequences?"","
840,sequences_dir,D:\47\472\New-Papers\GIS\Codes\New_Branch\experiments\01_core_validation\00_audit_dataset_locations.py,New_Branch\experiments\01_core_validation\00_audit_dataset_locations.py,"""How many sequences are in data\\sim\\sequences?"","
870,10000,D:\47\472\New-Papers\GIS\Codes\New_Branch\experiments\01_core_validation\00_audit_dataset_locations.py,New_Branch\experiments\01_core_validation\00_audit_dataset_locations.py,"if row[""npz_count""] == 10000"
877,"10,000|sequences_dir",D:\47\472\New-Papers\GIS\Codes\New_Branch\experiments\01_core_validation\00_audit_dataset_locations.py,New_Branch\experiments\01_core_validation\00_audit_dataset_locations.py,"""Do 10,000 NPZ sequences exist elsewhere?"","
912,"10,000|sequences_dir",D:\47\472\New-Papers\GIS\Codes\New_Branch\experiments\01_core_validation\00_audit_dataset_locations.py,New_Branch\experiments\01_core_validation\00_audit_dataset_locations.py,"""Do 10,000 NPZ sequences exist elsewhere under Codes?"","
917,"10,000",D:\47\472\New-Papers\GIS\Codes\New_Branch\experiments\01_core_validation\00_audit_dataset_locations.py,New_Branch\experiments\01_core_validation\00_audit_dataset_locations.py,"""No directory containing 10,000 NPZ files """
983,10000,D:\47\472\New-Papers\GIS\Codes\New_Branch\experiments\01_core_validation\00_audit_dataset_locations.py,New_Branch\experiments\01_core_validation\00_audit_dataset_locations.py,"""10000"""
987,"10,000",D:\47\472\New-Papers\GIS\Codes\New_Branch\experiments\01_core_validation\00_audit_dataset_locations.py,New_Branch\experiments\01_core_validation\00_audit_dataset_locations.py,"or ""10,000"""
997,"10,000",D:\47\472\New-Papers\GIS\Codes\New_Branch\experiments\01_core_validation\00_audit_dataset_locations.py,New_Branch\experiments\01_core_validation\00_audit_dataset_locations.py,"""How many source/code/document references mention 10,000?"","
1038,sequences_dir,D:\47\472\New-Papers\GIS\Codes\New_Branch\experiments\01_core_validation\00_audit_dataset_locations.py,New_Branch\experiments\01_core_validation\00_audit_dataset_locations.py,"""Expected training sequence directory:"""
21,seq_,D:\47\472\New-Papers\GIS\Codes\New_Branch\experiments\01_core_validation\01_audit_generation_and_theta_split.py,New_Branch\experiments\01_core_validation\01_audit_generation_and_theta_split.py,SEQ_DIR = (
25,sequences_dir,D:\47\472\New-Papers\GIS\Codes\New_Branch\experiments\01_core_validation\01_audit_generation_and_theta_split.py,New_Branch\experiments\01_core_validation\01_audit_generation_and_theta_split.py,"/ ""sequences"""
32,generate,D:\47\472\New-Papers\GIS\Codes\New_Branch\experiments\01_core_validation\01_audit_generation_and_theta_split.py,New_Branch\experiments\01_core_validation\01_audit_generation_and_theta_split.py,"/ ""generation_and_theta_split"""
67,num_sequences,D:\47\472\New-Papers\GIS\Codes\New_Branch\experiments\01_core_validation\01_audit_generation_and_theta_split.py,New_Branch\experiments\01_core_validation\01_audit_generation_and_theta_split.py,"""num_sequences"": re.compile("
71,n_sequences,D:\47\472\New-Papers\GIS\Codes\New_Branch\experiments\01_core_validation\01_audit_generation_and_theta_split.py,New_Branch\experiments\01_core_validation\01_audit_generation_and_theta_split.py,"""n_sequences"": re.compile("
75,10000,D:\47\472\New-Papers\GIS\Codes\New_Branch\experiments\01_core_validation\01_audit_generation_and_theta_split.py,New_Branch\experiments\01_core_validation\01_audit_generation_and_theta_split.py,"""10000"": re.compile("
79,10_000,D:\47\472\New-Papers\GIS\Codes\New_Branch\experiments\01_core_validation\01_audit_generation_and_theta_split.py,New_Branch\experiments\01_core_validation\01_audit_generation_and_theta_split.py,"""10_000"": re.compile("
83,"10,000",D:\47\472\New-Papers\GIS\Codes\New_Branch\experiments\01_core_validation\01_audit_generation_and_theta_split.py,New_Branch\experiments\01_core_validation\01_audit_generation_and_theta_split.py,"""10,000"": re.compile("
88,10000,D:\47\472\New-Papers\GIS\Codes\New_Branch\experiments\01_core_validation\01_audit_generation_and_theta_split.py,New_Branch\experiments\01_core_validation\01_audit_generation_and_theta_split.py,"r""range\s*\(\s*10000\s*\)"","
91,theta,D:\47\472\New-Papers\GIS\Codes\New_Branch\experiments\01_core_validation\01_audit_generation_and_theta_split.py,New_Branch\experiments\01_core_validation\01_audit_generation_and_theta_split.py,"""theta"": re.compile("
95,seq_,D:\47\472\New-Papers\GIS\Codes\New_Branch\experiments\01_core_validation\01_audit_generation_and_theta_split.py,New_Branch\experiments\01_core_validation\01_audit_generation_and_theta_split.py,"""seq_"": re.compile("
99,generate,D:\47\472\New-Papers\GIS\Codes\New_Branch\experiments\01_core_validation\01_audit_generation_and_theta_split.py,New_Branch\experiments\01_core_validation\01_audit_generation_and_theta_split.py,"""generate"": re.compile("
103,simulation,D:\47\472\New-Papers\GIS\Codes\New_Branch\experiments\01_core_validation\01_audit_generation_and_theta_split.py,New_Branch\experiments\01_core_validation\01_audit_generation_and_theta_split.py,"""simulation"": re.compile("
111,savez_compressed,D:\47\472\New-Papers\GIS\Codes\New_Branch\experiments\01_core_validation\01_audit_generation_and_theta_split.py,New_Branch\experiments\01_core_validation\01_audit_generation_and_theta_split.py,"""savez_compressed"": re.compile("
121,generate,D:\47\472\New-Papers\GIS\Codes\New_Branch\experiments\01_core_validation\01_audit_generation_and_theta_split.py,New_Branch\experiments\01_core_validation\01_audit_generation_and_theta_split.py,GENERATOR_HINTS = {
122,generate,D:\47\472\New-Papers\GIS\Codes\New_Branch\experiments\01_core_validation\01_audit_generation_and_theta_split.py,New_Branch\experiments\01_core_validation\01_audit_generation_and_theta_split.py,"""generate"","
123,generate,D:\47\472\New-Papers\GIS\Codes\New_Branch\experiments\01_core_validation\01_audit_generation_and_theta_split.py,New_Branch\experiments\01_core_validation\01_audit_generation_and_theta_split.py,"""generator"","
124,simulation,D:\47\472\New-Papers\GIS\Codes\New_Branch\experiments\01_core_validation\01_audit_generation_and_theta_split.py,New_Branch\experiments\01_core_validation\01_audit_generation_and_theta_split.py,"""simulation"","
125,simulation,D:\47\472\New-Papers\GIS\Codes\New_Branch\experiments\01_core_validation\01_audit_generation_and_theta_split.py,New_Branch\experiments\01_core_validation\01_audit_generation_and_theta_split.py,"""simulate"","
127,sequences_dir,D:\47\472\New-Papers\GIS\Codes\New_Branch\experiments\01_core_validation\01_audit_generation_and_theta_split.py,New_Branch\experiments\01_core_validation\01_audit_generation_and_theta_split.py,"""sequence"","
222,generate,D:\47\472\New-Papers\GIS\Codes\New_Branch\experiments\01_core_validation\01_audit_generation_and_theta_split.py,New_Branch\experiments\01_core_validation\01_audit_generation_and_theta_split.py,# GENERATION PROVENANCE AUDIT
262,generate,D:\47\472\New-Papers\GIS\Codes\New_Branch\experiments\01_core_validation\01_audit_generation_and_theta_split.py,New_Branch\experiments\01_core_validation\01_audit_generation_and_theta_split.py,"print(""A. GENERATION PROVENANCE AUDIT"")"
369,generate,D:\47\472\New-Papers\GIS\Codes\New_Branch\experiments\01_core_validation\01_audit_generation_and_theta_split.py,New_Branch\experiments\01_core_validation\01_audit_generation_and_theta_split.py,for hint in GENERATOR_HINTS:
379,savez_compressed,D:\47\472\New-Papers\GIS\Codes\New_Branch\experiments\01_core_validation\01_audit_generation_and_theta_split.py,New_Branch\experiments\01_core_validation\01_audit_generation_and_theta_split.py,"or ""savez_compressed"""
387,num_sequences,D:\47\472\New-Papers\GIS\Codes\New_Branch\experiments\01_core_validation\01_audit_generation_and_theta_split.py,New_Branch\experiments\01_core_validation\01_audit_generation_and_theta_split.py,"if ""num_sequences"" in terms:"
390,num_sequences,D:\47\472\New-Papers\GIS\Codes\New_Branch\experiments\01_core_validation\01_audit_generation_and_theta_split.py,New_Branch\experiments\01_core_validation\01_audit_generation_and_theta_split.py,"""num_sequences"""
393,n_sequences,D:\47\472\New-Papers\GIS\Codes\New_Branch\experiments\01_core_validation\01_audit_generation_and_theta_split.py,New_Branch\experiments\01_core_validation\01_audit_generation_and_theta_split.py,"if ""n_sequences"" in terms:"
396,n_sequences,D:\47\472\New-Papers\GIS\Codes\New_Branch\experiments\01_core_validation\01_audit_generation_and_theta_split.py,New_Branch\experiments\01_core_validation\01_audit_generation_and_theta_split.py,"""n_sequences"""
400,10000,D:\47\472\New-Papers\GIS\Codes\New_Branch\experiments\01_core_validation\01_audit_generation_and_theta_split.py,New_Branch\experiments\01_core_validation\01_audit_generation_and_theta_split.py,"""10000"" in terms"
401,10_000,D:\47\472\New-Papers\GIS\Codes\New_Branch\experiments\01_core_validation\01_audit_generation_and_theta_split.py,New_Branch\experiments\01_core_validation\01_audit_generation_and_theta_split.py,"or ""10_000"" in terms"
402,"10,000",D:\47\472\New-Papers\GIS\Codes\New_Branch\experiments\01_core_validation\01_audit_generation_and_theta_split.py,New_Branch\experiments\01_core_validation\01_audit_generation_and_theta_split.py,"or ""10,000"" in terms"
410,theta,D:\47\472\New-Papers\GIS\Codes\New_Branch\experiments\01_core_validation\01_audit_generation_and_theta_split.py,New_Branch\experiments\01_core_validation\01_audit_generation_and_theta_split.py,"if ""theta"" in terms:"
413,theta,D:\47\472\New-Papers\GIS\Codes\New_Branch\experiments\01_core_validation\01_audit_generation_and_theta_split.py,New_Branch\experiments\01_core_validation\01_audit_generation_and_theta_split.py,"""theta"""
416,generate,D:\47\472\New-Papers\GIS\Codes\New_Branch\experiments\01_core_validation\01_audit_generation_and_theta_split.py,New_Branch\experiments\01_core_validation\01_audit_generation_and_theta_split.py,"if ""generate"" in terms:"
419,generate,D:\47\472\New-Papers\GIS\Codes\New_Branch\experiments\01_core_validation\01_audit_generation_and_theta_split.py,New_Branch\experiments\01_core_validation\01_audit_generation_and_theta_split.py,"""generate"""
422,simulation,D:\47\472\New-Papers\GIS\Codes\New_Branch\experiments\01_core_validation\01_audit_generation_and_theta_split.py,New_Branch\experiments\01_core_validation\01_audit_generation_and_theta_split.py,"if ""simulation"" in terms:"
425,simulation,D:\47\472\New-Papers\GIS\Codes\New_Branch\experiments\01_core_validation\01_audit_generation_and_theta_split.py,New_Branch\experiments\01_core_validation\01_audit_generation_and_theta_split.py,"""simulation"""
477,generate,D:\47\472\New-Papers\GIS\Codes\New_Branch\experiments\01_core_validation\01_audit_generation_and_theta_split.py,New_Branch\experiments\01_core_validation\01_audit_generation_and_theta_split.py,"""Top candidate generator files:"""
499,num_sequences|n_sequences,D:\47\472\New-Papers\GIS\Codes\New_Branch\experiments\01_core_validation\01_audit_generation_and_theta_split.py,New_Branch\experiments\01_core_validation\01_audit_generation_and_theta_split.py,"r""(?:num_sequences|n_sequences)"""
511,simulation|sequences_dir,D:\47\472\New-Papers\GIS\Codes\New_Branch\experiments\01_core_validation\01_audit_generation_and_theta_split.py,New_Branch\experiments\01_core_validation\01_audit_generation_and_theta_split.py,"r""(?:simulation\s+)?sequences?\b"","
573,theta,D:\47\472\New-Papers\GIS\Codes\New_Branch\experiments\01_core_validation\01_audit_generation_and_theta_split.py,New_Branch\experiments\01_core_validation\01_audit_generation_and_theta_split.py,# THETA / PARAMETER SPLIT AUDIT
580,theta,D:\47\472\New-Papers\GIS\Codes\New_Branch\experiments\01_core_validation\01_audit_generation_and_theta_split.py,New_Branch\experiments\01_core_validation\01_audit_generation_and_theta_split.py,"print(""B. THETA / PARAMETER-DISJOINT SPLIT AUDIT"")"
584,seq_,D:\47\472\New-Papers\GIS\Codes\New_Branch\experiments\01_core_validation\01_audit_generation_and_theta_split.py,New_Branch\experiments\01_core_validation\01_audit_generation_and_theta_split.py,"SEQ_DIR.glob(""*.npz"")"
590,seq_,D:\47\472\New-Papers\GIS\Codes\New_Branch\experiments\01_core_validation\01_audit_generation_and_theta_split.py,New_Branch\experiments\01_core_validation\01_audit_generation_and_theta_split.py,"f""{SEQ_DIR}"""
624,theta,D:\47\472\New-Papers\GIS\Codes\New_Branch\experiments\01_core_validation\01_audit_generation_and_theta_split.py,New_Branch\experiments\01_core_validation\01_audit_generation_and_theta_split.py,"if ""theta"" not in z:"
632,theta,D:\47\472\New-Papers\GIS\Codes\New_Branch\experiments\01_core_validation\01_audit_generation_and_theta_split.py,New_Branch\experiments\01_core_validation\01_audit_generation_and_theta_split.py,theta = np.asarray(
633,theta,D:\47\472\New-Papers\GIS\Codes\New_Branch\experiments\01_core_validation\01_audit_generation_and_theta_split.py,New_Branch\experiments\01_core_validation\01_audit_generation_and_theta_split.py,"z[""theta""],"
644,theta,D:\47\472\New-Papers\GIS\Codes\New_Branch\experiments\01_core_validation\01_audit_generation_and_theta_split.py,New_Branch\experiments\01_core_validation\01_audit_generation_and_theta_split.py,theta.shape
648,theta,D:\47\472\New-Papers\GIS\Codes\New_Branch\experiments\01_core_validation\01_audit_generation_and_theta_split.py,New_Branch\experiments\01_core_validation\01_audit_generation_and_theta_split.py,str(theta.shape)
652,theta,D:\47\472\New-Papers\GIS\Codes\New_Branch\experiments\01_core_validation\01_audit_generation_and_theta_split.py,New_Branch\experiments\01_core_validation\01_audit_generation_and_theta_split.py,theta
674,theta,D:\47\472\New-Papers\GIS\Codes\New_Branch\experiments\01_core_validation\01_audit_generation_and_theta_split.py,New_Branch\experiments\01_core_validation\01_audit_generation_and_theta_split.py,"""Theta shape counts:"","
749,theta,D:\47\472\New-Papers\GIS\Codes\New_Branch\experiments\01_core_validation\01_audit_generation_and_theta_split.py,New_Branch\experiments\01_core_validation\01_audit_generation_and_theta_split.py,"theta: np.ndarray,"
754,theta,D:\47\472\New-Papers\GIS\Codes\New_Branch\experiments\01_core_validation\01_audit_generation_and_theta_split.py,New_Branch\experiments\01_core_validation\01_audit_generation_and_theta_split.py,"theta,"
881,theta,D:\47\472\New-Papers\GIS\Codes\New_Branch\experiments\01_core_validation\01_audit_generation_and_theta_split.py,New_Branch\experiments\01_core_validation\01_audit_generation_and_theta_split.py,theta = theta_vector_from_row(
885,theta,D:\47\472\New-Papers\GIS\Codes\New_Branch\experiments\01_core_validation\01_audit_generation_and_theta_split.py,New_Branch\experiments\01_core_validation\01_audit_generation_and_theta_split.py,if theta is None:
889,theta,D:\47\472\New-Papers\GIS\Codes\New_Branch\experiments\01_core_validation\01_audit_generation_and_theta_split.py,New_Branch\experiments\01_core_validation\01_audit_generation_and_theta_split.py,theta
939,theta,D:\47\472\New-Papers\GIS\Codes\New_Branch\experiments\01_core_validation\01_audit_generation_and_theta_split.py,New_Branch\experiments\01_core_validation\01_audit_generation_and_theta_split.py,"""theta"":"
999,theta,D:\47\472\New-Papers\GIS\Codes\New_Branch\experiments\01_core_validation\01_audit_generation_and_theta_split.py,New_Branch\experiments\01_core_validation\01_audit_generation_and_theta_split.py,theta = theta_vector_from_row(
1003,theta,D:\47\472\New-Papers\GIS\Codes\New_Branch\experiments\01_core_validation\01_audit_generation_and_theta_split.py,New_Branch\experiments\01_core_validation\01_audit_generation_and_theta_split.py,if theta is not None:
1006,theta,D:\47\472\New-Papers\GIS\Codes\New_Branch\experiments\01_core_validation\01_audit_generation_and_theta_split.py,New_Branch\experiments\01_core_validation\01_audit_generation_and_theta_split.py,theta
1060,theta,D:\47\472\New-Papers\GIS\Codes\New_Branch\experiments\01_core_validation\01_audit_generation_and_theta_split.py,New_Branch\experiments\01_core_validation\01_audit_generation_and_theta_split.py,# distance interpretable across theta dimensions.
1237,generate,D:\47\472\New-Papers\GIS\Codes\New_Branch\experiments\01_core_validation\01_audit_generation_and_theta_split.py,New_Branch\experiments\01_core_validation\01_audit_generation_and_theta_split.py,"generator_candidates,"
1259,sequences_dir,D:\47\472\New-Papers\GIS\Codes\New_Branch\experiments\01_core_validation\01_audit_generation_and_theta_split.py,New_Branch\experiments\01_core_validation\01_audit_generation_and_theta_split.py,"""Sequence-count values found in code/docs"","
1272,sequences_dir,D:\47\472\New-Papers\GIS\Codes\New_Branch\experiments\01_core_validation\01_audit_generation_and_theta_split.py,New_Branch\experiments\01_core_validation\01_audit_generation_and_theta_split.py,"""No explicit assignment/range-derived sequence counts found."""
1278,generate,D:\47\472\New-Papers\GIS\Codes\New_Branch\experiments\01_core_validation\01_audit_generation_and_theta_split.py,New_Branch\experiments\01_core_validation\01_audit_generation_and_theta_split.py,generator_candidates[:10]
1284,generate,D:\47\472\New-Papers\GIS\Codes\New_Branch\experiments\01_core_validation\01_audit_generation_and_theta_split.py,New_Branch\experiments\01_core_validation\01_audit_generation_and_theta_split.py,"""Top candidate generator files"","
1312,theta,D:\47\472\New-Papers\GIS\Codes\New_Branch\experiments\01_core_validation\01_audit_generation_and_theta_split.py,New_Branch\experiments\01_core_validation\01_audit_generation_and_theta_split.py,"""NPZ files containing theta"","
1320,theta,D:\47\472\New-Papers\GIS\Codes\New_Branch\experiments\01_core_validation\01_audit_generation_and_theta_split.py,New_Branch\experiments\01_core_validation\01_audit_generation_and_theta_split.py,"f""NPZ files contain theta."","
1329,theta,D:\47\472\New-Papers\GIS\Codes\New_Branch\experiments\01_core_validation\01_audit_generation_and_theta_split.py,New_Branch\experiments\01_core_validation\01_audit_generation_and_theta_split.py,"""Exact theta overlap across current 70/15/15 splits"","
1337,theta,D:\47\472\New-Papers\GIS\Codes\New_Branch\experiments\01_core_validation\01_audit_generation_and_theta_split.py,New_Branch\experiments\01_core_validation\01_audit_generation_and_theta_split.py,"f""cross-split exact theta overlaps found."""
1347,theta,D:\47\472\New-Papers\GIS\Codes\New_Branch\experiments\01_core_validation\01_audit_generation_and_theta_split.py,New_Branch\experiments\01_core_validation\01_audit_generation_and_theta_split.py,"""Exact theta overlap across current 70/15/15 splits"","
1354,theta,D:\47\472\New-Papers\GIS\Codes\New_Branch\experiments\01_core_validation\01_audit_generation_and_theta_split.py,New_Branch\experiments\01_core_validation\01_audit_generation_and_theta_split.py,"""No exact theta vectors are shared """
1366,theta,D:\47\472\New-Papers\GIS\Codes\New_Branch\experiments\01_core_validation\01_audit_generation_and_theta_split.py,New_Branch\experiments\01_core_validation\01_audit_generation_and_theta_split.py,"f""Closest theta pair: """
1401,theta|generate,D:\47\472\New-Papers\GIS\Codes\New_Branch\experiments\01_core_validation\01_audit_generation_and_theta_split.py,New_Branch\experiments\01_core_validation\01_audit_generation_and_theta_split.py,"print(""GENERATION PROVENANCE + THETA SPLIT AUDIT"")"
1413,sequences_dir,D:\47\472\New-Papers\GIS\Codes\New_Branch\experiments\01_core_validation\01_audit_generation_and_theta_split.py,New_Branch\experiments\01_core_validation\01_audit_generation_and_theta_split.py,"""Sequence directory:"""
1416,seq_,D:\47\472\New-Papers\GIS\Codes\New_Branch\experiments\01_core_validation\01_audit_generation_and_theta_split.py,New_Branch\experiments\01_core_validation\01_audit_generation_and_theta_split.py,SEQ_DIR
1420,generate,D:\47\472\New-Papers\GIS\Codes\New_Branch\experiments\01_core_validation\01_audit_generation_and_theta_split.py,New_Branch\experiments\01_core_validation\01_audit_generation_and_theta_split.py,# A. Generation provenance
1433,generate,D:\47\472\New-Papers\GIS\Codes\New_Branch\experiments\01_core_validation\01_audit_generation_and_theta_split.py,New_Branch\experiments\01_core_validation\01_audit_generation_and_theta_split.py,generator_candidates = (
1446,theta,D:\47\472\New-Papers\GIS\Codes\New_Branch\experiments\01_core_validation\01_audit_generation_and_theta_split.py,New_Branch\experiments\01_core_validation\01_audit_generation_and_theta_split.py,# B. Theta split audit
1483,generate,D:\47\472\New-Papers\GIS\Codes\New_Branch\experiments\01_core_validation\01_audit_generation_and_theta_split.py,New_Branch\experiments\01_core_validation\01_audit_generation_and_theta_split.py,"generator_candidates,"
1496,generate,D:\47\472\New-Papers\GIS\Codes\New_Branch\experiments\01_core_validation\01_audit_generation_and_theta_split.py,New_Branch\experiments\01_core_validation\01_audit_generation_and_theta_split.py,"/ ""generation_references.csv"","
1503,generate,D:\47\472\New-Papers\GIS\Codes\New_Branch\experiments\01_core_validation\01_audit_generation_and_theta_split.py,New_Branch\experiments\01_core_validation\01_audit_generation_and_theta_split.py,"generator_candidates,"
1559,seq_,D:\47\472\New-Papers\GIS\Codes\New_Branch\experiments\01_core_validation\01_audit_generation_and_theta_split.py,New_Branch\experiments\01_core_validation\01_audit_generation_and_theta_split.py,SEQ_DIR
1572,generate,D:\47\472\New-Papers\GIS\Codes\New_Branch\experiments\01_core_validation\01_audit_generation_and_theta_split.py,New_Branch\experiments\01_core_validation\01_audit_generation_and_theta_split.py,"""generation_reference_count"":"
1579,generate,D:\47\472\New-Papers\GIS\Codes\New_Branch\experiments\01_core_validation\01_audit_generation_and_theta_split.py,New_Branch\experiments\01_core_validation\01_audit_generation_and_theta_split.py,generator_candidates
26,seq_|sequences_dir,D:\47\472\New-Papers\GIS\Codes\New_Branch\experiments\01_core_validation\train_sacu_v2.py,New_Branch\experiments\01_core_validation\train_sacu_v2.py,"SEQ_DIR = DATA_ROOT / ""sim"" / ""sequences"""
170,seq_,D:\47\472\New-Papers\GIS\Codes\New_Branch\experiments\01_core_validation\train_sacu_v2.py,New_Branch\experiments\01_core_validation\train_sacu_v2.py,"for p in SEQ_DIR.glob(""*.npz"")"
175,seq_|sequences_dir,D:\47\472\New-Papers\GIS\Codes\New_Branch\experiments\01_core_validation\train_sacu_v2.py,New_Branch\experiments\01_core_validation\train_sacu_v2.py,"f""No .npz sequence files found in:\n{SEQ_DIR}"""
833,sequences_dir,D:\47\472\New-Papers\GIS\Codes\New_Branch\experiments\01_core_validation\train_sacu_v2.py,New_Branch\experiments\01_core_validation\train_sacu_v2.py,"f""Total sequences : {len(files)}"""
837,sequences_dir,D:\47\472\New-Papers\GIS\Codes\New_Branch\experiments\01_core_validation\train_sacu_v2.py,New_Branch\experiments\01_core_validation\train_sacu_v2.py,"f""Train sequences : {len(train_files)}"""
16,seq_|sequences_dir,D:\47\472\New-Papers\GIS\Codes\New_Branch\outputs\audit\dataset_location_audit\all_project_files.csv,New_Branch\outputs\audit\dataset_location_audit\all_project_files.csv,".npz,seq_000000.npz,D:\47\472\New-Papers\GIS\Codes\data\sim\sequences\seq_000000.npz,data\sim\sequences\seq_000000.npz,29575102,28.21 MB"
17,seq_|sequences_dir,D:\47\472\New-Papers\GIS\Codes\New_Branch\outputs\audit\dataset_location_audit\all_project_files.csv,New_Branch\outputs\audit\dataset_location_audit\all_project_files.csv,".npz,seq_000001.npz,D:\47\472\New-Papers\GIS\Codes\data\sim\sequences\seq_000001.npz,data\sim\sequences\seq_000001.npz,29575102,28.21 MB"
18,seq_|sequences_dir,D:\47\472\New-Papers\GIS\Codes\New_Branch\outputs\audit\dataset_location_audit\all_project_files.csv,New_Branch\outputs\audit\dataset_location_audit\all_project_files.csv,".npz,seq_000002.npz,D:\47\472\New-Papers\GIS\Codes\data\sim\sequences\seq_000002.npz,data\sim\sequences\seq_000002.npz,29575102,28.21 MB"
19,seq_|sequences_dir,D:\47\472\New-Papers\GIS\Codes\New_Branch\outputs\audit\dataset_location_audit\all_project_files.csv,New_Branch\outputs\audit\dataset_location_audit\all_project_files.csv,".npz,seq_000003.npz,D:\47\472\New-Papers\GIS\Codes\data\sim\sequences\seq_000003.npz,data\sim\sequences\seq_000003.npz,29575102,28.21 MB"
20,seq_|sequences_dir,D:\47\472\New-Papers\GIS\Codes\New_Branch\outputs\audit\dataset_location_audit\all_project_files.csv,New_Branch\outputs\audit\dataset_location_audit\all_project_files.csv,".npz,seq_000004.npz,D:\47\472\New-Papers\GIS\Codes\data\sim\sequences\seq_000004.npz,data\sim\sequences\seq_000004.npz,29575102,28.21 MB"
21,seq_|sequences_dir,D:\47\472\New-Papers\GIS\Codes\New_Branch\outputs\audit\dataset_location_audit\all_project_files.csv,New_Branch\outputs\audit\dataset_location_audit\all_project_files.csv,".npz,seq_000005.npz,D:\47\472\New-Papers\GIS\Codes\data\sim\sequences\seq_000005.npz,data\sim\sequences\seq_000005.npz,29575102,28.21 MB"
22,seq_|sequences_dir,D:\47\472\New-Papers\GIS\Codes\New_Branch\outputs\audit\dataset_location_audit\all_project_files.csv,New_Branch\outputs\audit\dataset_location_audit\all_project_files.csv,".npz,seq_000006.npz,D:\47\472\New-Papers\GIS\Codes\data\sim\sequences\seq_000006.npz,data\sim\sequences\seq_000006.npz,29575102,28.21 MB"
23,seq_|sequences_dir,D:\47\472\New-Papers\GIS\Codes\New_Branch\outputs\audit\dataset_location_audit\all_project_files.csv,New_Branch\outputs\audit\dataset_location_audit\all_project_files.csv,".npz,seq_000007.npz,D:\47\472\New-Papers\GIS\Codes\data\sim\sequences\seq_000007.npz,data\sim\sequences\seq_000007.npz,29575102,28.21 MB"
24,seq_|sequences_dir,D:\47\472\New-Papers\GIS\Codes\New_Branch\outputs\audit\dataset_location_audit\all_project_files.csv,New_Branch\outputs\audit\dataset_location_audit\all_project_files.csv,".npz,seq_000008.npz,D:\47\472\New-Papers\GIS\Codes\data\sim\sequences\seq_000008.npz,data\sim\sequences\seq_000008.npz,29575102,28.21 MB"
25,seq_|sequences_dir,D:\47\472\New-Papers\GIS\Codes\New_Branch\outputs\audit\dataset_location_audit\all_project_files.csv,New_Branch\outputs\audit\dataset_location_audit\all_project_files.csv,".npz,seq_000009.npz,D:\47\472\New-Papers\GIS\Codes\data\sim\sequences\seq_000009.npz,data\sim\sequences\seq_000009.npz,29575102,28.21 MB"
26,seq_|sequences_dir,D:\47\472\New-Papers\GIS\Codes\New_Branch\outputs\audit\dataset_location_audit\all_project_files.csv,New_Branch\outputs\audit\dataset_location_audit\all_project_files.csv,".npz,seq_000010.npz,D:\47\472\New-Papers\GIS\Codes\data\sim\sequences\seq_000010.npz,data\sim\sequences\seq_000010.npz,29575102,28.21 MB"
27,seq_|sequences_dir,D:\47\472\New-Papers\GIS\Codes\New_Branch\outputs\audit\dataset_location_audit\all_project_files.csv,New_Branch\outputs\audit\dataset_location_audit\all_project_files.csv,".npz,seq_000011.npz,D:\47\472\New-Papers\GIS\Codes\data\sim\sequences\seq_000011.npz,data\sim\sequences\seq_000011.npz,29575102,28.21 MB"
28,seq_|sequences_dir,D:\47\472\New-Papers\GIS\Codes\New_Branch\outputs\audit\dataset_location_audit\all_project_files.csv,New_Branch\outputs\audit\dataset_location_audit\all_project_files.csv,".npz,seq_000012.npz,D:\47\472\New-Papers\GIS\Codes\data\sim\sequences\seq_000012.npz,data\sim\sequences\seq_000012.npz,29575102,28.21 MB"
29,seq_|sequences_dir,D:\47\472\New-Papers\GIS\Codes\New_Branch\outputs\audit\dataset_location_audit\all_project_files.csv,New_Branch\outputs\audit\dataset_location_audit\all_project_files.csv,".npz,seq_000013.npz,D:\47\472\New-Papers\GIS\Codes\data\sim\sequences\seq_000013.npz,data\sim\sequences\seq_000013.npz,29575102,28.21 MB"
30,seq_|sequences_dir,D:\47\472\New-Papers\GIS\Codes\New_Branch\outputs\audit\dataset_location_audit\all_project_files.csv,New_Branch\outputs\audit\dataset_location_audit\all_project_files.csv,".npz,seq_000014.npz,D:\47\472\New-Papers\GIS\Codes\data\sim\sequences\seq_000014.npz,data\sim\sequences\seq_000014.npz,29575102,28.21 MB"
31,seq_|sequences_dir,D:\47\472\New-Papers\GIS\Codes\New_Branch\outputs\audit\dataset_location_audit\all_project_files.csv,New_Branch\outputs\audit\dataset_location_audit\all_project_files.csv,".npz,seq_000015.npz,D:\47\472\New-Papers\GIS\Codes\data\sim\sequences\seq_000015.npz,data\sim\sequences\seq_000015.npz,29575102,28.21 MB"
32,seq_|sequences_dir,D:\47\472\New-Papers\GIS\Codes\New_Branch\outputs\audit\dataset_location_audit\all_project_files.csv,New_Branch\outputs\audit\dataset_location_audit\all_project_files.csv,".npz,seq_000016.npz,D:\47\472\New-Papers\GIS\Codes\data\sim\sequences\seq_000016.npz,data\sim\sequences\seq_000016.npz,29575102,28.21 MB"
33,seq_|sequences_dir,D:\47\472\New-Papers\GIS\Codes\New_Branch\outputs\audit\dataset_location_audit\all_project_files.csv,New_Branch\outputs\audit\dataset_location_audit\all_project_files.csv,".npz,seq_000017.npz,D:\47\472\New-Papers\GIS\Codes\data\sim\sequences\seq_000017.npz,data\sim\sequences\seq_000017.npz,29575102,28.21 MB"
34,seq_|sequences_dir,D:\47\472\New-Papers\GIS\Codes\New_Branch\outputs\audit\dataset_location_audit\all_project_files.csv,New_Branch\outputs\audit\dataset_location_audit\all_project_files.csv,".npz,seq_000018.npz,D:\47\472\New-Papers\GIS\Codes\data\sim\sequences\seq_000018.npz,data\sim\sequences\seq_000018.npz,29575102,28.21 MB"
35,seq_|sequences_dir,D:\47\472\New-Papers\GIS\Codes\New_Branch\outputs\audit\dataset_location_audit\all_project_files.csv,New_Branch\outputs\audit\dataset_location_audit\all_project_files.csv,".npz,seq_000019.npz,D:\47\472\New-Papers\GIS\Codes\data\sim\sequences\seq_000019.npz,data\sim\sequences\seq_000019.npz,29575102,28.21 MB"
36,seq_|sequences_dir,D:\47\472\New-Papers\GIS\Codes\New_Branch\outputs\audit\dataset_location_audit\all_project_files.csv,New_Branch\outputs\audit\dataset_location_audit\all_project_files.csv,".npz,seq_000020.npz,D:\47\472\New-Papers\GIS\Codes\data\sim\sequences\seq_000020.npz,data\sim\sequences\seq_000020.npz,29575102,28.21 MB"
37,seq_|sequences_dir,D:\47\472\New-Papers\GIS\Codes\New_Branch\outputs\audit\dataset_location_audit\all_project_files.csv,New_Branch\outputs\audit\dataset_location_audit\all_project_files.csv,".npz,seq_000021.npz,D:\47\472\New-Papers\GIS\Codes\data\sim\sequences\seq_000021.npz,data\sim\sequences\seq_000021.npz,29575102,28.21 MB"
38,seq_|sequences_dir,D:\47\472\New-Papers\GIS\Codes\New_Branch\outputs\audit\dataset_location_audit\all_project_files.csv,New_Branch\outputs\audit\dataset_location_audit\all_project_files.csv,".npz,seq_000022.npz,D:\47\472\New-Papers\GIS\Codes\data\sim\sequences\seq_000022.npz,data\sim\sequences\seq_000022.npz,29575102,28.21 MB"
39,seq_|sequences_dir,D:\47\472\New-Papers\GIS\Codes\New_Branch\outputs\audit\dataset_location_audit\all_project_files.csv,New_Branch\outputs\audit\dataset_location_audit\all_project_files.csv,".npz,seq_000023.npz,D:\47\472\New-Papers\GIS\Codes\data\sim\sequences\seq_000023.npz,data\sim\sequences\seq_000023.npz,29575102,28.21 MB"
40,seq_|sequences_dir,D:\47\472\New-Papers\GIS\Codes\New_Branch\outputs\audit\dataset_location_audit\all_project_files.csv,New_Branch\outputs\audit\dataset_location_audit\all_project_files.csv,".npz,seq_000024.npz,D:\47\472\New-Papers\GIS\Codes\data\sim\sequences\seq_000024.npz,data\sim\sequences\seq_000024.npz,29575102,28.21 MB"
41,seq_|sequences_dir,D:\47\472\New-Papers\GIS\Codes\New_Branch\outputs\audit\dataset_location_audit\all_project_files.csv,New_Branch\outputs\audit\dataset_location_audit\all_project_files.csv,".npz,seq_000025.npz,D:\47\472\New-Papers\GIS\Codes\data\sim\sequences\seq_000025.npz,data\sim\sequences\seq_000025.npz,29575102,28.21 MB"
42,seq_|sequences_dir,D:\47\472\New-Papers\GIS\Codes\New_Branch\outputs\audit\dataset_location_audit\all_project_files.csv,New_Branch\outputs\audit\dataset_location_audit\all_project_files.csv,".npz,seq_000026.npz,D:\47\472\New-Papers\GIS\Codes\data\sim\sequences\seq_000026.npz,data\sim\sequences\seq_000026.npz,29575102,28.21 MB"
43,seq_|sequences_dir,D:\47\472\New-Papers\GIS\Codes\New_Branch\outputs\audit\dataset_location_audit\all_project_files.csv,New_Branch\outputs\audit\dataset_location_audit\all_project_files.csv,".npz,seq_000027.npz,D:\47\472\New-Papers\GIS\Codes\data\sim\sequences\seq_000027.npz,data\sim\sequences\seq_000027.npz,29575102,28.21 MB"
44,seq_|sequences_dir,D:\47\472\New-Papers\GIS\Codes\New_Branch\outputs\audit\dataset_location_audit\all_project_files.csv,New_Branch\outputs\audit\dataset_location_audit\all_project_files.csv,".npz,seq_000028.npz,D:\47\472\New-Papers\GIS\Codes\data\sim\sequences\seq_000028.npz,data\sim\sequences\seq_000028.npz,29575102,28.21 MB"
45,seq_|sequences_dir,D:\47\472\New-Papers\GIS\Codes\New_Branch\outputs\audit\dataset_location_audit\all_project_files.csv,New_Branch\outputs\audit\dataset_location_audit\all_project_files.csv,".npz,seq_000029.npz,D:\47\472\New-Papers\GIS\Codes\data\sim\sequences\seq_000029.npz,data\sim\sequences\seq_000029.npz,29575102,28.21 MB"
46,seq_|sequences_dir,D:\47\472\New-Papers\GIS\Codes\New_Branch\outputs\audit\dataset_location_audit\all_project_files.csv,New_Branch\outputs\audit\dataset_location_audit\all_project_files.csv,".npz,seq_000030.npz,D:\47\472\New-Papers\GIS\Codes\data\sim\sequences\seq_000030.npz,data\sim\sequences\seq_000030.npz,29575102,28.21 MB"
47,seq_|sequences_dir,D:\47\472\New-Papers\GIS\Codes\New_Branch\outputs\audit\dataset_location_audit\all_project_files.csv,New_Branch\outputs\audit\dataset_location_audit\all_project_files.csv,".npz,seq_000031.npz,D:\47\472\New-Papers\GIS\Codes\data\sim\sequences\seq_000031.npz,data\sim\sequences\seq_000031.npz,29575102,28.21 MB"
48,seq_|sequences_dir,D:\47\472\New-Papers\GIS\Codes\New_Branch\outputs\audit\dataset_location_audit\all_project_files.csv,New_Branch\outputs\audit\dataset_location_audit\all_project_files.csv,".npz,seq_000032.npz,D:\47\472\New-Papers\GIS\Codes\data\sim\sequences\seq_000032.npz,data\sim\sequences\seq_000032.npz,29575102,28.21 MB"
49,seq_|sequences_dir,D:\47\472\New-Papers\GIS\Codes\New_Branch\outputs\audit\dataset_location_audit\all_project_files.csv,New_Branch\outputs\audit\dataset_location_audit\all_project_files.csv,".npz,seq_000033.npz,D:\47\472\New-Papers\GIS\Codes\data\sim\sequences\seq_000033.npz,data\sim\sequences\seq_000033.npz,29575102,28.21 MB"
50,seq_|sequences_dir,D:\47\472\New-Papers\GIS\Codes\New_Branch\outputs\audit\dataset_location_audit\all_project_files.csv,New_Branch\outputs\audit\dataset_location_audit\all_project_files.csv,".npz,seq_000034.npz,D:\47\472\New-Papers\GIS\Codes\data\sim\sequences\seq_000034.npz,data\sim\sequences\seq_000034.npz,29575102,28.21 MB"
51,seq_|sequences_dir,D:\47\472\New-Papers\GIS\Codes\New_Branch\outputs\audit\dataset_location_audit\all_project_files.csv,New_Branch\outputs\audit\dataset_location_audit\all_project_files.csv,".npz,seq_000035.npz,D:\47\472\New-Papers\GIS\Codes\data\sim\sequences\seq_000035.npz,data\sim\sequences\seq_000035.npz,29575102,28.21 MB"
52,seq_|sequences_dir,D:\47\472\New-Papers\GIS\Codes\New_Branch\outputs\audit\dataset_location_audit\all_project_files.csv,New_Branch\outputs\audit\dataset_location_audit\all_project_files.csv,".npz,seq_000036.npz,D:\47\472\New-Papers\GIS\Codes\data\sim\sequences\seq_000036.npz,data\sim\sequences\seq_000036.npz,29575102,28.21 MB"
53,seq_|sequences_dir,D:\47\472\New-Papers\GIS\Codes\New_Branch\outputs\audit\dataset_location_audit\all_project_files.csv,New_Branch\outputs\audit\dataset_location_audit\all_project_files.csv,".npz,seq_000037.npz,D:\47\472\New-Papers\GIS\Codes\data\sim\sequences\seq_000037.npz,data\sim\sequences\seq_000037.npz,29575102,28.21 MB"
54,seq_|sequences_dir,D:\47\472\New-Papers\GIS\Codes\New_Branch\outputs\audit\dataset_location_audit\all_project_files.csv,New_Branch\outputs\audit\dataset_location_audit\all_project_files.csv,".npz,seq_000038.npz,D:\47\472\New-Papers\GIS\Codes\data\sim\sequences\seq_000038.npz,data\sim\sequences\seq_000038.npz,29575102,28.21 MB"
55,seq_|sequences_dir,D:\47\472\New-Papers\GIS\Codes\New_Branch\outputs\audit\dataset_location_audit\all_project_files.csv,New_Branch\outputs\audit\dataset_location_audit\all_project_files.csv,".npz,seq_000039.npz,D:\47\472\New-Papers\GIS\Codes\data\sim\sequences\seq_000039.npz,data\sim\sequences\seq_000039.npz,29575102,28.21 MB"
56,seq_|sequences_dir,D:\47\472\New-Papers\GIS\Codes\New_Branch\outputs\audit\dataset_location_audit\all_project_files.csv,New_Branch\outputs\audit\dataset_location_audit\all_project_files.csv,".npz,seq_000040.npz,D:\47\472\New-Papers\GIS\Codes\data\sim\sequences\seq_000040.npz,data\sim\sequences\seq_000040.npz,29575102,28.21 MB"
57,seq_|sequences_dir,D:\47\472\New-Papers\GIS\Codes\New_Branch\outputs\audit\dataset_location_audit\all_project_files.csv,New_Branch\outputs\audit\dataset_location_audit\all_project_files.csv,".npz,seq_000041.npz,D:\47\472\New-Papers\GIS\Codes\data\sim\sequences\seq_000041.npz,data\sim\sequences\seq_000041.npz,29575102,28.21 MB"
58,seq_|sequences_dir,D:\47\472\New-Papers\GIS\Codes\New_Branch\outputs\audit\dataset_location_audit\all_project_files.csv,New_Branch\outputs\audit\dataset_location_audit\all_project_files.csv,".npz,seq_000042.npz,D:\47\472\New-Papers\GIS\Codes\data\sim\sequences\seq_000042.npz,data\sim\sequences\seq_000042.npz,29575102,28.21 MB"
59,seq_|sequences_dir,D:\47\472\New-Papers\GIS\Codes\New_Branch\outputs\audit\dataset_location_audit\all_project_files.csv,New_Branch\outputs\audit\dataset_location_audit\all_project_files.csv,".npz,seq_000043.npz,D:\47\472\New-Papers\GIS\Codes\data\sim\sequences\seq_000043.npz,data\sim\sequences\seq_000043.npz,29575102,28.21 MB"
60,seq_|sequences_dir,D:\47\472\New-Papers\GIS\Codes\New_Branch\outputs\audit\dataset_location_audit\all_project_files.csv,New_Branch\outputs\audit\dataset_location_audit\all_project_files.csv,".npz,seq_000044.npz,D:\47\472\New-Papers\GIS\Codes\data\sim\sequences\seq_000044.npz,data\sim\sequences\seq_000044.npz,29575102,28.21 MB"
61,seq_|sequences_dir,D:\47\472\New-Papers\GIS\Codes\New_Branch\outputs\audit\dataset_location_audit\all_project_files.csv,New_Branch\outputs\audit\dataset_location_audit\all_project_files.csv,".npz,seq_000045.npz,D:\47\472\New-Papers\GIS\Codes\data\sim\sequences\seq_000045.npz,data\sim\sequences\seq_000045.npz,29575102,28.21 MB"
62,seq_|sequences_dir,D:\47\472\New-Papers\GIS\Codes\New_Branch\outputs\audit\dataset_location_audit\all_project_files.csv,New_Branch\outputs\audit\dataset_location_audit\all_project_files.csv,".npz,seq_000046.npz,D:\47\472\New-Papers\GIS\Codes\data\sim\sequences\seq_000046.npz,data\sim\sequences\seq_000046.npz,29575102,28.21 MB"
63,seq_|sequences_dir,D:\47\472\New-Papers\GIS\Codes\New_Branch\outputs\audit\dataset_location_audit\all_project_files.csv,New_Branch\outputs\audit\dataset_location_audit\all_project_files.csv,".npz,seq_000047.npz,D:\47\472\New-Papers\GIS\Codes\data\sim\sequences\seq_000047.npz,data\sim\sequences\seq_000047.npz,29575102,28.21 MB"
64,seq_|sequences_dir,D:\47\472\New-Papers\GIS\Codes\New_Branch\outputs\audit\dataset_location_audit\all_project_files.csv,New_Branch\outputs\audit\dataset_location_audit\all_project_files.csv,".npz,seq_000048.npz,D:\47\472\New-Papers\GIS\Codes\data\sim\sequences\seq_000048.npz,data\sim\sequences\seq_000048.npz,29575102,28.21 MB"
65,seq_|sequences_dir,D:\47\472\New-Papers\GIS\Codes\New_Branch\outputs\audit\dataset_location_audit\all_project_files.csv,New_Branch\outputs\audit\dataset_location_audit\all_project_files.csv,".npz,seq_000049.npz,D:\47\472\New-Papers\GIS\Codes\data\sim\sequences\seq_000049.npz,data\sim\sequences\seq_000049.npz,29575102,28.21 MB"
66,seq_|sequences_dir,D:\47\472\New-Papers\GIS\Codes\New_Branch\outputs\audit\dataset_location_audit\all_project_files.csv,New_Branch\outputs\audit\dataset_location_audit\all_project_files.csv,".npz,seq_000050.npz,D:\47\472\New-Papers\GIS\Codes\data\sim\sequences\seq_000050.npz,data\sim\sequences\seq_000050.npz,29575102,28.21 MB"
67,seq_|sequences_dir,D:\47\472\New-Papers\GIS\Codes\New_Branch\outputs\audit\dataset_location_audit\all_project_files.csv,New_Branch\outputs\audit\dataset_location_audit\all_project_files.csv,".npz,seq_000051.npz,D:\47\472\New-Papers\GIS\Codes\data\sim\sequences\seq_000051.npz,data\sim\sequences\seq_000051.npz,29575102,28.21 MB"
68,seq_|sequences_dir,D:\47\472\New-Papers\GIS\Codes\New_Branch\outputs\audit\dataset_location_audit\all_project_files.csv,New_Branch\outputs\audit\dataset_location_audit\all_project_files.csv,".npz,seq_000052.npz,D:\47\472\New-Papers\GIS\Codes\data\sim\sequences\seq_000052.npz,data\sim\sequences\seq_000052.npz,29575102,28.21 MB"
69,seq_|sequences_dir,D:\47\472\New-Papers\GIS\Codes\New_Branch\outputs\audit\dataset_location_audit\all_project_files.csv,New_Branch\outputs\audit\dataset_location_audit\all_project_files.csv,".npz,seq_000053.npz,D:\47\472\New-Papers\GIS\Codes\data\sim\sequences\seq_000053.npz,data\sim\sequences\seq_000053.npz,29575102,28.21 MB"
70,seq_|sequences_dir,D:\47\472\New-Papers\GIS\Codes\New_Branch\outputs\audit\dataset_location_audit\all_project_files.csv,New_Branch\outputs\audit\dataset_location_audit\all_project_files.csv,".npz,seq_000054.npz,D:\47\472\New-Papers\GIS\Codes\data\sim\sequences\seq_000054.npz,data\sim\sequences\seq_000054.npz,29575102,28.21 MB"
71,seq_|sequences_dir,D:\47\472\New-Papers\GIS\Codes\New_Branch\outputs\audit\dataset_location_audit\all_project_files.csv,New_Branch\outputs\audit\dataset_location_audit\all_project_files.csv,".npz,seq_000055.npz,D:\47\472\New-Papers\GIS\Codes\data\sim\sequences\seq_000055.npz,data\sim\sequences\seq_000055.npz,29575102,28.21 MB"
72,seq_|sequences_dir,D:\47\472\New-Papers\GIS\Codes\New_Branch\outputs\audit\dataset_location_audit\all_project_files.csv,New_Branch\outputs\audit\dataset_location_audit\all_project_files.csv,".npz,seq_000056.npz,D:\47\472\New-Papers\GIS\Codes\data\sim\sequences\seq_000056.npz,data\sim\sequences\seq_000056.npz,29575102,28.21 MB"
73,seq_|sequences_dir,D:\47\472\New-Papers\GIS\Codes\New_Branch\outputs\audit\dataset_location_audit\all_project_files.csv,New_Branch\outputs\audit\dataset_location_audit\all_project_files.csv,".npz,seq_000057.npz,D:\47\472\New-Papers\GIS\Codes\data\sim\sequences\seq_000057.npz,data\sim\sequences\seq_000057.npz,29575102,28.21 MB"
74,seq_|sequences_dir,D:\47\472\New-Papers\GIS\Codes\New_Branch\outputs\audit\dataset_location_audit\all_project_files.csv,New_Branch\outputs\audit\dataset_location_audit\all_project_files.csv,".npz,seq_000058.npz,D:\47\472\New-Papers\GIS\Codes\data\sim\sequences\seq_000058.npz,data\sim\sequences\seq_000058.npz,29575102,28.21 MB"
75,seq_|sequences_dir,D:\47\472\New-Papers\GIS\Codes\New_Branch\outputs\audit\dataset_location_audit\all_project_files.csv,New_Branch\outputs\audit\dataset_location_audit\all_project_files.csv,".npz,seq_000059.npz,D:\47\472\New-Papers\GIS\Codes\data\sim\sequences\seq_000059.npz,data\sim\sequences\seq_000059.npz,29575102,28.21 MB"
76,seq_|sequences_dir,D:\47\472\New-Papers\GIS\Codes\New_Branch\outputs\audit\dataset_location_audit\all_project_files.csv,New_Branch\outputs\audit\dataset_location_audit\all_project_files.csv,".npz,seq_000060.npz,D:\47\472\New-Papers\GIS\Codes\data\sim\sequences\seq_000060.npz,data\sim\sequences\seq_000060.npz,29575102,28.21 MB"
77,seq_|sequences_dir,D:\47\472\New-Papers\GIS\Codes\New_Branch\outputs\audit\dataset_location_audit\all_project_files.csv,New_Branch\outputs\audit\dataset_location_audit\all_project_files.csv,".npz,seq_000061.npz,D:\47\472\New-Papers\GIS\Codes\data\sim\sequences\seq_000061.npz,data\sim\sequences\seq_000061.npz,29575102,28.21 MB"
78,seq_|sequences_dir,D:\47\472\New-Papers\GIS\Codes\New_Branch\outputs\audit\dataset_location_audit\all_project_files.csv,New_Branch\outputs\audit\dataset_location_audit\all_project_files.csv,".npz,seq_000062.npz,D:\47\472\New-Papers\GIS\Codes\data\sim\sequences\seq_000062.npz,data\sim\sequences\seq_000062.npz,29575102,28.21 MB"
79,seq_|sequences_dir,D:\47\472\New-Papers\GIS\Codes\New_Branch\outputs\audit\dataset_location_audit\all_project_files.csv,New_Branch\outputs\audit\dataset_location_audit\all_project_files.csv,".npz,seq_000063.npz,D:\47\472\New-Papers\GIS\Codes\data\sim\sequences\seq_000063.npz,data\sim\sequences\seq_000063.npz,29575102,28.21 MB"
80,seq_|sequences_dir,D:\47\472\New-Papers\GIS\Codes\New_Branch\outputs\audit\dataset_location_audit\all_project_files.csv,New_Branch\outputs\audit\dataset_location_audit\all_project_files.csv,".npz,seq_000064.npz,D:\47\472\New-Papers\GIS\Codes\data\sim\sequences\seq_000064.npz,data\sim\sequences\seq_000064.npz,29575102,28.21 MB"
81,seq_|sequences_dir,D:\47\472\New-Papers\GIS\Codes\New_Branch\outputs\audit\dataset_location_audit\all_project_files.csv,New_Branch\outputs\audit\dataset_location_audit\all_project_files.csv,".npz,seq_000065.npz,D:\47\472\New-Papers\GIS\Codes\data\sim\sequences\seq_000065.npz,data\sim\sequences\seq_000065.npz,29575102,28.21 MB"
82,seq_|sequences_dir,D:\47\472\New-Papers\GIS\Codes\New_Branch\outputs\audit\dataset_location_audit\all_project_files.csv,New_Branch\outputs\audit\dataset_location_audit\all_project_files.csv,".npz,seq_000066.npz,D:\47\472\New-Papers\GIS\Codes\data\sim\sequences\seq_000066.npz,data\sim\sequences\seq_000066.npz,29575102,28.21 MB"
83,seq_|sequences_dir,D:\47\472\New-Papers\GIS\Codes\New_Branch\outputs\audit\dataset_location_audit\all_project_files.csv,New_Branch\outputs\audit\dataset_location_audit\all_project_files.csv,".npz,seq_000067.npz,D:\47\472\New-Papers\GIS\Codes\data\sim\sequences\seq_000067.npz,data\sim\sequences\seq_000067.npz,29575102,28.21 MB"
84,seq_|sequences_dir,D:\47\472\New-Papers\GIS\Codes\New_Branch\outputs\audit\dataset_location_audit\all_project_files.csv,New_Branch\outputs\audit\dataset_location_audit\all_project_files.csv,".npz,seq_000068.npz,D:\47\472\New-Papers\GIS\Codes\data\sim\sequences\seq_000068.npz,data\sim\sequences\seq_000068.npz,29575102,28.21 MB"
85,seq_|sequences_dir,D:\47\472\New-Papers\GIS\Codes\New_Branch\outputs\audit\dataset_location_audit\all_project_files.csv,New_Branch\outputs\audit\dataset_location_audit\all_project_files.csv,".npz,seq_000069.npz,D:\47\472\New-Papers\GIS\Codes\data\sim\sequences\seq_000069.npz,data\sim\sequences\seq_000069.npz,29575102,28.21 MB"
86,seq_|sequences_dir,D:\47\472\New-Papers\GIS\Codes\New_Branch\outputs\audit\dataset_location_audit\all_project_files.csv,New_Branch\outputs\audit\dataset_location_audit\all_project_files.csv,".npz,seq_000070.npz,D:\47\472\New-Papers\GIS\Codes\data\sim\sequences\seq_000070.npz,data\sim\sequences\seq_000070.npz,29575102,28.21 MB"
87,seq_|sequences_dir,D:\47\472\New-Papers\GIS\Codes\New_Branch\outputs\audit\dataset_location_audit\all_project_files.csv,New_Branch\outputs\audit\dataset_location_audit\all_project_files.csv,".npz,seq_000071.npz,D:\47\472\New-Papers\GIS\Codes\data\sim\sequences\seq_000071.npz,data\sim\sequences\seq_000071.npz,29575102,28.21 MB"
88,seq_|sequences_dir,D:\47\472\New-Papers\GIS\Codes\New_Branch\outputs\audit\dataset_location_audit\all_project_files.csv,New_Branch\outputs\audit\dataset_location_audit\all_project_files.csv,".npz,seq_000072.npz,D:\47\472\New-Papers\GIS\Codes\data\sim\sequences\seq_000072.npz,data\sim\sequences\seq_000072.npz,29575102,28.21 MB"
89,seq_|sequences_dir,D:\47\472\New-Papers\GIS\Codes\New_Branch\outputs\audit\dataset_location_audit\all_project_files.csv,New_Branch\outputs\audit\dataset_location_audit\all_project_files.csv,".npz,seq_000073.npz,D:\47\472\New-Papers\GIS\Codes\data\sim\sequences\seq_000073.npz,data\sim\sequences\seq_000073.npz,29575102,28.21 MB"
90,seq_|sequences_dir,D:\47\472\New-Papers\GIS\Codes\New_Branch\outputs\audit\dataset_location_audit\all_project_files.csv,New_Branch\outputs\audit\dataset_location_audit\all_project_files.csv,".npz,seq_000074.npz,D:\47\472\New-Papers\GIS\Codes\data\sim\sequences\seq_000074.npz,data\sim\sequences\seq_000074.npz,29575102,28.21 MB"
91,seq_|sequences_dir,D:\47\472\New-Papers\GIS\Codes\New_Branch\outputs\audit\dataset_location_audit\all_project_files.csv,New_Branch\outputs\audit\dataset_location_audit\all_project_files.csv,".npz,seq_000075.npz,D:\47\472\New-Papers\GIS\Codes\data\sim\sequences\seq_000075.npz,data\sim\sequences\seq_000075.npz,29575102,28.21 MB"
92,seq_|sequences_dir,D:\47\472\New-Papers\GIS\Codes\New_Branch\outputs\audit\dataset_location_audit\all_project_files.csv,New_Branch\outputs\audit\dataset_location_audit\all_project_files.csv,".npz,seq_000076.npz,D:\47\472\New-Papers\GIS\Codes\data\sim\sequences\seq_000076.npz,data\sim\sequences\seq_000076.npz,29575102,28.21 MB"
93,seq_|sequences_dir,D:\47\472\New-Papers\GIS\Codes\New_Branch\outputs\audit\dataset_location_audit\all_project_files.csv,New_Branch\outputs\audit\dataset_location_audit\all_project_files.csv,".npz,seq_000077.npz,D:\47\472\New-Papers\GIS\Codes\data\sim\sequences\seq_000077.npz,data\sim\sequences\seq_000077.npz,29575102,28.21 MB"
94,seq_|sequences_dir,D:\47\472\New-Papers\GIS\Codes\New_Branch\outputs\audit\dataset_location_audit\all_project_files.csv,New_Branch\outputs\audit\dataset_location_audit\all_project_files.csv,".npz,seq_000078.npz,D:\47\472\New-Papers\GIS\Codes\data\sim\sequences\seq_000078.npz,data\sim\sequences\seq_000078.npz,29575102,28.21 MB"
95,seq_|sequences_dir,D:\47\472\New-Papers\GIS\Codes\New_Branch\outputs\audit\dataset_location_audit\all_project_files.csv,New_Branch\outputs\audit\dataset_location_audit\all_project_files.csv,".npz,seq_000079.npz,D:\47\472\New-Papers\GIS\Codes\data\sim\sequences\seq_000079.npz,data\sim\sequences\seq_000079.npz,29575102,28.21 MB"
96,seq_|sequences_dir,D:\47\472\New-Papers\GIS\Codes\New_Branch\outputs\audit\dataset_location_audit\all_project_files.csv,New_Branch\outputs\audit\dataset_location_audit\all_project_files.csv,".npz,seq_000080.npz,D:\47\472\New-Papers\GIS\Codes\data\sim\sequences\seq_000080.npz,data\sim\sequences\seq_000080.npz,29575102,28.21 MB"
97,seq_|sequences_dir,D:\47\472\New-Papers\GIS\Codes\New_Branch\outputs\audit\dataset_location_audit\all_project_files.csv,New_Branch\outputs\audit\dataset_location_audit\all_project_files.csv,".npz,seq_000081.npz,D:\47\472\New-Papers\GIS\Codes\data\sim\sequences\seq_000081.npz,data\sim\sequences\seq_000081.npz,29575102,28.21 MB"
98,seq_|sequences_dir,D:\47\472\New-Papers\GIS\Codes\New_Branch\outputs\audit\dataset_location_audit\all_project_files.csv,New_Branch\outputs\audit\dataset_location_audit\all_project_files.csv,".npz,seq_000082.npz,D:\47\472\New-Papers\GIS\Codes\data\sim\sequences\seq_000082.npz,data\sim\sequences\seq_000082.npz,29575102,28.21 MB"
99,seq_|sequences_dir,D:\47\472\New-Papers\GIS\Codes\New_Branch\outputs\audit\dataset_location_audit\all_project_files.csv,New_Branch\outputs\audit\dataset_location_audit\all_project_files.csv,".npz,seq_000083.npz,D:\47\472\New-Papers\GIS\Codes\data\sim\sequences\seq_000083.npz,data\sim\sequences\seq_000083.npz,29575102,28.21 MB"
100,seq_|sequences_dir,D:\47\472\New-Papers\GIS\Codes\New_Branch\outputs\audit\dataset_location_audit\all_project_files.csv,New_Branch\outputs\audit\dataset_location_audit\all_project_files.csv,".npz,seq_000084.npz,D:\47\472\New-Papers\GIS\Codes\data\sim\sequences\seq_000084.npz,data\sim\sequences\seq_000084.npz,29575102,28.21 MB"
101,seq_|sequences_dir,D:\47\472\New-Papers\GIS\Codes\New_Branch\outputs\audit\dataset_location_audit\all_project_files.csv,New_Branch\outputs\audit\dataset_location_audit\all_project_files.csv,".npz,seq_000085.npz,D:\47\472\New-Papers\GIS\Codes\data\sim\sequences\seq_000085.npz,data\sim\sequences\seq_000085.npz,29575102,28.21 MB"
102,seq_|sequences_dir,D:\47\472\New-Papers\GIS\Codes\New_Branch\outputs\audit\dataset_location_audit\all_project_files.csv,New_Branch\outputs\audit\dataset_location_audit\all_project_files.csv,".npz,seq_000086.npz,D:\47\472\New-Papers\GIS\Codes\data\sim\sequences\seq_000086.npz,data\sim\sequences\seq_000086.npz,29575102,28.21 MB"
103,seq_|sequences_dir,D:\47\472\New-Papers\GIS\Codes\New_Branch\outputs\audit\dataset_location_audit\all_project_files.csv,New_Branch\outputs\audit\dataset_location_audit\all_project_files.csv,".npz,seq_000087.npz,D:\47\472\New-Papers\GIS\Codes\data\sim\sequences\seq_000087.npz,data\sim\sequences\seq_000087.npz,29575102,28.21 MB"
104,seq_|sequences_dir,D:\47\472\New-Papers\GIS\Codes\New_Branch\outputs\audit\dataset_location_audit\all_project_files.csv,New_Branch\outputs\audit\dataset_location_audit\all_project_files.csv,".npz,seq_000088.npz,D:\47\472\New-Papers\GIS\Codes\data\sim\sequences\seq_000088.npz,data\sim\sequences\seq_000088.npz,29575102,28.21 MB"
105,seq_|sequences_dir,D:\47\472\New-Papers\GIS\Codes\New_Branch\outputs\audit\dataset_location_audit\all_project_files.csv,New_Branch\outputs\audit\dataset_location_audit\all_project_files.csv,".npz,seq_000089.npz,D:\47\472\New-Papers\GIS\Codes\data\sim\sequences\seq_000089.npz,data\sim\sequences\seq_000089.npz,29575102,28.21 MB"
106,seq_|sequences_dir,D:\47\472\New-Papers\GIS\Codes\New_Branch\outputs\audit\dataset_location_audit\all_project_files.csv,New_Branch\outputs\audit\dataset_location_audit\all_project_files.csv,".npz,seq_000090.npz,D:\47\472\New-Papers\GIS\Codes\data\sim\sequences\seq_000090.npz,data\sim\sequences\seq_000090.npz,29575102,28.21 MB"
107,seq_|sequences_dir,D:\47\472\New-Papers\GIS\Codes\New_Branch\outputs\audit\dataset_location_audit\all_project_files.csv,New_Branch\outputs\audit\dataset_location_audit\all_project_files.csv,".npz,seq_000091.npz,D:\47\472\New-Papers\GIS\Codes\data\sim\sequences\seq_000091.npz,data\sim\sequences\seq_000091.npz,29575102,28.21 MB"
108,seq_|sequences_dir,D:\47\472\New-Papers\GIS\Codes\New_Branch\outputs\audit\dataset_location_audit\all_project_files.csv,New_Branch\outputs\audit\dataset_location_audit\all_project_files.csv,".npz,seq_000092.npz,D:\47\472\New-Papers\GIS\Codes\data\sim\sequences\seq_000092.npz,data\sim\sequences\seq_000092.npz,29575102,28.21 MB"
109,seq_|sequences_dir,D:\47\472\New-Papers\GIS\Codes\New_Branch\outputs\audit\dataset_location_audit\all_project_files.csv,New_Branch\outputs\audit\dataset_location_audit\all_project_files.csv,".npz,seq_000093.npz,D:\47\472\New-Papers\GIS\Codes\data\sim\sequences\seq_000093.npz,data\sim\sequences\seq_000093.npz,29575102,28.21 MB"
110,seq_|sequences_dir,D:\47\472\New-Papers\GIS\Codes\New_Branch\outputs\audit\dataset_location_audit\all_project_files.csv,New_Branch\outputs\audit\dataset_location_audit\all_project_files.csv,".npz,seq_000094.npz,D:\47\472\New-Papers\GIS\Codes\data\sim\sequences\seq_000094.npz,data\sim\sequences\seq_000094.npz,29575102,28.21 MB"
111,seq_|sequences_dir,D:\47\472\New-Papers\GIS\Codes\New_Branch\outputs\audit\dataset_location_audit\all_project_files.csv,New_Branch\outputs\audit\dataset_location_audit\all_project_files.csv,".npz,seq_000095.npz,D:\47\472\New-Papers\GIS\Codes\data\sim\sequences\seq_000095.npz,data\sim\sequences\seq_000095.npz,29575102,28.21 MB"
112,seq_|sequences_dir,D:\47\472\New-Papers\GIS\Codes\New_Branch\outputs\audit\dataset_location_audit\all_project_files.csv,New_Branch\outputs\audit\dataset_location_audit\all_project_files.csv,".npz,seq_000096.npz,D:\47\472\New-Papers\GIS\Codes\data\sim\sequences\seq_000096.npz,data\sim\sequences\seq_000096.npz,29575102,28.21 MB"
113,seq_|sequences_dir,D:\47\472\New-Papers\GIS\Codes\New_Branch\outputs\audit\dataset_location_audit\all_project_files.csv,New_Branch\outputs\audit\dataset_location_audit\all_project_files.csv,".npz,seq_000097.npz,D:\47\472\New-Papers\GIS\Codes\data\sim\sequences\seq_000097.npz,data\sim\sequences\seq_000097.npz,29575102,28.21 MB"
114,seq_|sequences_dir,D:\47\472\New-Papers\GIS\Codes\New_Branch\outputs\audit\dataset_location_audit\all_project_files.csv,New_Branch\outputs\audit\dataset_location_audit\all_project_files.csv,".npz,seq_000098.npz,D:\47\472\New-Papers\GIS\Codes\data\sim\sequences\seq_000098.npz,data\sim\sequences\seq_000098.npz,29575102,28.21 MB"
115,seq_|sequences_dir,D:\47\472\New-Papers\GIS\Codes\New_Branch\outputs\audit\dataset_location_audit\all_project_files.csv,New_Branch\outputs\audit\dataset_location_audit\all_project_files.csv,".npz,seq_000099.npz,D:\47\472\New-Papers\GIS\Codes\data\sim\sequences\seq_000099.npz,data\sim\sequences\seq_000099.npz,29575102,28.21 MB"
4,sequences_dir,D:\47\472\New-Papers\GIS\Codes\New_Branch\outputs\audit\dataset_location_audit\audit_summary.json,New_Branch\outputs\audit\dataset_location_audit\audit_summary.json,"""expected_sequence_dir"": ""D:\\47\\472\\New-Papers\\GIS\\Codes\\data\\sim\\sequences"","
14,sequences_dir,D:\47\472\New-Papers\GIS\Codes\New_Branch\outputs\audit\dataset_location_audit\audit_summary.json,New_Branch\outputs\audit\dataset_location_audit\audit_summary.json,"""question"": ""Does data\\sim\\sequences contain only 100 sequences?"","
19,"10,000|sequences_dir",D:\47\472\New-Papers\GIS\Codes\New_Branch\outputs\audit\dataset_location_audit\audit_summary.json,New_Branch\outputs\audit\dataset_location_audit\audit_summary.json,"""question"": ""Do 10,000 NPZ sequences exist elsewhere under Codes?"","
21,"10,000",D:\47\472\New-Papers\GIS\Codes\New_Branch\outputs\audit\dataset_location_audit\audit_summary.json,New_Branch\outputs\audit\dataset_location_audit\audit_summary.json,"""evidence"": ""No directory containing 10,000 NPZ files was found under the scanned project root."""
29,"10,000",D:\47\472\New-Papers\GIS\Codes\New_Branch\outputs\audit\dataset_location_audit\audit_summary.json,New_Branch\outputs\audit\dataset_location_audit\audit_summary.json,"""question"": ""How many source/code/document references mention 10,000?"","
2,sequences_dir,D:\47\472\New-Papers\GIS\Codes\New_Branch\outputs\audit\dataset_location_audit\candidate_data_directories.csv,New_Branch\outputs\audit\dataset_location_audit\candidate_data_directories.csv,"100,100,D:\47\472\New-Papers\GIS\Codes\data\sim\sequences,data\sim\sequences"
2,sequences_dir,D:\47\472\New-Papers\GIS\Codes\New_Branch\outputs\audit\dataset_location_audit\findings.csv,New_Branch\outputs\audit\dataset_location_audit\findings.csv,"The directory contains exactly 100 direct NPZ files.,Does data\sim\sequences contain only 100 sequences?,YES"
3,"10,000|sequences_dir",D:\47\472\New-Papers\GIS\Codes\New_Branch\outputs\audit\dataset_location_audit\findings.csv,New_Branch\outputs\audit\dataset_location_audit\findings.csv,"""No directory containing 10,000 NPZ files was found under the scanned project root."",""Do 10,000 NPZ sequences exist elsewhere under Codes?"",NOT FOUND"
5,"10,000",D:\47\472\New-Papers\GIS\Codes\New_Branch\outputs\audit\dataset_location_audit\findings.csv,New_Branch\outputs\audit\dataset_location_audit\findings.csv,"11,""How many source/code/document references mention 10,000?"",OBSERVED"
2,seq_|sequences_dir,D:\47\472\New-Papers\GIS\Codes\New_Branch\outputs\audit\dataset_location_audit\npz_files.csv,New_Branch\outputs\audit\dataset_location_audit\npz_files.csv,".npz,seq_000000.npz,D:\47\472\New-Papers\GIS\Codes\data\sim\sequences\seq_000000.npz,data\sim\sequences\seq_000000.npz,29575102,28.21 MB"
3,seq_|sequences_dir,D:\47\472\New-Papers\GIS\Codes\New_Branch\outputs\audit\dataset_location_audit\npz_files.csv,New_Branch\outputs\audit\dataset_location_audit\npz_files.csv,".npz,seq_000001.npz,D:\47\472\New-Papers\GIS\Codes\data\sim\sequences\seq_000001.npz,data\sim\sequences\seq_000001.npz,29575102,28.21 MB"
4,seq_|sequences_dir,D:\47\472\New-Papers\GIS\Codes\New_Branch\outputs\audit\dataset_location_audit\npz_files.csv,New_Branch\outputs\audit\dataset_location_audit\npz_files.csv,".npz,seq_000002.npz,D:\47\472\New-Papers\GIS\Codes\data\sim\sequences\seq_000002.npz,data\sim\sequences\seq_000002.npz,29575102,28.21 MB"
5,seq_|sequences_dir,D:\47\472\New-Papers\GIS\Codes\New_Branch\outputs\audit\dataset_location_audit\npz_files.csv,New_Branch\outputs\audit\dataset_location_audit\npz_files.csv,".npz,seq_000003.npz,D:\47\472\New-Papers\GIS\Codes\data\sim\sequences\seq_000003.npz,data\sim\sequences\seq_000003.npz,29575102,28.21 MB"
6,seq_|sequences_dir,D:\47\472\New-Papers\GIS\Codes\New_Branch\outputs\audit\dataset_location_audit\npz_files.csv,New_Branch\outputs\audit\dataset_location_audit\npz_files.csv,".npz,seq_000004.npz,D:\47\472\New-Papers\GIS\Codes\data\sim\sequences\seq_000004.npz,data\sim\sequences\seq_000004.npz,29575102,28.21 MB"
7,seq_|sequences_dir,D:\47\472\New-Papers\GIS\Codes\New_Branch\outputs\audit\dataset_location_audit\npz_files.csv,New_Branch\outputs\audit\dataset_location_audit\npz_files.csv,".npz,seq_000005.npz,D:\47\472\New-Papers\GIS\Codes\data\sim\sequences\seq_000005.npz,data\sim\sequences\seq_000005.npz,29575102,28.21 MB"
8,seq_|sequences_dir,D:\47\472\New-Papers\GIS\Codes\New_Branch\outputs\audit\dataset_location_audit\npz_files.csv,New_Branch\outputs\audit\dataset_location_audit\npz_files.csv,".npz,seq_000006.npz,D:\47\472\New-Papers\GIS\Codes\data\sim\sequences\seq_000006.npz,data\sim\sequences\seq_000006.npz,29575102,28.21 MB"
9,seq_|sequences_dir,D:\47\472\New-Papers\GIS\Codes\New_Branch\outputs\audit\dataset_location_audit\npz_files.csv,New_Branch\outputs\audit\dataset_location_audit\npz_files.csv,".npz,seq_000007.npz,D:\47\472\New-Papers\GIS\Codes\data\sim\sequences\seq_000007.npz,data\sim\sequences\seq_000007.npz,29575102,28.21 MB"
10,seq_|sequences_dir,D:\47\472\New-Papers\GIS\Codes\New_Branch\outputs\audit\dataset_location_audit\npz_files.csv,New_Branch\outputs\audit\dataset_location_audit\npz_files.csv,".npz,seq_000008.npz,D:\47\472\New-Papers\GIS\Codes\data\sim\sequences\seq_000008.npz,data\sim\sequences\seq_000008.npz,29575102,28.21 MB"
11,seq_|sequences_dir,D:\47\472\New-Papers\GIS\Codes\New_Branch\outputs\audit\dataset_location_audit\npz_files.csv,New_Branch\outputs\audit\dataset_location_audit\npz_files.csv,".npz,seq_000009.npz,D:\47\472\New-Papers\GIS\Codes\data\sim\sequences\seq_000009.npz,data\sim\sequences\seq_000009.npz,29575102,28.21 MB"
12,seq_|sequences_dir,D:\47\472\New-Papers\GIS\Codes\New_Branch\outputs\audit\dataset_location_audit\npz_files.csv,New_Branch\outputs\audit\dataset_location_audit\npz_files.csv,".npz,seq_000010.npz,D:\47\472\New-Papers\GIS\Codes\data\sim\sequences\seq_000010.npz,data\sim\sequences\seq_000010.npz,29575102,28.21 MB"
13,seq_|sequences_dir,D:\47\472\New-Papers\GIS\Codes\New_Branch\outputs\audit\dataset_location_audit\npz_files.csv,New_Branch\outputs\audit\dataset_location_audit\npz_files.csv,".npz,seq_000011.npz,D:\47\472\New-Papers\GIS\Codes\data\sim\sequences\seq_000011.npz,data\sim\sequences\seq_000011.npz,29575102,28.21 MB"
14,seq_|sequences_dir,D:\47\472\New-Papers\GIS\Codes\New_Branch\outputs\audit\dataset_location_audit\npz_files.csv,New_Branch\outputs\audit\dataset_location_audit\npz_files.csv,".npz,seq_000012.npz,D:\47\472\New-Papers\GIS\Codes\data\sim\sequences\seq_000012.npz,data\sim\sequences\seq_000012.npz,29575102,28.21 MB"
15,seq_|sequences_dir,D:\47\472\New-Papers\GIS\Codes\New_Branch\outputs\audit\dataset_location_audit\npz_files.csv,New_Branch\outputs\audit\dataset_location_audit\npz_files.csv,".npz,seq_000013.npz,D:\47\472\New-Papers\GIS\Codes\data\sim\sequences\seq_000013.npz,data\sim\sequences\seq_000013.npz,29575102,28.21 MB"
16,seq_|sequences_dir,D:\47\472\New-Papers\GIS\Codes\New_Branch\outputs\audit\dataset_location_audit\npz_files.csv,New_Branch\outputs\audit\dataset_location_audit\npz_files.csv,".npz,seq_000014.npz,D:\47\472\New-Papers\GIS\Codes\data\sim\sequences\seq_000014.npz,data\sim\sequences\seq_000014.npz,29575102,28.21 MB"
17,seq_|sequences_dir,D:\47\472\New-Papers\GIS\Codes\New_Branch\outputs\audit\dataset_location_audit\npz_files.csv,New_Branch\outputs\audit\dataset_location_audit\npz_files.csv,".npz,seq_000015.npz,D:\47\472\New-Papers\GIS\Codes\data\sim\sequences\seq_000015.npz,data\sim\sequences\seq_000015.npz,29575102,28.21 MB"
18,seq_|sequences_dir,D:\47\472\New-Papers\GIS\Codes\New_Branch\outputs\audit\dataset_location_audit\npz_files.csv,New_Branch\outputs\audit\dataset_location_audit\npz_files.csv,".npz,seq_000016.npz,D:\47\472\New-Papers\GIS\Codes\data\sim\sequences\seq_000016.npz,data\sim\sequences\seq_000016.npz,29575102,28.21 MB"
19,seq_|sequences_dir,D:\47\472\New-Papers\GIS\Codes\New_Branch\outputs\audit\dataset_location_audit\npz_files.csv,New_Branch\outputs\audit\dataset_location_audit\npz_files.csv,".npz,seq_000017.npz,D:\47\472\New-Papers\GIS\Codes\data\sim\sequences\seq_000017.npz,data\sim\sequences\seq_000017.npz,29575102,28.21 MB"
20,seq_|sequences_dir,D:\47\472\New-Papers\GIS\Codes\New_Branch\outputs\audit\dataset_location_audit\npz_files.csv,New_Branch\outputs\audit\dataset_location_audit\npz_files.csv,".npz,seq_000018.npz,D:\47\472\New-Papers\GIS\Codes\data\sim\sequences\seq_000018.npz,data\sim\sequences\seq_000018.npz,29575102,28.21 MB"
21,seq_|sequences_dir,D:\47\472\New-Papers\GIS\Codes\New_Branch\outputs\audit\dataset_location_audit\npz_files.csv,New_Branch\outputs\audit\dataset_location_audit\npz_files.csv,".npz,seq_000019.npz,D:\47\472\New-Papers\GIS\Codes\data\sim\sequences\seq_000019.npz,data\sim\sequences\seq_000019.npz,29575102,28.21 MB"
22,seq_|sequences_dir,D:\47\472\New-Papers\GIS\Codes\New_Branch\outputs\audit\dataset_location_audit\npz_files.csv,New_Branch\outputs\audit\dataset_location_audit\npz_files.csv,".npz,seq_000020.npz,D:\47\472\New-Papers\GIS\Codes\data\sim\sequences\seq_000020.npz,data\sim\sequences\seq_000020.npz,29575102,28.21 MB"
23,seq_|sequences_dir,D:\47\472\New-Papers\GIS\Codes\New_Branch\outputs\audit\dataset_location_audit\npz_files.csv,New_Branch\outputs\audit\dataset_location_audit\npz_files.csv,".npz,seq_000021.npz,D:\47\472\New-Papers\GIS\Codes\data\sim\sequences\seq_000021.npz,data\sim\sequences\seq_000021.npz,29575102,28.21 MB"
24,seq_|sequences_dir,D:\47\472\New-Papers\GIS\Codes\New_Branch\outputs\audit\dataset_location_audit\npz_files.csv,New_Branch\outputs\audit\dataset_location_audit\npz_files.csv,".npz,seq_000022.npz,D:\47\472\New-Papers\GIS\Codes\data\sim\sequences\seq_000022.npz,data\sim\sequences\seq_000022.npz,29575102,28.21 MB"
25,seq_|sequences_dir,D:\47\472\New-Papers\GIS\Codes\New_Branch\outputs\audit\dataset_location_audit\npz_files.csv,New_Branch\outputs\audit\dataset_location_audit\npz_files.csv,".npz,seq_000023.npz,D:\47\472\New-Papers\GIS\Codes\data\sim\sequences\seq_000023.npz,data\sim\sequences\seq_000023.npz,29575102,28.21 MB"
26,seq_|sequences_dir,D:\47\472\New-Papers\GIS\Codes\New_Branch\outputs\audit\dataset_location_audit\npz_files.csv,New_Branch\outputs\audit\dataset_location_audit\npz_files.csv,".npz,seq_000024.npz,D:\47\472\New-Papers\GIS\Codes\data\sim\sequences\seq_000024.npz,data\sim\sequences\seq_000024.npz,29575102,28.21 MB"
27,seq_|sequences_dir,D:\47\472\New-Papers\GIS\Codes\New_Branch\outputs\audit\dataset_location_audit\npz_files.csv,New_Branch\outputs\audit\dataset_location_audit\npz_files.csv,".npz,seq_000025.npz,D:\47\472\New-Papers\GIS\Codes\data\sim\sequences\seq_000025.npz,data\sim\sequences\seq_000025.npz,29575102,28.21 MB"
28,seq_|sequences_dir,D:\47\472\New-Papers\GIS\Codes\New_Branch\outputs\audit\dataset_location_audit\npz_files.csv,New_Branch\outputs\audit\dataset_location_audit\npz_files.csv,".npz,seq_000026.npz,D:\47\472\New-Papers\GIS\Codes\data\sim\sequences\seq_000026.npz,data\sim\sequences\seq_000026.npz,29575102,28.21 MB"
29,seq_|sequences_dir,D:\47\472\New-Papers\GIS\Codes\New_Branch\outputs\audit\dataset_location_audit\npz_files.csv,New_Branch\outputs\audit\dataset_location_audit\npz_files.csv,".npz,seq_000027.npz,D:\47\472\New-Papers\GIS\Codes\data\sim\sequences\seq_000027.npz,data\sim\sequences\seq_000027.npz,29575102,28.21 MB"
30,seq_|sequences_dir,D:\47\472\New-Papers\GIS\Codes\New_Branch\outputs\audit\dataset_location_audit\npz_files.csv,New_Branch\outputs\audit\dataset_location_audit\npz_files.csv,".npz,seq_000028.npz,D:\47\472\New-Papers\GIS\Codes\data\sim\sequences\seq_000028.npz,data\sim\sequences\seq_000028.npz,29575102,28.21 MB"
31,seq_|sequences_dir,D:\47\472\New-Papers\GIS\Codes\New_Branch\outputs\audit\dataset_location_audit\npz_files.csv,New_Branch\outputs\audit\dataset_location_audit\npz_files.csv,".npz,seq_000029.npz,D:\47\472\New-Papers\GIS\Codes\data\sim\sequences\seq_000029.npz,data\sim\sequences\seq_000029.npz,29575102,28.21 MB"
32,seq_|sequences_dir,D:\47\472\New-Papers\GIS\Codes\New_Branch\outputs\audit\dataset_location_audit\npz_files.csv,New_Branch\outputs\audit\dataset_location_audit\npz_files.csv,".npz,seq_000030.npz,D:\47\472\New-Papers\GIS\Codes\data\sim\sequences\seq_000030.npz,data\sim\sequences\seq_000030.npz,29575102,28.21 MB"
33,seq_|sequences_dir,D:\47\472\New-Papers\GIS\Codes\New_Branch\outputs\audit\dataset_location_audit\npz_files.csv,New_Branch\outputs\audit\dataset_location_audit\npz_files.csv,".npz,seq_000031.npz,D:\47\472\New-Papers\GIS\Codes\data\sim\sequences\seq_000031.npz,data\sim\sequences\seq_000031.npz,29575102,28.21 MB"
34,seq_|sequences_dir,D:\47\472\New-Papers\GIS\Codes\New_Branch\outputs\audit\dataset_location_audit\npz_files.csv,New_Branch\outputs\audit\dataset_location_audit\npz_files.csv,".npz,seq_000032.npz,D:\47\472\New-Papers\GIS\Codes\data\sim\sequences\seq_000032.npz,data\sim\sequences\seq_000032.npz,29575102,28.21 MB"
35,seq_|sequences_dir,D:\47\472\New-Papers\GIS\Codes\New_Branch\outputs\audit\dataset_location_audit\npz_files.csv,New_Branch\outputs\audit\dataset_location_audit\npz_files.csv,".npz,seq_000033.npz,D:\47\472\New-Papers\GIS\Codes\data\sim\sequences\seq_000033.npz,data\sim\sequences\seq_000033.npz,29575102,28.21 MB"
36,seq_|sequences_dir,D:\47\472\New-Papers\GIS\Codes\New_Branch\outputs\audit\dataset_location_audit\npz_files.csv,New_Branch\outputs\audit\dataset_location_audit\npz_files.csv,".npz,seq_000034.npz,D:\47\472\New-Papers\GIS\Codes\data\sim\sequences\seq_000034.npz,data\sim\sequences\seq_000034.npz,29575102,28.21 MB"
37,seq_|sequences_dir,D:\47\472\New-Papers\GIS\Codes\New_Branch\outputs\audit\dataset_location_audit\npz_files.csv,New_Branch\outputs\audit\dataset_location_audit\npz_files.csv,".npz,seq_000035.npz,D:\47\472\New-Papers\GIS\Codes\data\sim\sequences\seq_000035.npz,data\sim\sequences\seq_000035.npz,29575102,28.21 MB"
38,seq_|sequences_dir,D:\47\472\New-Papers\GIS\Codes\New_Branch\outputs\audit\dataset_location_audit\npz_files.csv,New_Branch\outputs\audit\dataset_location_audit\npz_files.csv,".npz,seq_000036.npz,D:\47\472\New-Papers\GIS\Codes\data\sim\sequences\seq_000036.npz,data\sim\sequences\seq_000036.npz,29575102,28.21 MB"
39,seq_|sequences_dir,D:\47\472\New-Papers\GIS\Codes\New_Branch\outputs\audit\dataset_location_audit\npz_files.csv,New_Branch\outputs\audit\dataset_location_audit\npz_files.csv,".npz,seq_000037.npz,D:\47\472\New-Papers\GIS\Codes\data\sim\sequences\seq_000037.npz,data\sim\sequences\seq_000037.npz,29575102,28.21 MB"
40,seq_|sequences_dir,D:\47\472\New-Papers\GIS\Codes\New_Branch\outputs\audit\dataset_location_audit\npz_files.csv,New_Branch\outputs\audit\dataset_location_audit\npz_files.csv,".npz,seq_000038.npz,D:\47\472\New-Papers\GIS\Codes\data\sim\sequences\seq_000038.npz,data\sim\sequences\seq_000038.npz,29575102,28.21 MB"
41,seq_|sequences_dir,D:\47\472\New-Papers\GIS\Codes\New_Branch\outputs\audit\dataset_location_audit\npz_files.csv,New_Branch\outputs\audit\dataset_location_audit\npz_files.csv,".npz,seq_000039.npz,D:\47\472\New-Papers\GIS\Codes\data\sim\sequences\seq_000039.npz,data\sim\sequences\seq_000039.npz,29575102,28.21 MB"
42,seq_|sequences_dir,D:\47\472\New-Papers\GIS\Codes\New_Branch\outputs\audit\dataset_location_audit\npz_files.csv,New_Branch\outputs\audit\dataset_location_audit\npz_files.csv,".npz,seq_000040.npz,D:\47\472\New-Papers\GIS\Codes\data\sim\sequences\seq_000040.npz,data\sim\sequences\seq_000040.npz,29575102,28.21 MB"
43,seq_|sequences_dir,D:\47\472\New-Papers\GIS\Codes\New_Branch\outputs\audit\dataset_location_audit\npz_files.csv,New_Branch\outputs\audit\dataset_location_audit\npz_files.csv,".npz,seq_000041.npz,D:\47\472\New-Papers\GIS\Codes\data\sim\sequences\seq_000041.npz,data\sim\sequences\seq_000041.npz,29575102,28.21 MB"
44,seq_|sequences_dir,D:\47\472\New-Papers\GIS\Codes\New_Branch\outputs\audit\dataset_location_audit\npz_files.csv,New_Branch\outputs\audit\dataset_location_audit\npz_files.csv,".npz,seq_000042.npz,D:\47\472\New-Papers\GIS\Codes\data\sim\sequences\seq_000042.npz,data\sim\sequences\seq_000042.npz,29575102,28.21 MB"
45,seq_|sequences_dir,D:\47\472\New-Papers\GIS\Codes\New_Branch\outputs\audit\dataset_location_audit\npz_files.csv,New_Branch\outputs\audit\dataset_location_audit\npz_files.csv,".npz,seq_000043.npz,D:\47\472\New-Papers\GIS\Codes\data\sim\sequences\seq_000043.npz,data\sim\sequences\seq_000043.npz,29575102,28.21 MB"
46,seq_|sequences_dir,D:\47\472\New-Papers\GIS\Codes\New_Branch\outputs\audit\dataset_location_audit\npz_files.csv,New_Branch\outputs\audit\dataset_location_audit\npz_files.csv,".npz,seq_000044.npz,D:\47\472\New-Papers\GIS\Codes\data\sim\sequences\seq_000044.npz,data\sim\sequences\seq_000044.npz,29575102,28.21 MB"
47,seq_|sequences_dir,D:\47\472\New-Papers\GIS\Codes\New_Branch\outputs\audit\dataset_location_audit\npz_files.csv,New_Branch\outputs\audit\dataset_location_audit\npz_files.csv,".npz,seq_000045.npz,D:\47\472\New-Papers\GIS\Codes\data\sim\sequences\seq_000045.npz,data\sim\sequences\seq_000045.npz,29575102,28.21 MB"
48,seq_|sequences_dir,D:\47\472\New-Papers\GIS\Codes\New_Branch\outputs\audit\dataset_location_audit\npz_files.csv,New_Branch\outputs\audit\dataset_location_audit\npz_files.csv,".npz,seq_000046.npz,D:\47\472\New-Papers\GIS\Codes\data\sim\sequences\seq_000046.npz,data\sim\sequences\seq_000046.npz,29575102,28.21 MB"
49,seq_|sequences_dir,D:\47\472\New-Papers\GIS\Codes\New_Branch\outputs\audit\dataset_location_audit\npz_files.csv,New_Branch\outputs\audit\dataset_location_audit\npz_files.csv,".npz,seq_000047.npz,D:\47\472\New-Papers\GIS\Codes\data\sim\sequences\seq_000047.npz,data\sim\sequences\seq_000047.npz,29575102,28.21 MB"
50,seq_|sequences_dir,D:\47\472\New-Papers\GIS\Codes\New_Branch\outputs\audit\dataset_location_audit\npz_files.csv,New_Branch\outputs\audit\dataset_location_audit\npz_files.csv,".npz,seq_000048.npz,D:\47\472\New-Papers\GIS\Codes\data\sim\sequences\seq_000048.npz,data\sim\sequences\seq_000048.npz,29575102,28.21 MB"
51,seq_|sequences_dir,D:\47\472\New-Papers\GIS\Codes\New_Branch\outputs\audit\dataset_location_audit\npz_files.csv,New_Branch\outputs\audit\dataset_location_audit\npz_files.csv,".npz,seq_000049.npz,D:\47\472\New-Papers\GIS\Codes\data\sim\sequences\seq_000049.npz,data\sim\sequences\seq_000049.npz,29575102,28.21 MB"
52,seq_|sequences_dir,D:\47\472\New-Papers\GIS\Codes\New_Branch\outputs\audit\dataset_location_audit\npz_files.csv,New_Branch\outputs\audit\dataset_location_audit\npz_files.csv,".npz,seq_000050.npz,D:\47\472\New-Papers\GIS\Codes\data\sim\sequences\seq_000050.npz,data\sim\sequences\seq_000050.npz,29575102,28.21 MB"
53,seq_|sequences_dir,D:\47\472\New-Papers\GIS\Codes\New_Branch\outputs\audit\dataset_location_audit\npz_files.csv,New_Branch\outputs\audit\dataset_location_audit\npz_files.csv,".npz,seq_000051.npz,D:\47\472\New-Papers\GIS\Codes\data\sim\sequences\seq_000051.npz,data\sim\sequences\seq_000051.npz,29575102,28.21 MB"
54,seq_|sequences_dir,D:\47\472\New-Papers\GIS\Codes\New_Branch\outputs\audit\dataset_location_audit\npz_files.csv,New_Branch\outputs\audit\dataset_location_audit\npz_files.csv,".npz,seq_000052.npz,D:\47\472\New-Papers\GIS\Codes\data\sim\sequences\seq_000052.npz,data\sim\sequences\seq_000052.npz,29575102,28.21 MB"
55,seq_|sequences_dir,D:\47\472\New-Papers\GIS\Codes\New_Branch\outputs\audit\dataset_location_audit\npz_files.csv,New_Branch\outputs\audit\dataset_location_audit\npz_files.csv,".npz,seq_000053.npz,D:\47\472\New-Papers\GIS\Codes\data\sim\sequences\seq_000053.npz,data\sim\sequences\seq_000053.npz,29575102,28.21 MB"
56,seq_|sequences_dir,D:\47\472\New-Papers\GIS\Codes\New_Branch\outputs\audit\dataset_location_audit\npz_files.csv,New_Branch\outputs\audit\dataset_location_audit\npz_files.csv,".npz,seq_000054.npz,D:\47\472\New-Papers\GIS\Codes\data\sim\sequences\seq_000054.npz,data\sim\sequences\seq_000054.npz,29575102,28.21 MB"
57,seq_|sequences_dir,D:\47\472\New-Papers\GIS\Codes\New_Branch\outputs\audit\dataset_location_audit\npz_files.csv,New_Branch\outputs\audit\dataset_location_audit\npz_files.csv,".npz,seq_000055.npz,D:\47\472\New-Papers\GIS\Codes\data\sim\sequences\seq_000055.npz,data\sim\sequences\seq_000055.npz,29575102,28.21 MB"
58,seq_|sequences_dir,D:\47\472\New-Papers\GIS\Codes\New_Branch\outputs\audit\dataset_location_audit\npz_files.csv,New_Branch\outputs\audit\dataset_location_audit\npz_files.csv,".npz,seq_000056.npz,D:\47\472\New-Papers\GIS\Codes\data\sim\sequences\seq_000056.npz,data\sim\sequences\seq_000056.npz,29575102,28.21 MB"
59,seq_|sequences_dir,D:\47\472\New-Papers\GIS\Codes\New_Branch\outputs\audit\dataset_location_audit\npz_files.csv,New_Branch\outputs\audit\dataset_location_audit\npz_files.csv,".npz,seq_000057.npz,D:\47\472\New-Papers\GIS\Codes\data\sim\sequences\seq_000057.npz,data\sim\sequences\seq_000057.npz,29575102,28.21 MB"
60,seq_|sequences_dir,D:\47\472\New-Papers\GIS\Codes\New_Branch\outputs\audit\dataset_location_audit\npz_files.csv,New_Branch\outputs\audit\dataset_location_audit\npz_files.csv,".npz,seq_000058.npz,D:\47\472\New-Papers\GIS\Codes\data\sim\sequences\seq_000058.npz,data\sim\sequences\seq_000058.npz,29575102,28.21 MB"
61,seq_|sequences_dir,D:\47\472\New-Papers\GIS\Codes\New_Branch\outputs\audit\dataset_location_audit\npz_files.csv,New_Branch\outputs\audit\dataset_location_audit\npz_files.csv,".npz,seq_000059.npz,D:\47\472\New-Papers\GIS\Codes\data\sim\sequences\seq_000059.npz,data\sim\sequences\seq_000059.npz,29575102,28.21 MB"
62,seq_|sequences_dir,D:\47\472\New-Papers\GIS\Codes\New_Branch\outputs\audit\dataset_location_audit\npz_files.csv,New_Branch\outputs\audit\dataset_location_audit\npz_files.csv,".npz,seq_000060.npz,D:\47\472\New-Papers\GIS\Codes\data\sim\sequences\seq_000060.npz,data\sim\sequences\seq_000060.npz,29575102,28.21 MB"
63,seq_|sequences_dir,D:\47\472\New-Papers\GIS\Codes\New_Branch\outputs\audit\dataset_location_audit\npz_files.csv,New_Branch\outputs\audit\dataset_location_audit\npz_files.csv,".npz,seq_000061.npz,D:\47\472\New-Papers\GIS\Codes\data\sim\sequences\seq_000061.npz,data\sim\sequences\seq_000061.npz,29575102,28.21 MB"
64,seq_|sequences_dir,D:\47\472\New-Papers\GIS\Codes\New_Branch\outputs\audit\dataset_location_audit\npz_files.csv,New_Branch\outputs\audit\dataset_location_audit\npz_files.csv,".npz,seq_000062.npz,D:\47\472\New-Papers\GIS\Codes\data\sim\sequences\seq_000062.npz,data\sim\sequences\seq_000062.npz,29575102,28.21 MB"
65,seq_|sequences_dir,D:\47\472\New-Papers\GIS\Codes\New_Branch\outputs\audit\dataset_location_audit\npz_files.csv,New_Branch\outputs\audit\dataset_location_audit\npz_files.csv,".npz,seq_000063.npz,D:\47\472\New-Papers\GIS\Codes\data\sim\sequences\seq_000063.npz,data\sim\sequences\seq_000063.npz,29575102,28.21 MB"
66,seq_|sequences_dir,D:\47\472\New-Papers\GIS\Codes\New_Branch\outputs\audit\dataset_location_audit\npz_files.csv,New_Branch\outputs\audit\dataset_location_audit\npz_files.csv,".npz,seq_000064.npz,D:\47\472\New-Papers\GIS\Codes\data\sim\sequences\seq_000064.npz,data\sim\sequences\seq_000064.npz,29575102,28.21 MB"
67,seq_|sequences_dir,D:\47\472\New-Papers\GIS\Codes\New_Branch\outputs\audit\dataset_location_audit\npz_files.csv,New_Branch\outputs\audit\dataset_location_audit\npz_files.csv,".npz,seq_000065.npz,D:\47\472\New-Papers\GIS\Codes\data\sim\sequences\seq_000065.npz,data\sim\sequences\seq_000065.npz,29575102,28.21 MB"
68,seq_|sequences_dir,D:\47\472\New-Papers\GIS\Codes\New_Branch\outputs\audit\dataset_location_audit\npz_files.csv,New_Branch\outputs\audit\dataset_location_audit\npz_files.csv,".npz,seq_000066.npz,D:\47\472\New-Papers\GIS\Codes\data\sim\sequences\seq_000066.npz,data\sim\sequences\seq_000066.npz,29575102,28.21 MB"
69,seq_|sequences_dir,D:\47\472\New-Papers\GIS\Codes\New_Branch\outputs\audit\dataset_location_audit\npz_files.csv,New_Branch\outputs\audit\dataset_location_audit\npz_files.csv,".npz,seq_000067.npz,D:\47\472\New-Papers\GIS\Codes\data\sim\sequences\seq_000067.npz,data\sim\sequences\seq_000067.npz,29575102,28.21 MB"
70,seq_|sequences_dir,D:\47\472\New-Papers\GIS\Codes\New_Branch\outputs\audit\dataset_location_audit\npz_files.csv,New_Branch\outputs\audit\dataset_location_audit\npz_files.csv,".npz,seq_000068.npz,D:\47\472\New-Papers\GIS\Codes\data\sim\sequences\seq_000068.npz,data\sim\sequences\seq_000068.npz,29575102,28.21 MB"
71,seq_|sequences_dir,D:\47\472\New-Papers\GIS\Codes\New_Branch\outputs\audit\dataset_location_audit\npz_files.csv,New_Branch\outputs\audit\dataset_location_audit\npz_files.csv,".npz,seq_000069.npz,D:\47\472\New-Papers\GIS\Codes\data\sim\sequences\seq_000069.npz,data\sim\sequences\seq_000069.npz,29575102,28.21 MB"
72,seq_|sequences_dir,D:\47\472\New-Papers\GIS\Codes\New_Branch\outputs\audit\dataset_location_audit\npz_files.csv,New_Branch\outputs\audit\dataset_location_audit\npz_files.csv,".npz,seq_000070.npz,D:\47\472\New-Papers\GIS\Codes\data\sim\sequences\seq_000070.npz,data\sim\sequences\seq_000070.npz,29575102,28.21 MB"
73,seq_|sequences_dir,D:\47\472\New-Papers\GIS\Codes\New_Branch\outputs\audit\dataset_location_audit\npz_files.csv,New_Branch\outputs\audit\dataset_location_audit\npz_files.csv,".npz,seq_000071.npz,D:\47\472\New-Papers\GIS\Codes\data\sim\sequences\seq_000071.npz,data\sim\sequences\seq_000071.npz,29575102,28.21 MB"
74,seq_|sequences_dir,D:\47\472\New-Papers\GIS\Codes\New_Branch\outputs\audit\dataset_location_audit\npz_files.csv,New_Branch\outputs\audit\dataset_location_audit\npz_files.csv,".npz,seq_000072.npz,D:\47\472\New-Papers\GIS\Codes\data\sim\sequences\seq_000072.npz,data\sim\sequences\seq_000072.npz,29575102,28.21 MB"
75,seq_|sequences_dir,D:\47\472\New-Papers\GIS\Codes\New_Branch\outputs\audit\dataset_location_audit\npz_files.csv,New_Branch\outputs\audit\dataset_location_audit\npz_files.csv,".npz,seq_000073.npz,D:\47\472\New-Papers\GIS\Codes\data\sim\sequences\seq_000073.npz,data\sim\sequences\seq_000073.npz,29575102,28.21 MB"
76,seq_|sequences_dir,D:\47\472\New-Papers\GIS\Codes\New_Branch\outputs\audit\dataset_location_audit\npz_files.csv,New_Branch\outputs\audit\dataset_location_audit\npz_files.csv,".npz,seq_000074.npz,D:\47\472\New-Papers\GIS\Codes\data\sim\sequences\seq_000074.npz,data\sim\sequences\seq_000074.npz,29575102,28.21 MB"
77,seq_|sequences_dir,D:\47\472\New-Papers\GIS\Codes\New_Branch\outputs\audit\dataset_location_audit\npz_files.csv,New_Branch\outputs\audit\dataset_location_audit\npz_files.csv,".npz,seq_000075.npz,D:\47\472\New-Papers\GIS\Codes\data\sim\sequences\seq_000075.npz,data\sim\sequences\seq_000075.npz,29575102,28.21 MB"
78,seq_|sequences_dir,D:\47\472\New-Papers\GIS\Codes\New_Branch\outputs\audit\dataset_location_audit\npz_files.csv,New_Branch\outputs\audit\dataset_location_audit\npz_files.csv,".npz,seq_000076.npz,D:\47\472\New-Papers\GIS\Codes\data\sim\sequences\seq_000076.npz,data\sim\sequences\seq_000076.npz,29575102,28.21 MB"
79,seq_|sequences_dir,D:\47\472\New-Papers\GIS\Codes\New_Branch\outputs\audit\dataset_location_audit\npz_files.csv,New_Branch\outputs\audit\dataset_location_audit\npz_files.csv,".npz,seq_000077.npz,D:\47\472\New-Papers\GIS\Codes\data\sim\sequences\seq_000077.npz,data\sim\sequences\seq_000077.npz,29575102,28.21 MB"
80,seq_|sequences_dir,D:\47\472\New-Papers\GIS\Codes\New_Branch\outputs\audit\dataset_location_audit\npz_files.csv,New_Branch\outputs\audit\dataset_location_audit\npz_files.csv,".npz,seq_000078.npz,D:\47\472\New-Papers\GIS\Codes\data\sim\sequences\seq_000078.npz,data\sim\sequences\seq_000078.npz,29575102,28.21 MB"
81,seq_|sequences_dir,D:\47\472\New-Papers\GIS\Codes\New_Branch\outputs\audit\dataset_location_audit\npz_files.csv,New_Branch\outputs\audit\dataset_location_audit\npz_files.csv,".npz,seq_000079.npz,D:\47\472\New-Papers\GIS\Codes\data\sim\sequences\seq_000079.npz,data\sim\sequences\seq_000079.npz,29575102,28.21 MB"
82,seq_|sequences_dir,D:\47\472\New-Papers\GIS\Codes\New_Branch\outputs\audit\dataset_location_audit\npz_files.csv,New_Branch\outputs\audit\dataset_location_audit\npz_files.csv,".npz,seq_000080.npz,D:\47\472\New-Papers\GIS\Codes\data\sim\sequences\seq_000080.npz,data\sim\sequences\seq_000080.npz,29575102,28.21 MB"
83,seq_|sequences_dir,D:\47\472\New-Papers\GIS\Codes\New_Branch\outputs\audit\dataset_location_audit\npz_files.csv,New_Branch\outputs\audit\dataset_location_audit\npz_files.csv,".npz,seq_000081.npz,D:\47\472\New-Papers\GIS\Codes\data\sim\sequences\seq_000081.npz,data\sim\sequences\seq_000081.npz,29575102,28.21 MB"
84,seq_|sequences_dir,D:\47\472\New-Papers\GIS\Codes\New_Branch\outputs\audit\dataset_location_audit\npz_files.csv,New_Branch\outputs\audit\dataset_location_audit\npz_files.csv,".npz,seq_000082.npz,D:\47\472\New-Papers\GIS\Codes\data\sim\sequences\seq_000082.npz,data\sim\sequences\seq_000082.npz,29575102,28.21 MB"
85,seq_|sequences_dir,D:\47\472\New-Papers\GIS\Codes\New_Branch\outputs\audit\dataset_location_audit\npz_files.csv,New_Branch\outputs\audit\dataset_location_audit\npz_files.csv,".npz,seq_000083.npz,D:\47\472\New-Papers\GIS\Codes\data\sim\sequences\seq_000083.npz,data\sim\sequences\seq_000083.npz,29575102,28.21 MB"
86,seq_|sequences_dir,D:\47\472\New-Papers\GIS\Codes\New_Branch\outputs\audit\dataset_location_audit\npz_files.csv,New_Branch\outputs\audit\dataset_location_audit\npz_files.csv,".npz,seq_000084.npz,D:\47\472\New-Papers\GIS\Codes\data\sim\sequences\seq_000084.npz,data\sim\sequences\seq_000084.npz,29575102,28.21 MB"
87,seq_|sequences_dir,D:\47\472\New-Papers\GIS\Codes\New_Branch\outputs\audit\dataset_location_audit\npz_files.csv,New_Branch\outputs\audit\dataset_location_audit\npz_files.csv,".npz,seq_000085.npz,D:\47\472\New-Papers\GIS\Codes\data\sim\sequences\seq_000085.npz,data\sim\sequences\seq_000085.npz,29575102,28.21 MB"
88,seq_|sequences_dir,D:\47\472\New-Papers\GIS\Codes\New_Branch\outputs\audit\dataset_location_audit\npz_files.csv,New_Branch\outputs\audit\dataset_location_audit\npz_files.csv,".npz,seq_000086.npz,D:\47\472\New-Papers\GIS\Codes\data\sim\sequences\seq_000086.npz,data\sim\sequences\seq_000086.npz,29575102,28.21 MB"
89,seq_|sequences_dir,D:\47\472\New-Papers\GIS\Codes\New_Branch\outputs\audit\dataset_location_audit\npz_files.csv,New_Branch\outputs\audit\dataset_location_audit\npz_files.csv,".npz,seq_000087.npz,D:\47\472\New-Papers\GIS\Codes\data\sim\sequences\seq_000087.npz,data\sim\sequences\seq_000087.npz,29575102,28.21 MB"
90,seq_|sequences_dir,D:\47\472\New-Papers\GIS\Codes\New_Branch\outputs\audit\dataset_location_audit\npz_files.csv,New_Branch\outputs\audit\dataset_location_audit\npz_files.csv,".npz,seq_000088.npz,D:\47\472\New-Papers\GIS\Codes\data\sim\sequences\seq_000088.npz,data\sim\sequences\seq_000088.npz,29575102,28.21 MB"
91,seq_|sequences_dir,D:\47\472\New-Papers\GIS\Codes\New_Branch\outputs\audit\dataset_location_audit\npz_files.csv,New_Branch\outputs\audit\dataset_location_audit\npz_files.csv,".npz,seq_000089.npz,D:\47\472\New-Papers\GIS\Codes\data\sim\sequences\seq_000089.npz,data\sim\sequences\seq_000089.npz,29575102,28.21 MB"
92,seq_|sequences_dir,D:\47\472\New-Papers\GIS\Codes\New_Branch\outputs\audit\dataset_location_audit\npz_files.csv,New_Branch\outputs\audit\dataset_location_audit\npz_files.csv,".npz,seq_000090.npz,D:\47\472\New-Papers\GIS\Codes\data\sim\sequences\seq_000090.npz,data\sim\sequences\seq_000090.npz,29575102,28.21 MB"
93,seq_|sequences_dir,D:\47\472\New-Papers\GIS\Codes\New_Branch\outputs\audit\dataset_location_audit\npz_files.csv,New_Branch\outputs\audit\dataset_location_audit\npz_files.csv,".npz,seq_000091.npz,D:\47\472\New-Papers\GIS\Codes\data\sim\sequences\seq_000091.npz,data\sim\sequences\seq_000091.npz,29575102,28.21 MB"
94,seq_|sequences_dir,D:\47\472\New-Papers\GIS\Codes\New_Branch\outputs\audit\dataset_location_audit\npz_files.csv,New_Branch\outputs\audit\dataset_location_audit\npz_files.csv,".npz,seq_000092.npz,D:\47\472\New-Papers\GIS\Codes\data\sim\sequences\seq_000092.npz,data\sim\sequences\seq_000092.npz,29575102,28.21 MB"
95,seq_|sequences_dir,D:\47\472\New-Papers\GIS\Codes\New_Branch\outputs\audit\dataset_location_audit\npz_files.csv,New_Branch\outputs\audit\dataset_location_audit\npz_files.csv,".npz,seq_000093.npz,D:\47\472\New-Papers\GIS\Codes\data\sim\sequences\seq_000093.npz,data\sim\sequences\seq_000093.npz,29575102,28.21 MB"
96,seq_|sequences_dir,D:\47\472\New-Papers\GIS\Codes\New_Branch\outputs\audit\dataset_location_audit\npz_files.csv,New_Branch\outputs\audit\dataset_location_audit\npz_files.csv,".npz,seq_000094.npz,D:\47\472\New-Papers\GIS\Codes\data\sim\sequences\seq_000094.npz,data\sim\sequences\seq_000094.npz,29575102,28.21 MB"
97,seq_|sequences_dir,D:\47\472\New-Papers\GIS\Codes\New_Branch\outputs\audit\dataset_location_audit\npz_files.csv,New_Branch\outputs\audit\dataset_location_audit\npz_files.csv,".npz,seq_000095.npz,D:\47\472\New-Papers\GIS\Codes\data\sim\sequences\seq_000095.npz,data\sim\sequences\seq_000095.npz,29575102,28.21 MB"
98,seq_|sequences_dir,D:\47\472\New-Papers\GIS\Codes\New_Branch\outputs\audit\dataset_location_audit\npz_files.csv,New_Branch\outputs\audit\dataset_location_audit\npz_files.csv,".npz,seq_000096.npz,D:\47\472\New-Papers\GIS\Codes\data\sim\sequences\seq_000096.npz,data\sim\sequences\seq_000096.npz,29575102,28.21 MB"
99,seq_|sequences_dir,D:\47\472\New-Papers\GIS\Codes\New_Branch\outputs\audit\dataset_location_audit\npz_files.csv,New_Branch\outputs\audit\dataset_location_audit\npz_files.csv,".npz,seq_000097.npz,D:\47\472\New-Papers\GIS\Codes\data\sim\sequences\seq_000097.npz,data\sim\sequences\seq_000097.npz,29575102,28.21 MB"
100,seq_|sequences_dir,D:\47\472\New-Papers\GIS\Codes\New_Branch\outputs\audit\dataset_location_audit\npz_files.csv,New_Branch\outputs\audit\dataset_location_audit\npz_files.csv,".npz,seq_000098.npz,D:\47\472\New-Papers\GIS\Codes\data\sim\sequences\seq_000098.npz,data\sim\sequences\seq_000098.npz,29575102,28.21 MB"
101,seq_|sequences_dir,D:\47\472\New-Papers\GIS\Codes\New_Branch\outputs\audit\dataset_location_audit\npz_files.csv,New_Branch\outputs\audit\dataset_location_audit\npz_files.csv,".npz,seq_000099.npz,D:\47\472\New-Papers\GIS\Codes\data\sim\sequences\seq_000099.npz,data\sim\sequences\seq_000099.npz,29575102,28.21 MB"
2,sequences_dir,D:\47\472\New-Papers\GIS\Codes\New_Branch\outputs\audit\dataset_location_audit\npz_locations.csv,New_Branch\outputs\audit\dataset_location_audit\npz_locations.csv,"D:\47\472\New-Papers\GIS\Codes\data\sim\sequences,100,data\sim\sequences,2957510200,2.75 GB"
2,theta|seq_|sequences_dir,D:\47\472\New-Papers\GIS\Codes\New_Branch\outputs\audit\dataset_location_audit\npz_structure_samples.csv,New_Branch\outputs\audit\dataset_location_audit\npz_structure_samples.csv,"float32,""(128, 128)"",D:\47\472\New-Papers\GIS\Codes\data\sim\sequences,float32,(),float32,(),u|y|sensor_mask|sensor_mask_t|c_field|theta|dt|dx,D:\47\472\New-Papers\GIS\Codes\data\sim\sequences\seq_000000.npz,uint8,""(128, 128)"",uint8,""(200, 128, 128)"",float32,""(3,)"",float32,""(200, 128, 128)"",float32,""(200, 128, 128)"""
3,theta|seq_|sequences_dir,D:\47\472\New-Papers\GIS\Codes\New_Branch\outputs\audit\dataset_location_audit\npz_structure_samples.csv,New_Branch\outputs\audit\dataset_location_audit\npz_structure_samples.csv,"float32,""(128, 128)"",D:\47\472\New-Papers\GIS\Codes\data\sim\sequences,float32,(),float32,(),u|y|sensor_mask|sensor_mask_t|c_field|theta|dt|dx,D:\47\472\New-Papers\GIS\Codes\data\sim\sequences\seq_000001.npz,uint8,""(128, 128)"",uint8,""(200, 128, 128)"",float32,""(3,)"",float32,""(200, 128, 128)"",float32,""(200, 128, 128)"""
4,theta|seq_|sequences_dir,D:\47\472\New-Papers\GIS\Codes\New_Branch\outputs\audit\dataset_location_audit\npz_structure_samples.csv,New_Branch\outputs\audit\dataset_location_audit\npz_structure_samples.csv,"float32,""(128, 128)"",D:\47\472\New-Papers\GIS\Codes\data\sim\sequences,float32,(),float32,(),u|y|sensor_mask|sensor_mask_t|c_field|theta|dt|dx,D:\47\472\New-Papers\GIS\Codes\data\sim\sequences\seq_000002.npz,uint8,""(128, 128)"",uint8,""(200, 128, 128)"",float32,""(3,)"",float32,""(200, 128, 128)"",float32,""(200, 128, 128)"""
2,sequences_dir,D:\47\472\New-Papers\GIS\Codes\New_Branch\outputs\audit\dataset_location_audit\text_references.csv,New_Branch\outputs\audit\dataset_location_audit\text_references.csv,"1005,sequence,D:\47\472\New-Papers\GIS\Codes\folder_structure.txt,folder_structure.txt,│   │       │   │   │   │   ├── sequence"
3,sequences_dir,D:\47\472\New-Papers\GIS\Codes\New_Branch\outputs\audit\dataset_location_audit\text_references.csv,New_Branch\outputs\audit\dataset_location_audit\text_references.csv,"1271,sequence,D:\47\472\New-Papers\GIS\Codes\folder_structure.txt,folder_structure.txt,│   │       │   │   ├── sequence"
4,sequences_dir,D:\47\472\New-Papers\GIS\Codes\New_Branch\outputs\audit\dataset_location_audit\text_references.csv,New_Branch\outputs\audit\dataset_location_audit\text_references.csv,"2033,sequence,D:\47\472\New-Papers\GIS\Codes\folder_structure.txt,folder_structure.txt,│   │       │   │   │   │   │   ├── sequence.cpython-312.pyc"
5,sequences_dir,D:\47\472\New-Papers\GIS\Codes\New_Branch\outputs\audit\dataset_location_audit\text_references.csv,New_Branch\outputs\audit\dataset_location_audit\text_references.csv,"2037,sequence,D:\47\472\New-Papers\GIS\Codes\folder_structure.txt,folder_structure.txt,│   │       │   │   │   │   ├── sequence.py"
8,sequences_dir,D:\47\472\New-Papers\GIS\Codes\New_Branch\outputs\audit\dataset_location_audit\text_references.csv,New_Branch\outputs\audit\dataset_location_audit\text_references.csv,"29392,sequence,D:\47\472\New-Papers\GIS\Codes\folder_structure.txt,folder_structure.txt,│       ├── sequences"
9,seq_,D:\47\472\New-Papers\GIS\Codes\New_Branch\outputs\audit\dataset_location_audit\text_references.csv,New_Branch\outputs\audit\dataset_location_audit\text_references.csv,"29393,npz,D:\47\472\New-Papers\GIS\Codes\folder_structure.txt,folder_structure.txt,│       │   ├── seq_000000.npz"
10,seq_,D:\47\472\New-Papers\GIS\Codes\New_Branch\outputs\audit\dataset_location_audit\text_references.csv,New_Branch\outputs\audit\dataset_location_audit\text_references.csv,"29394,npz,D:\47\472\New-Papers\GIS\Codes\folder_structure.txt,folder_structure.txt,│       │   ├── seq_000001.npz"
11,seq_,D:\47\472\New-Papers\GIS\Codes\New_Branch\outputs\audit\dataset_location_audit\text_references.csv,New_Branch\outputs\audit\dataset_location_audit\text_references.csv,"29395,npz,D:\47\472\New-Papers\GIS\Codes\folder_structure.txt,folder_structure.txt,│       │   ├── seq_000002.npz"
12,seq_,D:\47\472\New-Papers\GIS\Codes\New_Branch\outputs\audit\dataset_location_audit\text_references.csv,New_Branch\outputs\audit\dataset_location_audit\text_references.csv,"29396,npz,D:\47\472\New-Papers\GIS\Codes\folder_structure.txt,folder_structure.txt,│       │   ├── seq_000003.npz"
13,seq_,D:\47\472\New-Papers\GIS\Codes\New_Branch\outputs\audit\dataset_location_audit\text_references.csv,New_Branch\outputs\audit\dataset_location_audit\text_references.csv,"29397,npz,D:\47\472\New-Papers\GIS\Codes\folder_structure.txt,folder_structure.txt,│       │   ├── seq_000004.npz"
14,seq_,D:\47\472\New-Papers\GIS\Codes\New_Branch\outputs\audit\dataset_location_audit\text_references.csv,New_Branch\outputs\audit\dataset_location_audit\text_references.csv,"29398,npz,D:\47\472\New-Papers\GIS\Codes\folder_structure.txt,folder_structure.txt,│       │   ├── seq_000005.npz"
15,seq_,D:\47\472\New-Papers\GIS\Codes\New_Branch\outputs\audit\dataset_location_audit\text_references.csv,New_Branch\outputs\audit\dataset_location_audit\text_references.csv,"29399,npz,D:\47\472\New-Papers\GIS\Codes\folder_structure.txt,folder_structure.txt,│       │   ├── seq_000006.npz"
16,seq_,D:\47\472\New-Papers\GIS\Codes\New_Branch\outputs\audit\dataset_location_audit\text_references.csv,New_Branch\outputs\audit\dataset_location_audit\text_references.csv,"29400,npz,D:\47\472\New-Papers\GIS\Codes\folder_structure.txt,folder_structure.txt,│       │   ├── seq_000007.npz"
17,seq_,D:\47\472\New-Papers\GIS\Codes\New_Branch\outputs\audit\dataset_location_audit\text_references.csv,New_Branch\outputs\audit\dataset_location_audit\text_references.csv,"29401,npz,D:\47\472\New-Papers\GIS\Codes\folder_structure.txt,folder_structure.txt,│       │   ├── seq_000008.npz"
18,seq_,D:\47\472\New-Papers\GIS\Codes\New_Branch\outputs\audit\dataset_location_audit\text_references.csv,New_Branch\outputs\audit\dataset_location_audit\text_references.csv,"29402,npz,D:\47\472\New-Papers\GIS\Codes\folder_structure.txt,folder_structure.txt,│       │   ├── seq_000009.npz"
19,seq_,D:\47\472\New-Papers\GIS\Codes\New_Branch\outputs\audit\dataset_location_audit\text_references.csv,New_Branch\outputs\audit\dataset_location_audit\text_references.csv,"29403,npz,D:\47\472\New-Papers\GIS\Codes\folder_structure.txt,folder_structure.txt,│       │   ├── seq_000010.npz"
20,seq_,D:\47\472\New-Papers\GIS\Codes\New_Branch\outputs\audit\dataset_location_audit\text_references.csv,New_Branch\outputs\audit\dataset_location_audit\text_references.csv,"29404,npz,D:\47\472\New-Papers\GIS\Codes\folder_structure.txt,folder_structure.txt,│       │   ├── seq_000011.npz"
21,seq_,D:\47\472\New-Papers\GIS\Codes\New_Branch\outputs\audit\dataset_location_audit\text_references.csv,New_Branch\outputs\audit\dataset_location_audit\text_references.csv,"29405,npz,D:\47\472\New-Papers\GIS\Codes\folder_structure.txt,folder_structure.txt,│       │   ├── seq_000012.npz"
22,seq_,D:\47\472\New-Papers\GIS\Codes\New_Branch\outputs\audit\dataset_location_audit\text_references.csv,New_Branch\outputs\audit\dataset_location_audit\text_references.csv,"29406,npz,D:\47\472\New-Papers\GIS\Codes\folder_structure.txt,folder_structure.txt,│       │   ├── seq_000013.npz"
23,seq_,D:\47\472\New-Papers\GIS\Codes\New_Branch\outputs\audit\dataset_location_audit\text_references.csv,New_Branch\outputs\audit\dataset_location_audit\text_references.csv,"29407,npz,D:\47\472\New-Papers\GIS\Codes\folder_structure.txt,folder_structure.txt,│       │   ├── seq_000014.npz"
24,seq_,D:\47\472\New-Papers\GIS\Codes\New_Branch\outputs\audit\dataset_location_audit\text_references.csv,New_Branch\outputs\audit\dataset_location_audit\text_references.csv,"29408,npz,D:\47\472\New-Papers\GIS\Codes\folder_structure.txt,folder_structure.txt,│       │   ├── seq_000015.npz"
25,seq_,D:\47\472\New-Papers\GIS\Codes\New_Branch\outputs\audit\dataset_location_audit\text_references.csv,New_Branch\outputs\audit\dataset_location_audit\text_references.csv,"29409,npz,D:\47\472\New-Papers\GIS\Codes\folder_structure.txt,folder_structure.txt,│       │   ├── seq_000016.npz"
26,seq_,D:\47\472\New-Papers\GIS\Codes\New_Branch\outputs\audit\dataset_location_audit\text_references.csv,New_Branch\outputs\audit\dataset_location_audit\text_references.csv,"29410,npz,D:\47\472\New-Papers\GIS\Codes\folder_structure.txt,folder_structure.txt,│       │   ├── seq_000017.npz"
27,seq_,D:\47\472\New-Papers\GIS\Codes\New_Branch\outputs\audit\dataset_location_audit\text_references.csv,New_Branch\outputs\audit\dataset_location_audit\text_references.csv,"29411,npz,D:\47\472\New-Papers\GIS\Codes\folder_structure.txt,folder_structure.txt,│       │   ├── seq_000018.npz"
28,seq_,D:\47\472\New-Papers\GIS\Codes\New_Branch\outputs\audit\dataset_location_audit\text_references.csv,New_Branch\outputs\audit\dataset_location_audit\text_references.csv,"29412,npz,D:\47\472\New-Papers\GIS\Codes\folder_structure.txt,folder_structure.txt,│       │   ├── seq_000019.npz"
29,seq_,D:\47\472\New-Papers\GIS\Codes\New_Branch\outputs\audit\dataset_location_audit\text_references.csv,New_Branch\outputs\audit\dataset_location_audit\text_references.csv,"29413,npz,D:\47\472\New-Papers\GIS\Codes\folder_structure.txt,folder_structure.txt,│       │   ├── seq_000020.npz"
30,seq_,D:\47\472\New-Papers\GIS\Codes\New_Branch\outputs\audit\dataset_location_audit\text_references.csv,New_Branch\outputs\audit\dataset_location_audit\text_references.csv,"29414,npz,D:\47\472\New-Papers\GIS\Codes\folder_structure.txt,folder_structure.txt,│       │   ├── seq_000021.npz"
31,seq_,D:\47\472\New-Papers\GIS\Codes\New_Branch\outputs\audit\dataset_location_audit\text_references.csv,New_Branch\outputs\audit\dataset_location_audit\text_references.csv,"29415,npz,D:\47\472\New-Papers\GIS\Codes\folder_structure.txt,folder_structure.txt,│       │   ├── seq_000022.npz"
32,seq_,D:\47\472\New-Papers\GIS\Codes\New_Branch\outputs\audit\dataset_location_audit\text_references.csv,New_Branch\outputs\audit\dataset_location_audit\text_references.csv,"29416,npz,D:\47\472\New-Papers\GIS\Codes\folder_structure.txt,folder_structure.txt,│       │   ├── seq_000023.npz"
33,seq_,D:\47\472\New-Papers\GIS\Codes\New_Branch\outputs\audit\dataset_location_audit\text_references.csv,New_Branch\outputs\audit\dataset_location_audit\text_references.csv,"29417,npz,D:\47\472\New-Papers\GIS\Codes\folder_structure.txt,folder_structure.txt,│       │   ├── seq_000024.npz"
34,seq_,D:\47\472\New-Papers\GIS\Codes\New_Branch\outputs\audit\dataset_location_audit\text_references.csv,New_Branch\outputs\audit\dataset_location_audit\text_references.csv,"29418,npz,D:\47\472\New-Papers\GIS\Codes\folder_structure.txt,folder_structure.txt,│       │   ├── seq_000025.npz"
35,seq_,D:\47\472\New-Papers\GIS\Codes\New_Branch\outputs\audit\dataset_location_audit\text_references.csv,New_Branch\outputs\audit\dataset_location_audit\text_references.csv,"29419,npz,D:\47\472\New-Papers\GIS\Codes\folder_structure.txt,folder_structure.txt,│       │   ├── seq_000026.npz"
36,seq_,D:\47\472\New-Papers\GIS\Codes\New_Branch\outputs\audit\dataset_location_audit\text_references.csv,New_Branch\outputs\audit\dataset_location_audit\text_references.csv,"29420,npz,D:\47\472\New-Papers\GIS\Codes\folder_structure.txt,folder_structure.txt,│       │   ├── seq_000027.npz"
37,seq_,D:\47\472\New-Papers\GIS\Codes\New_Branch\outputs\audit\dataset_location_audit\text_references.csv,New_Branch\outputs\audit\dataset_location_audit\text_references.csv,"29421,npz,D:\47\472\New-Papers\GIS\Codes\folder_structure.txt,folder_structure.txt,│       │   ├── seq_000028.npz"
38,seq_,D:\47\472\New-Papers\GIS\Codes\New_Branch\outputs\audit\dataset_location_audit\text_references.csv,New_Branch\outputs\audit\dataset_location_audit\text_references.csv,"29422,npz,D:\47\472\New-Papers\GIS\Codes\folder_structure.txt,folder_structure.txt,│       │   ├── seq_000029.npz"
39,seq_,D:\47\472\New-Papers\GIS\Codes\New_Branch\outputs\audit\dataset_location_audit\text_references.csv,New_Branch\outputs\audit\dataset_location_audit\text_references.csv,"29423,npz,D:\47\472\New-Papers\GIS\Codes\folder_structure.txt,folder_structure.txt,│       │   ├── seq_000030.npz"
40,seq_,D:\47\472\New-Papers\GIS\Codes\New_Branch\outputs\audit\dataset_location_audit\text_references.csv,New_Branch\outputs\audit\dataset_location_audit\text_references.csv,"29424,npz,D:\47\472\New-Papers\GIS\Codes\folder_structure.txt,folder_structure.txt,│       │   ├── seq_000031.npz"
41,seq_,D:\47\472\New-Papers\GIS\Codes\New_Branch\outputs\audit\dataset_location_audit\text_references.csv,New_Branch\outputs\audit\dataset_location_audit\text_references.csv,"29425,npz,D:\47\472\New-Papers\GIS\Codes\folder_structure.txt,folder_structure.txt,│       │   ├── seq_000032.npz"
42,seq_,D:\47\472\New-Papers\GIS\Codes\New_Branch\outputs\audit\dataset_location_audit\text_references.csv,New_Branch\outputs\audit\dataset_location_audit\text_references.csv,"29426,npz,D:\47\472\New-Papers\GIS\Codes\folder_structure.txt,folder_structure.txt,│       │   ├── seq_000033.npz"
43,seq_,D:\47\472\New-Papers\GIS\Codes\New_Branch\outputs\audit\dataset_location_audit\text_references.csv,New_Branch\outputs\audit\dataset_location_audit\text_references.csv,"29427,npz,D:\47\472\New-Papers\GIS\Codes\folder_structure.txt,folder_structure.txt,│       │   ├── seq_000034.npz"
44,seq_,D:\47\472\New-Papers\GIS\Codes\New_Branch\outputs\audit\dataset_location_audit\text_references.csv,New_Branch\outputs\audit\dataset_location_audit\text_references.csv,"29428,npz,D:\47\472\New-Papers\GIS\Codes\folder_structure.txt,folder_structure.txt,│       │   ├── seq_000035.npz"
45,seq_,D:\47\472\New-Papers\GIS\Codes\New_Branch\outputs\audit\dataset_location_audit\text_references.csv,New_Branch\outputs\audit\dataset_location_audit\text_references.csv,"29429,npz,D:\47\472\New-Papers\GIS\Codes\folder_structure.txt,folder_structure.txt,│       │   ├── seq_000036.npz"
46,seq_,D:\47\472\New-Papers\GIS\Codes\New_Branch\outputs\audit\dataset_location_audit\text_references.csv,New_Branch\outputs\audit\dataset_location_audit\text_references.csv,"29430,npz,D:\47\472\New-Papers\GIS\Codes\folder_structure.txt,folder_structure.txt,│       │   ├── seq_000037.npz"
47,seq_,D:\47\472\New-Papers\GIS\Codes\New_Branch\outputs\audit\dataset_location_audit\text_references.csv,New_Branch\outputs\audit\dataset_location_audit\text_references.csv,"29431,npz,D:\47\472\New-Papers\GIS\Codes\folder_structure.txt,folder_structure.txt,│       │   ├── seq_000038.npz"
48,seq_,D:\47\472\New-Papers\GIS\Codes\New_Branch\outputs\audit\dataset_location_audit\text_references.csv,New_Branch\outputs\audit\dataset_location_audit\text_references.csv,"29432,npz,D:\47\472\New-Papers\GIS\Codes\folder_structure.txt,folder_structure.txt,│       │   ├── seq_000039.npz"
49,seq_,D:\47\472\New-Papers\GIS\Codes\New_Branch\outputs\audit\dataset_location_audit\text_references.csv,New_Branch\outputs\audit\dataset_location_audit\text_references.csv,"29433,npz,D:\47\472\New-Papers\GIS\Codes\folder_structure.txt,folder_structure.txt,│       │   ├── seq_000040.npz"
50,seq_,D:\47\472\New-Papers\GIS\Codes\New_Branch\outputs\audit\dataset_location_audit\text_references.csv,New_Branch\outputs\audit\dataset_location_audit\text_references.csv,"29434,npz,D:\47\472\New-Papers\GIS\Codes\folder_structure.txt,folder_structure.txt,│       │   ├── seq_000041.npz"
51,seq_,D:\47\472\New-Papers\GIS\Codes\New_Branch\outputs\audit\dataset_location_audit\text_references.csv,New_Branch\outputs\audit\dataset_location_audit\text_references.csv,"29435,npz,D:\47\472\New-Papers\GIS\Codes\folder_structure.txt,folder_structure.txt,│       │   ├── seq_000042.npz"
52,seq_,D:\47\472\New-Papers\GIS\Codes\New_Branch\outputs\audit\dataset_location_audit\text_references.csv,New_Branch\outputs\audit\dataset_location_audit\text_references.csv,"29436,npz,D:\47\472\New-Papers\GIS\Codes\folder_structure.txt,folder_structure.txt,│       │   ├── seq_000043.npz"
53,seq_,D:\47\472\New-Papers\GIS\Codes\New_Branch\outputs\audit\dataset_location_audit\text_references.csv,New_Branch\outputs\audit\dataset_location_audit\text_references.csv,"29437,npz,D:\47\472\New-Papers\GIS\Codes\folder_structure.txt,folder_structure.txt,│       │   ├── seq_000044.npz"
54,seq_,D:\47\472\New-Papers\GIS\Codes\New_Branch\outputs\audit\dataset_location_audit\text_references.csv,New_Branch\outputs\audit\dataset_location_audit\text_references.csv,"29438,npz,D:\47\472\New-Papers\GIS\Codes\folder_structure.txt,folder_structure.txt,│       │   ├── seq_000045.npz"
55,seq_,D:\47\472\New-Papers\GIS\Codes\New_Branch\outputs\audit\dataset_location_audit\text_references.csv,New_Branch\outputs\audit\dataset_location_audit\text_references.csv,"29439,npz,D:\47\472\New-Papers\GIS\Codes\folder_structure.txt,folder_structure.txt,│       │   ├── seq_000046.npz"
56,seq_,D:\47\472\New-Papers\GIS\Codes\New_Branch\outputs\audit\dataset_location_audit\text_references.csv,New_Branch\outputs\audit\dataset_location_audit\text_references.csv,"29440,npz,D:\47\472\New-Papers\GIS\Codes\folder_structure.txt,folder_structure.txt,│       │   ├── seq_000047.npz"
57,seq_,D:\47\472\New-Papers\GIS\Codes\New_Branch\outputs\audit\dataset_location_audit\text_references.csv,New_Branch\outputs\audit\dataset_location_audit\text_references.csv,"29441,npz,D:\47\472\New-Papers\GIS\Codes\folder_structure.txt,folder_structure.txt,│       │   ├── seq_000048.npz"
58,seq_,D:\47\472\New-Papers\GIS\Codes\New_Branch\outputs\audit\dataset_location_audit\text_references.csv,New_Branch\outputs\audit\dataset_location_audit\text_references.csv,"29442,npz,D:\47\472\New-Papers\GIS\Codes\folder_structure.txt,folder_structure.txt,│       │   ├── seq_000049.npz"
59,seq_,D:\47\472\New-Papers\GIS\Codes\New_Branch\outputs\audit\dataset_location_audit\text_references.csv,New_Branch\outputs\audit\dataset_location_audit\text_references.csv,"29443,npz,D:\47\472\New-Papers\GIS\Codes\folder_structure.txt,folder_structure.txt,│       │   ├── seq_000050.npz"
60,seq_,D:\47\472\New-Papers\GIS\Codes\New_Branch\outputs\audit\dataset_location_audit\text_references.csv,New_Branch\outputs\audit\dataset_location_audit\text_references.csv,"29444,npz,D:\47\472\New-Papers\GIS\Codes\folder_structure.txt,folder_structure.txt,│       │   ├── seq_000051.npz"
61,seq_,D:\47\472\New-Papers\GIS\Codes\New_Branch\outputs\audit\dataset_location_audit\text_references.csv,New_Branch\outputs\audit\dataset_location_audit\text_references.csv,"29445,npz,D:\47\472\New-Papers\GIS\Codes\folder_structure.txt,folder_structure.txt,│       │   ├── seq_000052.npz"
62,seq_,D:\47\472\New-Papers\GIS\Codes\New_Branch\outputs\audit\dataset_location_audit\text_references.csv,New_Branch\outputs\audit\dataset_location_audit\text_references.csv,"29446,npz,D:\47\472\New-Papers\GIS\Codes\folder_structure.txt,folder_structure.txt,│       │   ├── seq_000053.npz"
63,seq_,D:\47\472\New-Papers\GIS\Codes\New_Branch\outputs\audit\dataset_location_audit\text_references.csv,New_Branch\outputs\audit\dataset_location_audit\text_references.csv,"29447,npz,D:\47\472\New-Papers\GIS\Codes\folder_structure.txt,folder_structure.txt,│       │   ├── seq_000054.npz"
64,seq_,D:\47\472\New-Papers\GIS\Codes\New_Branch\outputs\audit\dataset_location_audit\text_references.csv,New_Branch\outputs\audit\dataset_location_audit\text_references.csv,"29448,npz,D:\47\472\New-Papers\GIS\Codes\folder_structure.txt,folder_structure.txt,│       │   ├── seq_000055.npz"
65,seq_,D:\47\472\New-Papers\GIS\Codes\New_Branch\outputs\audit\dataset_location_audit\text_references.csv,New_Branch\outputs\audit\dataset_location_audit\text_references.csv,"29449,npz,D:\47\472\New-Papers\GIS\Codes\folder_structure.txt,folder_structure.txt,│       │   ├── seq_000056.npz"
66,seq_,D:\47\472\New-Papers\GIS\Codes\New_Branch\outputs\audit\dataset_location_audit\text_references.csv,New_Branch\outputs\audit\dataset_location_audit\text_references.csv,"29450,npz,D:\47\472\New-Papers\GIS\Codes\folder_structure.txt,folder_structure.txt,│       │   ├── seq_000057.npz"
67,seq_,D:\47\472\New-Papers\GIS\Codes\New_Branch\outputs\audit\dataset_location_audit\text_references.csv,New_Branch\outputs\audit\dataset_location_audit\text_references.csv,"29451,npz,D:\47\472\New-Papers\GIS\Codes\folder_structure.txt,folder_structure.txt,│       │   ├── seq_000058.npz"
68,seq_,D:\47\472\New-Papers\GIS\Codes\New_Branch\outputs\audit\dataset_location_audit\text_references.csv,New_Branch\outputs\audit\dataset_location_audit\text_references.csv,"29452,npz,D:\47\472\New-Papers\GIS\Codes\folder_structure.txt,folder_structure.txt,│       │   ├── seq_000059.npz"
69,seq_,D:\47\472\New-Papers\GIS\Codes\New_Branch\outputs\audit\dataset_location_audit\text_references.csv,New_Branch\outputs\audit\dataset_location_audit\text_references.csv,"29453,npz,D:\47\472\New-Papers\GIS\Codes\folder_structure.txt,folder_structure.txt,│       │   ├── seq_000060.npz"
70,seq_,D:\47\472\New-Papers\GIS\Codes\New_Branch\outputs\audit\dataset_location_audit\text_references.csv,New_Branch\outputs\audit\dataset_location_audit\text_references.csv,"29454,npz,D:\47\472\New-Papers\GIS\Codes\folder_structure.txt,folder_structure.txt,│       │   ├── seq_000061.npz"
71,seq_,D:\47\472\New-Papers\GIS\Codes\New_Branch\outputs\audit\dataset_location_audit\text_references.csv,New_Branch\outputs\audit\dataset_location_audit\text_references.csv,"29455,npz,D:\47\472\New-Papers\GIS\Codes\folder_structure.txt,folder_structure.txt,│       │   ├── seq_000062.npz"
72,seq_,D:\47\472\New-Papers\GIS\Codes\New_Branch\outputs\audit\dataset_location_audit\text_references.csv,New_Branch\outputs\audit\dataset_location_audit\text_references.csv,"29456,npz,D:\47\472\New-Papers\GIS\Codes\folder_structure.txt,folder_structure.txt,│       │   ├── seq_000063.npz"
73,seq_,D:\47\472\New-Papers\GIS\Codes\New_Branch\outputs\audit\dataset_location_audit\text_references.csv,New_Branch\outputs\audit\dataset_location_audit\text_references.csv,"29457,npz,D:\47\472\New-Papers\GIS\Codes\folder_structure.txt,folder_structure.txt,│       │   ├── seq_000064.npz"
74,seq_,D:\47\472\New-Papers\GIS\Codes\New_Branch\outputs\audit\dataset_location_audit\text_references.csv,New_Branch\outputs\audit\dataset_location_audit\text_references.csv,"29458,npz,D:\47\472\New-Papers\GIS\Codes\folder_structure.txt,folder_structure.txt,│       │   ├── seq_000065.npz"
75,seq_,D:\47\472\New-Papers\GIS\Codes\New_Branch\outputs\audit\dataset_location_audit\text_references.csv,New_Branch\outputs\audit\dataset_location_audit\text_references.csv,"29459,npz,D:\47\472\New-Papers\GIS\Codes\folder_structure.txt,folder_structure.txt,│       │   ├── seq_000066.npz"
76,seq_,D:\47\472\New-Papers\GIS\Codes\New_Branch\outputs\audit\dataset_location_audit\text_references.csv,New_Branch\outputs\audit\dataset_location_audit\text_references.csv,"29460,npz,D:\47\472\New-Papers\GIS\Codes\folder_structure.txt,folder_structure.txt,│       │   ├── seq_000067.npz"
77,seq_,D:\47\472\New-Papers\GIS\Codes\New_Branch\outputs\audit\dataset_location_audit\text_references.csv,New_Branch\outputs\audit\dataset_location_audit\text_references.csv,"29461,npz,D:\47\472\New-Papers\GIS\Codes\folder_structure.txt,folder_structure.txt,│       │   ├── seq_000068.npz"
78,seq_,D:\47\472\New-Papers\GIS\Codes\New_Branch\outputs\audit\dataset_location_audit\text_references.csv,New_Branch\outputs\audit\dataset_location_audit\text_references.csv,"29462,npz,D:\47\472\New-Papers\GIS\Codes\folder_structure.txt,folder_structure.txt,│       │   ├── seq_000069.npz"
79,seq_,D:\47\472\New-Papers\GIS\Codes\New_Branch\outputs\audit\dataset_location_audit\text_references.csv,New_Branch\outputs\audit\dataset_location_audit\text_references.csv,"29463,npz,D:\47\472\New-Papers\GIS\Codes\folder_structure.txt,folder_structure.txt,│       │   ├── seq_000070.npz"
80,seq_,D:\47\472\New-Papers\GIS\Codes\New_Branch\outputs\audit\dataset_location_audit\text_references.csv,New_Branch\outputs\audit\dataset_location_audit\text_references.csv,"29464,npz,D:\47\472\New-Papers\GIS\Codes\folder_structure.txt,folder_structure.txt,│       │   ├── seq_000071.npz"
81,seq_,D:\47\472\New-Papers\GIS\Codes\New_Branch\outputs\audit\dataset_location_audit\text_references.csv,New_Branch\outputs\audit\dataset_location_audit\text_references.csv,"29465,npz,D:\47\472\New-Papers\GIS\Codes\folder_structure.txt,folder_structure.txt,│       │   ├── seq_000072.npz"
82,seq_,D:\47\472\New-Papers\GIS\Codes\New_Branch\outputs\audit\dataset_location_audit\text_references.csv,New_Branch\outputs\audit\dataset_location_audit\text_references.csv,"29466,npz,D:\47\472\New-Papers\GIS\Codes\folder_structure.txt,folder_structure.txt,│       │   ├── seq_000073.npz"
83,seq_,D:\47\472\New-Papers\GIS\Codes\New_Branch\outputs\audit\dataset_location_audit\text_references.csv,New_Branch\outputs\audit\dataset_location_audit\text_references.csv,"29467,npz,D:\47\472\New-Papers\GIS\Codes\folder_structure.txt,folder_structure.txt,│       │   ├── seq_000074.npz"
84,seq_,D:\47\472\New-Papers\GIS\Codes\New_Branch\outputs\audit\dataset_location_audit\text_references.csv,New_Branch\outputs\audit\dataset_location_audit\text_references.csv,"29468,npz,D:\47\472\New-Papers\GIS\Codes\folder_structure.txt,folder_structure.txt,│       │   ├── seq_000075.npz"
85,seq_,D:\47\472\New-Papers\GIS\Codes\New_Branch\outputs\audit\dataset_location_audit\text_references.csv,New_Branch\outputs\audit\dataset_location_audit\text_references.csv,"29469,npz,D:\47\472\New-Papers\GIS\Codes\folder_structure.txt,folder_structure.txt,│       │   ├── seq_000076.npz"
86,seq_,D:\47\472\New-Papers\GIS\Codes\New_Branch\outputs\audit\dataset_location_audit\text_references.csv,New_Branch\outputs\audit\dataset_location_audit\text_references.csv,"29470,npz,D:\47\472\New-Papers\GIS\Codes\folder_structure.txt,folder_structure.txt,│       │   ├── seq_000077.npz"
87,seq_,D:\47\472\New-Papers\GIS\Codes\New_Branch\outputs\audit\dataset_location_audit\text_references.csv,New_Branch\outputs\audit\dataset_location_audit\text_references.csv,"29471,npz,D:\47\472\New-Papers\GIS\Codes\folder_structure.txt,folder_structure.txt,│       │   ├── seq_000078.npz"
88,seq_,D:\47\472\New-Papers\GIS\Codes\New_Branch\outputs\audit\dataset_location_audit\text_references.csv,New_Branch\outputs\audit\dataset_location_audit\text_references.csv,"29472,npz,D:\47\472\New-Papers\GIS\Codes\folder_structure.txt,folder_structure.txt,│       │   ├── seq_000079.npz"
89,seq_,D:\47\472\New-Papers\GIS\Codes\New_Branch\outputs\audit\dataset_location_audit\text_references.csv,New_Branch\outputs\audit\dataset_location_audit\text_references.csv,"29473,npz,D:\47\472\New-Papers\GIS\Codes\folder_structure.txt,folder_structure.txt,│       │   ├── seq_000080.npz"
90,seq_,D:\47\472\New-Papers\GIS\Codes\New_Branch\outputs\audit\dataset_location_audit\text_references.csv,New_Branch\outputs\audit\dataset_location_audit\text_references.csv,"29474,npz,D:\47\472\New-Papers\GIS\Codes\folder_structure.txt,folder_structure.txt,│       │   ├── seq_000081.npz"
91,seq_,D:\47\472\New-Papers\GIS\Codes\New_Branch\outputs\audit\dataset_location_audit\text_references.csv,New_Branch\outputs\audit\dataset_location_audit\text_references.csv,"29475,npz,D:\47\472\New-Papers\GIS\Codes\folder_structure.txt,folder_structure.txt,│       │   ├── seq_000082.npz"
92,seq_,D:\47\472\New-Papers\GIS\Codes\New_Branch\outputs\audit\dataset_location_audit\text_references.csv,New_Branch\outputs\audit\dataset_location_audit\text_references.csv,"29476,npz,D:\47\472\New-Papers\GIS\Codes\folder_structure.txt,folder_structure.txt,│       │   ├── seq_000083.npz"
93,seq_,D:\47\472\New-Papers\GIS\Codes\New_Branch\outputs\audit\dataset_location_audit\text_references.csv,New_Branch\outputs\audit\dataset_location_audit\text_references.csv,"29477,npz,D:\47\472\New-Papers\GIS\Codes\folder_structure.txt,folder_structure.txt,│       │   ├── seq_000084.npz"
94,seq_,D:\47\472\New-Papers\GIS\Codes\New_Branch\outputs\audit\dataset_location_audit\text_references.csv,New_Branch\outputs\audit\dataset_location_audit\text_references.csv,"29478,npz,D:\47\472\New-Papers\GIS\Codes\folder_structure.txt,folder_structure.txt,│       │   ├── seq_000085.npz"
95,seq_,D:\47\472\New-Papers\GIS\Codes\New_Branch\outputs\audit\dataset_location_audit\text_references.csv,New_Branch\outputs\audit\dataset_location_audit\text_references.csv,"29479,npz,D:\47\472\New-Papers\GIS\Codes\folder_structure.txt,folder_structure.txt,│       │   ├── seq_000086.npz"
96,seq_,D:\47\472\New-Papers\GIS\Codes\New_Branch\outputs\audit\dataset_location_audit\text_references.csv,New_Branch\outputs\audit\dataset_location_audit\text_references.csv,"29480,npz,D:\47\472\New-Papers\GIS\Codes\folder_structure.txt,folder_structure.txt,│       │   ├── seq_000087.npz"
97,seq_,D:\47\472\New-Papers\GIS\Codes\New_Branch\outputs\audit\dataset_location_audit\text_references.csv,New_Branch\outputs\audit\dataset_location_audit\text_references.csv,"29481,npz,D:\47\472\New-Papers\GIS\Codes\folder_structure.txt,folder_structure.txt,│       │   ├── seq_000088.npz"
98,seq_,D:\47\472\New-Papers\GIS\Codes\New_Branch\outputs\audit\dataset_location_audit\text_references.csv,New_Branch\outputs\audit\dataset_location_audit\text_references.csv,"29482,npz,D:\47\472\New-Papers\GIS\Codes\folder_structure.txt,folder_structure.txt,│       │   ├── seq_000089.npz"
99,seq_,D:\47\472\New-Papers\GIS\Codes\New_Branch\outputs\audit\dataset_location_audit\text_references.csv,New_Branch\outputs\audit\dataset_location_audit\text_references.csv,"29483,npz,D:\47\472\New-Papers\GIS\Codes\folder_structure.txt,folder_structure.txt,│       │   ├── seq_000090.npz"
100,seq_,D:\47\472\New-Papers\GIS\Codes\New_Branch\outputs\audit\dataset_location_audit\text_references.csv,New_Branch\outputs\audit\dataset_location_audit\text_references.csv,"29484,npz,D:\47\472\New-Papers\GIS\Codes\folder_structure.txt,folder_structure.txt,│       │   ├── seq_000091.npz"
101,seq_,D:\47\472\New-Papers\GIS\Codes\New_Branch\outputs\audit\dataset_location_audit\text_references.csv,New_Branch\outputs\audit\dataset_location_audit\text_references.csv,"29485,npz,D:\47\472\New-Papers\GIS\Codes\folder_structure.txt,folder_structure.txt,│       │   ├── seq_000092.npz"
102,seq_,D:\47\472\New-Papers\GIS\Codes\New_Branch\outputs\audit\dataset_location_audit\text_references.csv,New_Branch\outputs\audit\dataset_location_audit\text_references.csv,"29486,npz,D:\47\472\New-Papers\GIS\Codes\folder_structure.txt,folder_structure.txt,│       │   ├── seq_000093.npz"
103,seq_,D:\47\472\New-Papers\GIS\Codes\New_Branch\outputs\audit\dataset_location_audit\text_references.csv,New_Branch\outputs\audit\dataset_location_audit\text_references.csv,"29487,npz,D:\47\472\New-Papers\GIS\Codes\folder_structure.txt,folder_structure.txt,│       │   ├── seq_000094.npz"
104,seq_,D:\47\472\New-Papers\GIS\Codes\New_Branch\outputs\audit\dataset_location_audit\text_references.csv,New_Branch\outputs\audit\dataset_location_audit\text_references.csv,"29488,npz,D:\47\472\New-Papers\GIS\Codes\folder_structure.txt,folder_structure.txt,│       │   ├── seq_000095.npz"
105,seq_,D:\47\472\New-Papers\GIS\Codes\New_Branch\outputs\audit\dataset_location_audit\text_references.csv,New_Branch\outputs\audit\dataset_location_audit\text_references.csv,"29489,npz,D:\47\472\New-Papers\GIS\Codes\folder_structure.txt,folder_structure.txt,│       │   ├── seq_000096.npz"
106,seq_,D:\47\472\New-Papers\GIS\Codes\New_Branch\outputs\audit\dataset_location_audit\text_references.csv,New_Branch\outputs\audit\dataset_location_audit\text_references.csv,"29490,npz,D:\47\472\New-Papers\GIS\Codes\folder_structure.txt,folder_structure.txt,│       │   ├── seq_000097.npz"
107,seq_,D:\47\472\New-Papers\GIS\Codes\New_Branch\outputs\audit\dataset_location_audit\text_references.csv,New_Branch\outputs\audit\dataset_location_audit\text_references.csv,"29491,npz,D:\47\472\New-Papers\GIS\Codes\folder_structure.txt,folder_structure.txt,│       │   ├── seq_000098.npz"
108,seq_,D:\47\472\New-Papers\GIS\Codes\New_Branch\outputs\audit\dataset_location_audit\text_references.csv,New_Branch\outputs\audit\dataset_location_audit\text_references.csv,"29492,npz,D:\47\472\New-Papers\GIS\Codes\folder_structure.txt,folder_structure.txt,│       │   └── seq_000099.npz"
137,seq_|sequences_dir,D:\47\472\New-Papers\GIS\Codes\New_Branch\outputs\audit\dataset_location_audit\text_references.csv,New_Branch\outputs\audit\dataset_location_audit\text_references.csv,"257,sequence,D:\47\472\New-Papers\GIS\Codes\simulator.py,simulator.py,""SEQ_DIR = OUT_ROOT / """"data"""" / """"sim"""" / """"sequences"""""""
138,num_sequences|seq_|generate|sequences_dir,D:\47\472\New-Papers\GIS\Codes\New_Branch\outputs\audit\dataset_location_audit\text_references.csv,New_Branch\outputs\audit\dataset_location_audit\text_references.csv,"279,sequence,D:\47\472\New-Papers\GIS\Codes\simulator.py,simulator.py,""print(f""""Generating {NUM_SEQUENCES} sequences into: {SEQ_DIR}"""")"""
139,seq_,D:\47\472\New-Papers\GIS\Codes\New_Branch\outputs\audit\dataset_location_audit\text_references.csv,New_Branch\outputs\audit\dataset_location_audit\text_references.csv,"292,npz,D:\47\472\New-Papers\GIS\Codes\simulator.py,simulator.py,""out_path = SEQ_DIR / f""""{seq_id}.npz"""""""
140,generate|simulation,D:\47\472\New-Papers\GIS\Codes\New_Branch\outputs\audit\dataset_location_audit\text_references.csv,New_Branch\outputs\audit\dataset_location_audit\text_references.csv,"32,pdebench,D:\47\472\New-Papers\GIS\Codes\data\READ.md,data\READ.md,The experiments are based on propagation-field simulations generated using the PDEBench framework."
145,seq_|sequences_dir,D:\47\472\New-Papers\GIS\Codes\New_Branch\outputs\audit\dataset_location_audit\text_references.csv,New_Branch\outputs\audit\dataset_location_audit\text_references.csv,"2,sequence|sim_sequences_path|npz,D:\47\472\New-Papers\GIS\Codes\data\sim\metadata.csv,data\sim\metadata.csv,""seq_000000,2103139804,0.9262677431106567,0.2782846987247467,0.06007436662912369,D:\47\472\New-Papers\Frontiers\Codes\data\sim\sequences\seq_000000.npz"""
146,seq_|sequences_dir,D:\47\472\New-Papers\GIS\Codes\New_Branch\outputs\audit\dataset_location_audit\text_references.csv,New_Branch\outputs\audit\dataset_location_audit\text_references.csv,"3,sequence|sim_sequences_path|npz,D:\47\472\New-Papers\GIS\Codes\data\sim\metadata.csv,data\sim\metadata.csv,""seq_000001,2097446776,1.256947636604309,0.12770695984363556,0.04988883063197136,D:\47\472\New-Papers\Frontiers\Codes\data\sim\sequences\seq_000001.npz"""
147,seq_|sequences_dir,D:\47\472\New-Papers\GIS\Codes\New_Branch\outputs\audit\dataset_location_audit\text_references.csv,New_Branch\outputs\audit\dataset_location_audit\text_references.csv,"4,sequence|sim_sequences_path|npz,D:\47\472\New-Papers\GIS\Codes\data\sim\metadata.csv,data\sim\metadata.csv,""seq_000002,2121586239,1.2113215923309326,0.2143273502588272,0.0029093585908412933,D:\47\472\New-Papers\Frontiers\Codes\data\sim\sequences\seq_000002.npz"""
148,seq_|sequences_dir,D:\47\472\New-Papers\GIS\Codes\New_Branch\outputs\audit\dataset_location_audit\text_references.csv,New_Branch\outputs\audit\dataset_location_audit\text_references.csv,"5,sequence|sim_sequences_path|npz,D:\47\472\New-Papers\GIS\Codes\data\sim\metadata.csv,data\sim\metadata.csv,""seq_000003,816464123,1.2391399145126343,0.02123384363949299,0.05467250570654869,D:\47\472\New-Papers\Frontiers\Codes\data\sim\sequences\seq_000003.npz"""
149,seq_|sequences_dir,D:\47\472\New-Papers\GIS\Codes\New_Branch\outputs\audit\dataset_location_audit\text_references.csv,New_Branch\outputs\audit\dataset_location_audit\text_references.csv,"6,sequence|sim_sequences_path|npz,D:\47\472\New-Papers\GIS\Codes\data\sim\metadata.csv,data\sim\metadata.csv,""seq_000004,367992409,1.268934965133667,0.0520707406103611,0.050787534564733505,D:\47\472\New-Papers\Frontiers\Codes\data\sim\sequences\seq_000004.npz"""
150,seq_|sequences_dir,D:\47\472\New-Papers\GIS\Codes\New_Branch\outputs\audit\dataset_location_audit\text_references.csv,New_Branch\outputs\audit\dataset_location_audit\text_references.csv,"7,sequence|sim_sequences_path|npz,D:\47\472\New-Papers\GIS\Codes\data\sim\metadata.csv,data\sim\metadata.csv,""seq_000005,1982656189,0.9426007270812988,0.29518988728523254,0.007849318906664848,D:\47\472\New-Papers\Frontiers\Codes\data\sim\sequences\seq_000005.npz"""
151,seq_|sequences_dir,D:\47\472\New-Papers\GIS\Codes\New_Branch\outputs\audit\dataset_location_audit\text_references.csv,New_Branch\outputs\audit\dataset_location_audit\text_references.csv,"8,sequence|sim_sequences_path|npz,D:\47\472\New-Papers\GIS\Codes\data\sim\metadata.csv,data\sim\metadata.csv,""seq_000006,225255238,0.9960834383964539,0.07366520911455154,0.0481109619140625,D:\47\472\New-Papers\Frontiers\Codes\data\sim\sequences\seq_000006.npz"""
152,seq_|sequences_dir,D:\47\472\New-Papers\GIS\Codes\New_Branch\outputs\audit\dataset_location_audit\text_references.csv,New_Branch\outputs\audit\dataset_location_audit\text_references.csv,"9,sequence|sim_sequences_path|npz,D:\47\472\New-Papers\GIS\Codes\data\sim\metadata.csv,data\sim\metadata.csv,""seq_000007,561980200,1.3852753639221191,0.14616091549396515,0.02179279737174511,D:\47\472\New-Papers\Frontiers\Codes\data\sim\sequences\seq_000007.npz"""
153,seq_|sequences_dir,D:\47\472\New-Papers\GIS\Codes\New_Branch\outputs\audit\dataset_location_audit\text_references.csv,New_Branch\outputs\audit\dataset_location_audit\text_references.csv,"10,sequence|sim_sequences_path|npz,D:\47\472\New-Papers\GIS\Codes\data\sim\metadata.csv,data\sim\metadata.csv,""seq_000008,298028865,1.2739454507827759,0.22237028181552887,0.01219872571527958,D:\47\472\New-Papers\Frontiers\Codes\data\sim\sequences\seq_000008.npz"""
154,seq_|sequences_dir,D:\47\472\New-Papers\GIS\Codes\New_Branch\outputs\audit\dataset_location_audit\text_references.csv,New_Branch\outputs\audit\dataset_location_audit\text_references.csv,"11,sequence|sim_sequences_path|npz,D:\47\472\New-Papers\GIS\Codes\data\sim\metadata.csv,data\sim\metadata.csv,""seq_000009,685255714,1.1433424949645996,0.08349870890378952,0.055252112448215485,D:\47\472\New-Papers\Frontiers\Codes\data\sim\sequences\seq_000009.npz"""
155,seq_|sequences_dir,D:\47\472\New-Papers\GIS\Codes\New_Branch\outputs\audit\dataset_location_audit\text_references.csv,New_Branch\outputs\audit\dataset_location_audit\text_references.csv,"12,sequence|sim_sequences_path|npz,D:\47\472\New-Papers\GIS\Codes\data\sim\metadata.csv,data\sim\metadata.csv,""seq_000010,1151155068,1.1511088609695435,0.34526219964027405,0.027567032724618912,D:\47\472\New-Papers\Frontiers\Codes\data\sim\sequences\seq_000010.npz"""
156,seq_|sequences_dir,D:\47\472\New-Papers\GIS\Codes\New_Branch\outputs\audit\dataset_location_audit\text_references.csv,New_Branch\outputs\audit\dataset_location_audit\text_references.csv,"13,sequence|sim_sequences_path|npz,D:\47\472\New-Papers\GIS\Codes\data\sim\metadata.csv,data\sim\metadata.csv,""seq_000011,253598991,1.0381696224212646,0.08356625586748123,0.049223050475120544,D:\47\472\New-Papers\Frontiers\Codes\data\sim\sequences\seq_000011.npz"""
157,seq_|sequences_dir,D:\47\472\New-Papers\GIS\Codes\New_Branch\outputs\audit\dataset_location_audit\text_references.csv,New_Branch\outputs\audit\dataset_location_audit\text_references.csv,"14,sequence|sim_sequences_path|npz,D:\47\472\New-Papers\GIS\Codes\data\sim\metadata.csv,data\sim\metadata.csv,""seq_000012,1709091010,0.9495834708213806,0.3363509476184845,0.004375031683593988,D:\47\472\New-Papers\Frontiers\Codes\data\sim\sequences\seq_000012.npz"""
158,seq_|sequences_dir,D:\47\472\New-Papers\GIS\Codes\New_Branch\outputs\audit\dataset_location_audit\text_references.csv,New_Branch\outputs\audit\dataset_location_audit\text_references.csv,"15,sequence|sim_sequences_path|npz,D:\47\472\New-Papers\GIS\Codes\data\sim\metadata.csv,data\sim\metadata.csv,""seq_000013,519189160,0.8000837564468384,0.33644941449165344,0.016361109912395477,D:\47\472\New-Papers\Frontiers\Codes\data\sim\sequences\seq_000013.npz"""
159,seq_|sequences_dir,D:\47\472\New-Papers\GIS\Codes\New_Branch\outputs\audit\dataset_location_audit\text_references.csv,New_Branch\outputs\audit\dataset_location_audit\text_references.csv,"16,sequence|sim_sequences_path|npz,D:\47\472\New-Papers\GIS\Codes\data\sim\metadata.csv,data\sim\metadata.csv,""seq_000014,1688041804,1.2745150327682495,0.07259516417980194,0.024138567969202995,D:\47\472\New-Papers\Frontiers\Codes\data\sim\sequences\seq_000014.npz"""
160,seq_|sequences_dir,D:\47\472\New-Papers\GIS\Codes\New_Branch\outputs\audit\dataset_location_audit\text_references.csv,New_Branch\outputs\audit\dataset_location_audit\text_references.csv,"17,sequence|sim_sequences_path|npz,D:\47\472\New-Papers\GIS\Codes\data\sim\metadata.csv,data\sim\metadata.csv,""seq_000015,684046402,0.9782142043113708,0.3380890488624573,0.0013669567415490746,D:\47\472\New-Papers\Frontiers\Codes\data\sim\sequences\seq_000015.npz"""
161,seq_|sequences_dir,D:\47\472\New-Papers\GIS\Codes\New_Branch\outputs\audit\dataset_location_audit\text_references.csv,New_Branch\outputs\audit\dataset_location_audit\text_references.csv,"18,sequence|sim_sequences_path|npz,D:\47\472\New-Papers\GIS\Codes\data\sim\metadata.csv,data\sim\metadata.csv,""seq_000016,1704011245,1.2743513584136963,0.20533180236816406,0.0636662170290947,D:\47\472\New-Papers\Frontiers\Codes\data\sim\sequences\seq_000016.npz"""
162,seq_|sequences_dir,D:\47\472\New-Papers\GIS\Codes\New_Branch\outputs\audit\dataset_location_audit\text_references.csv,New_Branch\outputs\audit\dataset_location_audit\text_references.csv,"19,sequence|sim_sequences_path|npz,D:\47\472\New-Papers\GIS\Codes\data\sim\metadata.csv,data\sim\metadata.csv,""seq_000017,2070344413,0.952673077583313,0.3334907293319702,0.00044383248314261436,D:\47\472\New-Papers\Frontiers\Codes\data\sim\sequences\seq_000017.npz"""
163,seq_|sequences_dir,D:\47\472\New-Papers\GIS\Codes\New_Branch\outputs\audit\dataset_location_audit\text_references.csv,New_Branch\outputs\audit\dataset_location_audit\text_references.csv,"20,sequence|sim_sequences_path|npz,D:\47\472\New-Papers\GIS\Codes\data\sim\metadata.csv,data\sim\metadata.csv,""seq_000018,2057996156,1.0171613693237305,0.14342494308948517,0.09501679986715317,D:\47\472\New-Papers\Frontiers\Codes\data\sim\sequences\seq_000018.npz"""
164,seq_|sequences_dir,D:\47\472\New-Papers\GIS\Codes\New_Branch\outputs\audit\dataset_location_audit\text_references.csv,New_Branch\outputs\audit\dataset_location_audit\text_references.csv,"21,sequence|sim_sequences_path|npz,D:\47\472\New-Papers\GIS\Codes\data\sim\metadata.csv,data\sim\metadata.csv,""seq_000019,566183642,1.1833505630493164,0.2234497368335724,0.07785829901695251,D:\47\472\New-Papers\Frontiers\Codes\data\sim\sequences\seq_000019.npz"""
165,seq_|sequences_dir,D:\47\472\New-Papers\GIS\Codes\New_Branch\outputs\audit\dataset_location_audit\text_references.csv,New_Branch\outputs\audit\dataset_location_audit\text_references.csv,"22,sequence|sim_sequences_path|npz,D:\47\472\New-Papers\GIS\Codes\data\sim\metadata.csv,data\sim\metadata.csv,""seq_000020,1193176983,0.8545838594436646,0.2747625410556793,0.00874356273561716,D:\47\472\New-Papers\Frontiers\Codes\data\sim\sequences\seq_000020.npz"""
166,seq_|sequences_dir,D:\47\472\New-Papers\GIS\Codes\New_Branch\outputs\audit\dataset_location_audit\text_references.csv,New_Branch\outputs\audit\dataset_location_audit\text_references.csv,"23,sequence|sim_sequences_path|npz,D:\47\472\New-Papers\GIS\Codes\data\sim\metadata.csv,data\sim\metadata.csv,""seq_000021,947053435,0.9981678128242493,0.3399973511695862,0.06874999403953552,D:\47\472\New-Papers\Frontiers\Codes\data\sim\sequences\seq_000021.npz"""
167,seq_|sequences_dir,D:\47\472\New-Papers\GIS\Codes\New_Branch\outputs\audit\dataset_location_audit\text_references.csv,New_Branch\outputs\audit\dataset_location_audit\text_references.csv,"24,sequence|sim_sequences_path|npz,D:\47\472\New-Papers\GIS\Codes\data\sim\metadata.csv,data\sim\metadata.csv,""seq_000022,547003392,0.9839304089546204,0.12423645704984665,0.018620919436216354,D:\47\472\New-Papers\Frontiers\Codes\data\sim\sequences\seq_000022.npz"""
168,seq_|sequences_dir,D:\47\472\New-Papers\GIS\Codes\New_Branch\outputs\audit\dataset_location_audit\text_references.csv,New_Branch\outputs\audit\dataset_location_audit\text_references.csv,"25,sequence|sim_sequences_path|npz,D:\47\472\New-Papers\GIS\Codes\data\sim\metadata.csv,data\sim\metadata.csv,""seq_000023,1309687589,1.1276668310165405,0.3381047248840332,0.028950728476047516,D:\47\472\New-Papers\Frontiers\Codes\data\sim\sequences\seq_000023.npz"""
169,seq_|sequences_dir,D:\47\472\New-Papers\GIS\Codes\New_Branch\outputs\audit\dataset_location_audit\text_references.csv,New_Branch\outputs\audit\dataset_location_audit\text_references.csv,"26,sequence|sim_sequences_path|npz,D:\47\472\New-Papers\GIS\Codes\data\sim\metadata.csv,data\sim\metadata.csv,""seq_000024,1926505261,1.0211809873580933,0.03066687472164631,0.0028547802940011024,D:\47\472\New-Papers\Frontiers\Codes\data\sim\sequences\seq_000024.npz"""
170,seq_|sequences_dir,D:\47\472\New-Papers\GIS\Codes\New_Branch\outputs\audit\dataset_location_audit\text_references.csv,New_Branch\outputs\audit\dataset_location_audit\text_references.csv,"27,sequence|sim_sequences_path|npz,D:\47\472\New-Papers\GIS\Codes\data\sim\metadata.csv,data\sim\metadata.csv,""seq_000025,1854612611,1.2125110626220703,0.12636972963809967,0.03359905630350113,D:\47\472\New-Papers\Frontiers\Codes\data\sim\sequences\seq_000025.npz"""
171,seq_|sequences_dir,D:\47\472\New-Papers\GIS\Codes\New_Branch\outputs\audit\dataset_location_audit\text_references.csv,New_Branch\outputs\audit\dataset_location_audit\text_references.csv,"28,sequence|sim_sequences_path|npz,D:\47\472\New-Papers\GIS\Codes\data\sim\metadata.csv,data\sim\metadata.csv,""seq_000026,1387222073,0.9032015204429626,0.19748727977275848,0.017408443614840508,D:\47\472\New-Papers\Frontiers\Codes\data\sim\sequences\seq_000026.npz"""
172,seq_|sequences_dir,D:\47\472\New-Papers\GIS\Codes\New_Branch\outputs\audit\dataset_location_audit\text_references.csv,New_Branch\outputs\audit\dataset_location_audit\text_references.csv,"29,sequence|sim_sequences_path|npz,D:\47\472\New-Papers\GIS\Codes\data\sim\metadata.csv,data\sim\metadata.csv,""seq_000027,1854905472,0.9029915928840637,0.2214425951242447,6.46870830678381e-05,D:\47\472\New-Papers\Frontiers\Codes\data\sim\sequences\seq_000027.npz"""
173,seq_|sequences_dir,D:\47\472\New-Papers\GIS\Codes\New_Branch\outputs\audit\dataset_location_audit\text_references.csv,New_Branch\outputs\audit\dataset_location_audit\text_references.csv,"30,sequence|sim_sequences_path|npz,D:\47\472\New-Papers\GIS\Codes\data\sim\metadata.csv,data\sim\metadata.csv,""seq_000028,1113402597,1.1799403429031372,0.25063174962997437,0.044129833579063416,D:\47\472\New-Papers\Frontiers\Codes\data\sim\sequences\seq_000028.npz"""
174,seq_|sequences_dir,D:\47\472\New-Papers\GIS\Codes\New_Branch\outputs\audit\dataset_location_audit\text_references.csv,New_Branch\outputs\audit\dataset_location_audit\text_references.csv,"31,sequence|sim_sequences_path|npz,D:\47\472\New-Papers\GIS\Codes\data\sim\metadata.csv,data\sim\metadata.csv,""seq_000029,1449296583,0.8863927125930786,0.12146373093128204,0.09363031387329102,D:\47\472\New-Papers\Frontiers\Codes\data\sim\sequences\seq_000029.npz"""
175,seq_|sequences_dir,D:\47\472\New-Papers\GIS\Codes\New_Branch\outputs\audit\dataset_location_audit\text_references.csv,New_Branch\outputs\audit\dataset_location_audit\text_references.csv,"32,sequence|sim_sequences_path|npz,D:\47\472\New-Papers\GIS\Codes\data\sim\metadata.csv,data\sim\metadata.csv,""seq_000030,2051021141,1.198885440826416,0.11613795906305313,0.08841346204280853,D:\47\472\New-Papers\Frontiers\Codes\data\sim\sequences\seq_000030.npz"""
176,seq_|sequences_dir,D:\47\472\New-Papers\GIS\Codes\New_Branch\outputs\audit\dataset_location_audit\text_references.csv,New_Branch\outputs\audit\dataset_location_audit\text_references.csv,"33,sequence|sim_sequences_path|npz,D:\47\472\New-Papers\GIS\Codes\data\sim\metadata.csv,data\sim\metadata.csv,""seq_000031,1417069370,1.3466047048568726,0.13469785451889038,0.05214914306998253,D:\47\472\New-Papers\Frontiers\Codes\data\sim\sequences\seq_000031.npz"""
177,seq_|sequences_dir,D:\47\472\New-Papers\GIS\Codes\New_Branch\outputs\audit\dataset_location_audit\text_references.csv,New_Branch\outputs\audit\dataset_location_audit\text_references.csv,"34,sequence|sim_sequences_path|npz,D:\47\472\New-Papers\GIS\Codes\data\sim\metadata.csv,data\sim\metadata.csv,""seq_000032,101487543,1.0057450532913208,0.024725554510951042,0.09955833852291107,D:\47\472\New-Papers\Frontiers\Codes\data\sim\sequences\seq_000032.npz"""
178,seq_|sequences_dir,D:\47\472\New-Papers\GIS\Codes\New_Branch\outputs\audit\dataset_location_audit\text_references.csv,New_Branch\outputs\audit\dataset_location_audit\text_references.csv,"35,sequence|sim_sequences_path|npz,D:\47\472\New-Papers\GIS\Codes\data\sim\metadata.csv,data\sim\metadata.csv,""seq_000033,1580027625,0.8297961950302124,0.13042692840099335,0.024628911167383194,D:\47\472\New-Papers\Frontiers\Codes\data\sim\sequences\seq_000033.npz"""
179,seq_|sequences_dir,D:\47\472\New-Papers\GIS\Codes\New_Branch\outputs\audit\dataset_location_audit\text_references.csv,New_Branch\outputs\audit\dataset_location_audit\text_references.csv,"36,sequence|sim_sequences_path|npz,D:\47\472\New-Papers\GIS\Codes\data\sim\metadata.csv,data\sim\metadata.csv,""seq_000034,1586287864,1.0090335607528687,0.23705975711345673,0.06429662555456161,D:\47\472\New-Papers\Frontiers\Codes\data\sim\sequences\seq_000034.npz"""
180,seq_|sequences_dir,D:\47\472\New-Papers\GIS\Codes\New_Branch\outputs\audit\dataset_location_audit\text_references.csv,New_Branch\outputs\audit\dataset_location_audit\text_references.csv,"37,sequence|sim_sequences_path|npz,D:\47\472\New-Papers\GIS\Codes\data\sim\metadata.csv,data\sim\metadata.csv,""seq_000035,478359837,1.2314883470535278,0.02468300051987171,0.02698465622961521,D:\47\472\New-Papers\Frontiers\Codes\data\sim\sequences\seq_000035.npz"""
181,seq_|sequences_dir,D:\47\472\New-Papers\GIS\Codes\New_Branch\outputs\audit\dataset_location_audit\text_references.csv,New_Branch\outputs\audit\dataset_location_audit\text_references.csv,"38,sequence|sim_sequences_path|npz,D:\47\472\New-Papers\GIS\Codes\data\sim\metadata.csv,data\sim\metadata.csv,""seq_000036,1862054947,1.379553198814392,0.11901693046092987,0.011043725535273552,D:\47\472\New-Papers\Frontiers\Codes\data\sim\sequences\seq_000036.npz"""
182,seq_|sequences_dir,D:\47\472\New-Papers\GIS\Codes\New_Branch\outputs\audit\dataset_location_audit\text_references.csv,New_Branch\outputs\audit\dataset_location_audit\text_references.csv,"39,sequence|sim_sequences_path|npz,D:\47\472\New-Papers\GIS\Codes\data\sim\metadata.csv,data\sim\metadata.csv,""seq_000037,369509317,1.1832146644592285,0.22496463358402252,0.09942640364170074,D:\47\472\New-Papers\Frontiers\Codes\data\sim\sequences\seq_000037.npz"""
183,seq_|sequences_dir,D:\47\472\New-Papers\GIS\Codes\New_Branch\outputs\audit\dataset_location_audit\text_references.csv,New_Branch\outputs\audit\dataset_location_audit\text_references.csv,"40,sequence|sim_sequences_path|npz,D:\47\472\New-Papers\GIS\Codes\data\sim\metadata.csv,data\sim\metadata.csv,""seq_000038,1693758289,1.3225829601287842,0.28108784556388855,0.08055076003074646,D:\47\472\New-Papers\Frontiers\Codes\data\sim\sequences\seq_000038.npz"""
184,seq_|sequences_dir,D:\47\472\New-Papers\GIS\Codes\New_Branch\outputs\audit\dataset_location_audit\text_references.csv,New_Branch\outputs\audit\dataset_location_audit\text_references.csv,"41,sequence|sim_sequences_path|npz,D:\47\472\New-Papers\GIS\Codes\data\sim\metadata.csv,data\sim\metadata.csv,""seq_000039,1869201919,1.181283950805664,0.08432011306285858,0.0949791967868805,D:\47\472\New-Papers\Frontiers\Codes\data\sim\sequences\seq_000039.npz"""
185,seq_|sequences_dir,D:\47\472\New-Papers\GIS\Codes\New_Branch\outputs\audit\dataset_location_audit\text_references.csv,New_Branch\outputs\audit\dataset_location_audit\text_references.csv,"42,sequence|sim_sequences_path|npz,D:\47\472\New-Papers\GIS\Codes\data\sim\metadata.csv,data\sim\metadata.csv,""seq_000040,1036897054,0.9223626852035522,0.007307552732527256,0.09876511991024017,D:\47\472\New-Papers\Frontiers\Codes\data\sim\sequences\seq_000040.npz"""
186,seq_|sequences_dir,D:\47\472\New-Papers\GIS\Codes\New_Branch\outputs\audit\dataset_location_audit\text_references.csv,New_Branch\outputs\audit\dataset_location_audit\text_references.csv,"43,sequence|sim_sequences_path|npz,D:\47\472\New-Papers\GIS\Codes\data\sim\metadata.csv,data\sim\metadata.csv,""seq_000041,129146783,1.2921186685562134,0.3049294054508209,0.08477911353111267,D:\47\472\New-Papers\Frontiers\Codes\data\sim\sequences\seq_000041.npz"""
187,seq_|sequences_dir,D:\47\472\New-Papers\GIS\Codes\New_Branch\outputs\audit\dataset_location_audit\text_references.csv,New_Branch\outputs\audit\dataset_location_audit\text_references.csv,"44,sequence|sim_sequences_path|npz,D:\47\472\New-Papers\GIS\Codes\data\sim\metadata.csv,data\sim\metadata.csv,""seq_000042,348608485,1.1215208768844604,0.08745662868022919,0.07539312541484833,D:\47\472\New-Papers\Frontiers\Codes\data\sim\sequences\seq_000042.npz"""
188,seq_|sequences_dir,D:\47\472\New-Papers\GIS\Codes\New_Branch\outputs\audit\dataset_location_audit\text_references.csv,New_Branch\outputs\audit\dataset_location_audit\text_references.csv,"45,sequence|sim_sequences_path|npz,D:\47\472\New-Papers\GIS\Codes\data\sim\metadata.csv,data\sim\metadata.csv,""seq_000043,1468210751,0.9422464370727539,0.06301657855510712,0.07553621381521225,D:\47\472\New-Papers\Frontiers\Codes\data\sim\sequences\seq_000043.npz"""
189,seq_|sequences_dir,D:\47\472\New-Papers\GIS\Codes\New_Branch\outputs\audit\dataset_location_audit\text_references.csv,New_Branch\outputs\audit\dataset_location_audit\text_references.csv,"46,sequence|sim_sequences_path|npz,D:\47\472\New-Papers\GIS\Codes\data\sim\metadata.csv,data\sim\metadata.csv,""seq_000044,89257227,0.905543863773346,0.30773597955703735,0.08631013333797455,D:\47\472\New-Papers\Frontiers\Codes\data\sim\sequences\seq_000044.npz"""
190,seq_|sequences_dir,D:\47\472\New-Papers\GIS\Codes\New_Branch\outputs\audit\dataset_location_audit\text_references.csv,New_Branch\outputs\audit\dataset_location_audit\text_references.csv,"47,sequence|sim_sequences_path|npz,D:\47\472\New-Papers\GIS\Codes\data\sim\metadata.csv,data\sim\metadata.csv,""seq_000045,1441472669,0.8227388262748718,0.21652626991271973,0.0929311215877533,D:\47\472\New-Papers\Frontiers\Codes\data\sim\sequences\seq_000045.npz"""
191,seq_|sequences_dir,D:\47\472\New-Papers\GIS\Codes\New_Branch\outputs\audit\dataset_location_audit\text_references.csv,New_Branch\outputs\audit\dataset_location_audit\text_references.csv,"48,sequence|sim_sequences_path|npz,D:\47\472\New-Papers\GIS\Codes\data\sim\metadata.csv,data\sim\metadata.csv,""seq_000046,300078609,1.2737258672714233,0.09318122267723083,0.02184893935918808,D:\47\472\New-Papers\Frontiers\Codes\data\sim\sequences\seq_000046.npz"""
192,seq_|sequences_dir,D:\47\472\New-Papers\GIS\Codes\New_Branch\outputs\audit\dataset_location_audit\text_references.csv,New_Branch\outputs\audit\dataset_location_audit\text_references.csv,"49,sequence|sim_sequences_path|npz,D:\47\472\New-Papers\GIS\Codes\data\sim\metadata.csv,data\sim\metadata.csv,""seq_000047,1312151122,0.9857739210128784,0.2566070258617401,0.015925053507089615,D:\47\472\New-Papers\Frontiers\Codes\data\sim\sequences\seq_000047.npz"""
193,seq_|sequences_dir,D:\47\472\New-Papers\GIS\Codes\New_Branch\outputs\audit\dataset_location_audit\text_references.csv,New_Branch\outputs\audit\dataset_location_audit\text_references.csv,"50,sequence|sim_sequences_path|npz,D:\47\472\New-Papers\GIS\Codes\data\sim\metadata.csv,data\sim\metadata.csv,""seq_000048,1178406769,1.2271428108215332,0.09571055322885513,0.0008541529532521963,D:\47\472\New-Papers\Frontiers\Codes\data\sim\sequences\seq_000048.npz"""
194,seq_|sequences_dir,D:\47\472\New-Papers\GIS\Codes\New_Branch\outputs\audit\dataset_location_audit\text_references.csv,New_Branch\outputs\audit\dataset_location_audit\text_references.csv,"51,sequence|sim_sequences_path|npz,D:\47\472\New-Papers\GIS\Codes\data\sim\metadata.csv,data\sim\metadata.csv,""seq_000049,129143895,1.0514092445373535,0.06197492778301239,0.08367618173360825,D:\47\472\New-Papers\Frontiers\Codes\data\sim\sequences\seq_000049.npz"""
195,seq_|sequences_dir,D:\47\472\New-Papers\GIS\Codes\New_Branch\outputs\audit\dataset_location_audit\text_references.csv,New_Branch\outputs\audit\dataset_location_audit\text_references.csv,"52,sequence|sim_sequences_path|npz,D:\47\472\New-Papers\GIS\Codes\data\sim\metadata.csv,data\sim\metadata.csv,""seq_000050,383297718,1.3041146993637085,0.09026282280683517,0.022611306980252266,D:\47\472\New-Papers\Frontiers\Codes\data\sim\sequences\seq_000050.npz"""
196,seq_|sequences_dir,D:\47\472\New-Papers\GIS\Codes\New_Branch\outputs\audit\dataset_location_audit\text_references.csv,New_Branch\outputs\audit\dataset_location_audit\text_references.csv,"53,sequence|sim_sequences_path|npz,D:\47\472\New-Papers\GIS\Codes\data\sim\metadata.csv,data\sim\metadata.csv,""seq_000051,2099743525,1.1820377111434937,0.015957996249198914,0.0700492337346077,D:\47\472\New-Papers\Frontiers\Codes\data\sim\sequences\seq_000051.npz"""
197,seq_|sequences_dir,D:\47\472\New-Papers\GIS\Codes\New_Branch\outputs\audit\dataset_location_audit\text_references.csv,New_Branch\outputs\audit\dataset_location_audit\text_references.csv,"54,sequence|sim_sequences_path|npz,D:\47\472\New-Papers\GIS\Codes\data\sim\metadata.csv,data\sim\metadata.csv,""seq_000052,866354994,1.222565770149231,0.26879408955574036,0.003778190119192004,D:\47\472\New-Papers\Frontiers\Codes\data\sim\sequences\seq_000052.npz"""
198,seq_|sequences_dir,D:\47\472\New-Papers\GIS\Codes\New_Branch\outputs\audit\dataset_location_audit\text_references.csv,New_Branch\outputs\audit\dataset_location_audit\text_references.csv,"55,sequence|sim_sequences_path|npz,D:\47\472\New-Papers\GIS\Codes\data\sim\metadata.csv,data\sim\metadata.csv,""seq_000053,942641440,1.0543670654296875,0.14768126606941223,0.01562575064599514,D:\47\472\New-Papers\Frontiers\Codes\data\sim\sequences\seq_000053.npz"""
199,seq_|sequences_dir,D:\47\472\New-Papers\GIS\Codes\New_Branch\outputs\audit\dataset_location_audit\text_references.csv,New_Branch\outputs\audit\dataset_location_audit\text_references.csv,"56,sequence|sim_sequences_path|npz,D:\47\472\New-Papers\GIS\Codes\data\sim\metadata.csv,data\sim\metadata.csv,""seq_000054,973428785,1.2087301015853882,0.14524532854557037,0.020987410098314285,D:\47\472\New-Papers\Frontiers\Codes\data\sim\sequences\seq_000054.npz"""
200,seq_|sequences_dir,D:\47\472\New-Papers\GIS\Codes\New_Branch\outputs\audit\dataset_location_audit\text_references.csv,New_Branch\outputs\audit\dataset_location_audit\text_references.csv,"57,sequence|sim_sequences_path|npz,D:\47\472\New-Papers\GIS\Codes\data\sim\metadata.csv,data\sim\metadata.csv,""seq_000055,1143739098,1.0812569856643677,0.0015239845961332321,0.03309670835733414,D:\47\472\New-Papers\Frontiers\Codes\data\sim\sequences\seq_000055.npz"""
201,seq_|sequences_dir,D:\47\472\New-Papers\GIS\Codes\New_Branch\outputs\audit\dataset_location_audit\text_references.csv,New_Branch\outputs\audit\dataset_location_audit\text_references.csv,"58,sequence|sim_sequences_path|npz,D:\47\472\New-Papers\GIS\Codes\data\sim\metadata.csv,data\sim\metadata.csv,""seq_000056,414567853,1.165247917175293,0.20839790999889374,0.08171271532773972,D:\47\472\New-Papers\Frontiers\Codes\data\sim\sequences\seq_000056.npz"""
202,seq_|sequences_dir,D:\47\472\New-Papers\GIS\Codes\New_Branch\outputs\audit\dataset_location_audit\text_references.csv,New_Branch\outputs\audit\dataset_location_audit\text_references.csv,"59,sequence|sim_sequences_path|npz,D:\47\472\New-Papers\GIS\Codes\data\sim\metadata.csv,data\sim\metadata.csv,""seq_000057,6726535,0.9354630708694458,0.292459636926651,0.021144365891814232,D:\47\472\New-Papers\Frontiers\Codes\data\sim\sequences\seq_000057.npz"""
203,seq_|sequences_dir,D:\47\472\New-Papers\GIS\Codes\New_Branch\outputs\audit\dataset_location_audit\text_references.csv,New_Branch\outputs\audit\dataset_location_audit\text_references.csv,"60,sequence|sim_sequences_path|npz,D:\47\472\New-Papers\GIS\Codes\data\sim\metadata.csv,data\sim\metadata.csv,""seq_000058,1386703661,1.341176152229309,0.10476424545049667,0.08588506281375885,D:\47\472\New-Papers\Frontiers\Codes\data\sim\sequences\seq_000058.npz"""
204,seq_|sequences_dir,D:\47\472\New-Papers\GIS\Codes\New_Branch\outputs\audit\dataset_location_audit\text_references.csv,New_Branch\outputs\audit\dataset_location_audit\text_references.csv,"61,sequence|sim_sequences_path|npz,D:\47\472\New-Papers\GIS\Codes\data\sim\metadata.csv,data\sim\metadata.csv,""seq_000059,539591999,1.12308931350708,0.11349035054445267,0.09874916076660156,D:\47\472\New-Papers\Frontiers\Codes\data\sim\sequences\seq_000059.npz"""
205,seq_|sequences_dir,D:\47\472\New-Papers\GIS\Codes\New_Branch\outputs\audit\dataset_location_audit\text_references.csv,New_Branch\outputs\audit\dataset_location_audit\text_references.csv,"62,sequence|sim_sequences_path|npz,D:\47\472\New-Papers\GIS\Codes\data\sim\metadata.csv,data\sim\metadata.csv,""seq_000060,1412280717,0.937975287437439,0.21251770853996277,0.03314865007996559,D:\47\472\New-Papers\Frontiers\Codes\data\sim\sequences\seq_000060.npz"""
206,seq_|sequences_dir,D:\47\472\New-Papers\GIS\Codes\New_Branch\outputs\audit\dataset_location_audit\text_references.csv,New_Branch\outputs\audit\dataset_location_audit\text_references.csv,"63,sequence|sim_sequences_path|npz,D:\47\472\New-Papers\GIS\Codes\data\sim\metadata.csv,data\sim\metadata.csv,""seq_000061,1843594175,0.8832371830940247,0.148421511054039,0.046084560453891754,D:\47\472\New-Papers\Frontiers\Codes\data\sim\sequences\seq_000061.npz"""
207,seq_|sequences_dir,D:\47\472\New-Papers\GIS\Codes\New_Branch\outputs\audit\dataset_location_audit\text_references.csv,New_Branch\outputs\audit\dataset_location_audit\text_references.csv,"64,sequence|sim_sequences_path|npz,D:\47\472\New-Papers\GIS\Codes\data\sim\metadata.csv,data\sim\metadata.csv,""seq_000062,925365952,1.2893790006637573,0.28111809492111206,0.06662002205848694,D:\47\472\New-Papers\Frontiers\Codes\data\sim\sequences\seq_000062.npz"""
208,seq_|sequences_dir,D:\47\472\New-Papers\GIS\Codes\New_Branch\outputs\audit\dataset_location_audit\text_references.csv,New_Branch\outputs\audit\dataset_location_audit\text_references.csv,"65,sequence|sim_sequences_path|npz,D:\47\472\New-Papers\GIS\Codes\data\sim\metadata.csv,data\sim\metadata.csv,""seq_000063,913321254,1.1486479043960571,0.17262667417526245,0.036728352308273315,D:\47\472\New-Papers\Frontiers\Codes\data\sim\sequences\seq_000063.npz"""
209,seq_|sequences_dir,D:\47\472\New-Papers\GIS\Codes\New_Branch\outputs\audit\dataset_location_audit\text_references.csv,New_Branch\outputs\audit\dataset_location_audit\text_references.csv,"66,sequence|sim_sequences_path|npz,D:\47\472\New-Papers\GIS\Codes\data\sim\metadata.csv,data\sim\metadata.csv,""seq_000064,377934397,0.9068941473960876,0.2927379906177521,0.03567381948232651,D:\47\472\New-Papers\Frontiers\Codes\data\sim\sequences\seq_000064.npz"""
210,seq_|sequences_dir,D:\47\472\New-Papers\GIS\Codes\New_Branch\outputs\audit\dataset_location_audit\text_references.csv,New_Branch\outputs\audit\dataset_location_audit\text_references.csv,"67,sequence|sim_sequences_path|npz,D:\47\472\New-Papers\GIS\Codes\data\sim\metadata.csv,data\sim\metadata.csv,""seq_000065,1580159256,0.9103425741195679,0.08308396488428116,0.06088486686348915,D:\47\472\New-Papers\Frontiers\Codes\data\sim\sequences\seq_000065.npz"""
211,seq_|sequences_dir,D:\47\472\New-Papers\GIS\Codes\New_Branch\outputs\audit\dataset_location_audit\text_references.csv,New_Branch\outputs\audit\dataset_location_audit\text_references.csv,"68,sequence|sim_sequences_path|npz,D:\47\472\New-Papers\GIS\Codes\data\sim\metadata.csv,data\sim\metadata.csv,""seq_000066,1500877065,0.9075226187705994,0.17861472070217133,0.09457290917634964,D:\47\472\New-Papers\Frontiers\Codes\data\sim\sequences\seq_000066.npz"""
212,seq_|sequences_dir,D:\47\472\New-Papers\GIS\Codes\New_Branch\outputs\audit\dataset_location_audit\text_references.csv,New_Branch\outputs\audit\dataset_location_audit\text_references.csv,"69,sequence|sim_sequences_path|npz,D:\47\472\New-Papers\GIS\Codes\data\sim\metadata.csv,data\sim\metadata.csv,""seq_000067,1980072729,0.8263316750526428,0.07718540728092194,0.020016686990857124,D:\47\472\New-Papers\Frontiers\Codes\data\sim\sequences\seq_000067.npz"""
213,seq_|sequences_dir,D:\47\472\New-Papers\GIS\Codes\New_Branch\outputs\audit\dataset_location_audit\text_references.csv,New_Branch\outputs\audit\dataset_location_audit\text_references.csv,"70,sequence|sim_sequences_path|npz,D:\47\472\New-Papers\GIS\Codes\data\sim\metadata.csv,data\sim\metadata.csv,""seq_000068,1666370531,1.357067584991455,0.1328849196434021,0.05142609775066376,D:\47\472\New-Papers\Frontiers\Codes\data\sim\sequences\seq_000068.npz"""
214,seq_|sequences_dir,D:\47\472\New-Papers\GIS\Codes\New_Branch\outputs\audit\dataset_location_audit\text_references.csv,New_Branch\outputs\audit\dataset_location_audit\text_references.csv,"71,sequence|sim_sequences_path|npz,D:\47\472\New-Papers\GIS\Codes\data\sim\metadata.csv,data\sim\metadata.csv,""seq_000069,329583272,0.9740155339241028,0.33530399203300476,0.015004942193627357,D:\47\472\New-Papers\Frontiers\Codes\data\sim\sequences\seq_000069.npz"""
215,seq_|sequences_dir,D:\47\472\New-Papers\GIS\Codes\New_Branch\outputs\audit\dataset_location_audit\text_references.csv,New_Branch\outputs\audit\dataset_location_audit\text_references.csv,"72,sequence|sim_sequences_path|npz,D:\47\472\New-Papers\GIS\Codes\data\sim\metadata.csv,data\sim\metadata.csv,""seq_000070,1725467126,1.1722438335418701,0.05948270112276077,0.05513106659054756,D:\47\472\New-Papers\Frontiers\Codes\data\sim\sequences\seq_000070.npz"""
216,seq_|sequences_dir,D:\47\472\New-Papers\GIS\Codes\New_Branch\outputs\audit\dataset_location_audit\text_references.csv,New_Branch\outputs\audit\dataset_location_audit\text_references.csv,"73,sequence|sim_sequences_path|npz,D:\47\472\New-Papers\GIS\Codes\data\sim\metadata.csv,data\sim\metadata.csv,""seq_000071,2130860468,0.9199134111404419,0.02225080318748951,0.09989570081233978,D:\47\472\New-Papers\Frontiers\Codes\data\sim\sequences\seq_000071.npz"""
217,seq_|sequences_dir,D:\47\472\New-Papers\GIS\Codes\New_Branch\outputs\audit\dataset_location_audit\text_references.csv,New_Branch\outputs\audit\dataset_location_audit\text_references.csv,"74,sequence|sim_sequences_path|npz,D:\47\472\New-Papers\GIS\Codes\data\sim\metadata.csv,data\sim\metadata.csv,""seq_000072,768001753,1.1768096685409546,0.30616506934165955,0.07996317744255066,D:\47\472\New-Papers\Frontiers\Codes\data\sim\sequences\seq_000072.npz"""
218,seq_|sequences_dir,D:\47\472\New-Papers\GIS\Codes\New_Branch\outputs\audit\dataset_location_audit\text_references.csv,New_Branch\outputs\audit\dataset_location_audit\text_references.csv,"75,sequence|sim_sequences_path|npz,D:\47\472\New-Papers\GIS\Codes\data\sim\metadata.csv,data\sim\metadata.csv,""seq_000073,391554521,1.3742263317108154,0.2798694968223572,0.09559042751789093,D:\47\472\New-Papers\Frontiers\Codes\data\sim\sequences\seq_000073.npz"""
219,seq_|sequences_dir,D:\47\472\New-Papers\GIS\Codes\New_Branch\outputs\audit\dataset_location_audit\text_references.csv,New_Branch\outputs\audit\dataset_location_audit\text_references.csv,"76,sequence|sim_sequences_path|npz,D:\47\472\New-Papers\GIS\Codes\data\sim\metadata.csv,data\sim\metadata.csv,""seq_000074,1829539479,1.0012387037277222,0.06776662915945053,0.07809770107269287,D:\47\472\New-Papers\Frontiers\Codes\data\sim\sequences\seq_000074.npz"""
220,seq_|sequences_dir,D:\47\472\New-Papers\GIS\Codes\New_Branch\outputs\audit\dataset_location_audit\text_references.csv,New_Branch\outputs\audit\dataset_location_audit\text_references.csv,"77,sequence|sim_sequences_path|npz,D:\47\472\New-Papers\GIS\Codes\data\sim\metadata.csv,data\sim\metadata.csv,""seq_000075,2018877083,1.3187068700790405,0.14338146150112152,0.016958247870206833,D:\47\472\New-Papers\Frontiers\Codes\data\sim\sequences\seq_000075.npz"""
221,seq_|sequences_dir,D:\47\472\New-Papers\GIS\Codes\New_Branch\outputs\audit\dataset_location_audit\text_references.csv,New_Branch\outputs\audit\dataset_location_audit\text_references.csv,"78,sequence|sim_sequences_path|npz,D:\47\472\New-Papers\GIS\Codes\data\sim\metadata.csv,data\sim\metadata.csv,""seq_000076,2093573588,1.2679640054702759,0.022181646898388863,0.06375584006309509,D:\47\472\New-Papers\Frontiers\Codes\data\sim\sequences\seq_000076.npz"""
222,seq_|sequences_dir,D:\47\472\New-Papers\GIS\Codes\New_Branch\outputs\audit\dataset_location_audit\text_references.csv,New_Branch\outputs\audit\dataset_location_audit\text_references.csv,"79,sequence|sim_sequences_path|npz,D:\47\472\New-Papers\GIS\Codes\data\sim\metadata.csv,data\sim\metadata.csv,""seq_000077,186579939,0.8653308153152466,0.04197751358151436,0.08505874127149582,D:\47\472\New-Papers\Frontiers\Codes\data\sim\sequences\seq_000077.npz"""
223,seq_|sequences_dir,D:\47\472\New-Papers\GIS\Codes\New_Branch\outputs\audit\dataset_location_audit\text_references.csv,New_Branch\outputs\audit\dataset_location_audit\text_references.csv,"80,sequence|sim_sequences_path|npz,D:\47\472\New-Papers\GIS\Codes\data\sim\metadata.csv,data\sim\metadata.csv,""seq_000078,1887561680,1.2960169315338135,0.29971471428871155,0.036030739545822144,D:\47\472\New-Papers\Frontiers\Codes\data\sim\sequences\seq_000078.npz"""
224,seq_|sequences_dir,D:\47\472\New-Papers\GIS\Codes\New_Branch\outputs\audit\dataset_location_audit\text_references.csv,New_Branch\outputs\audit\dataset_location_audit\text_references.csv,"81,sequence|sim_sequences_path|npz,D:\47\472\New-Papers\GIS\Codes\data\sim\metadata.csv,data\sim\metadata.csv,""seq_000079,1005474853,1.1923969984054565,0.30891141295433044,0.04064185917377472,D:\47\472\New-Papers\Frontiers\Codes\data\sim\sequences\seq_000079.npz"""
225,seq_|sequences_dir,D:\47\472\New-Papers\GIS\Codes\New_Branch\outputs\audit\dataset_location_audit\text_references.csv,New_Branch\outputs\audit\dataset_location_audit\text_references.csv,"82,sequence|sim_sequences_path|npz,D:\47\472\New-Papers\GIS\Codes\data\sim\metadata.csv,data\sim\metadata.csv,""seq_000080,927209518,0.8376967906951904,0.3351176381111145,0.09852344542741776,D:\47\472\New-Papers\Frontiers\Codes\data\sim\sequences\seq_000080.npz"""
226,seq_|sequences_dir,D:\47\472\New-Papers\GIS\Codes\New_Branch\outputs\audit\dataset_location_audit\text_references.csv,New_Branch\outputs\audit\dataset_location_audit\text_references.csv,"83,sequence|sim_sequences_path|npz,D:\47\472\New-Papers\GIS\Codes\data\sim\metadata.csv,data\sim\metadata.csv,""seq_000081,1780240750,0.9883927702903748,0.13423548638820648,0.034190304577350616,D:\47\472\New-Papers\Frontiers\Codes\data\sim\sequences\seq_000081.npz"""
227,seq_|sequences_dir,D:\47\472\New-Papers\GIS\Codes\New_Branch\outputs\audit\dataset_location_audit\text_references.csv,New_Branch\outputs\audit\dataset_location_audit\text_references.csv,"84,sequence|sim_sequences_path|npz,D:\47\472\New-Papers\GIS\Codes\data\sim\metadata.csv,data\sim\metadata.csv,""seq_000082,1943969432,0.951781690120697,0.25337475538253784,0.0026341998018324375,D:\47\472\New-Papers\Frontiers\Codes\data\sim\sequences\seq_000082.npz"""
228,seq_|sequences_dir,D:\47\472\New-Papers\GIS\Codes\New_Branch\outputs\audit\dataset_location_audit\text_references.csv,New_Branch\outputs\audit\dataset_location_audit\text_references.csv,"85,sequence|sim_sequences_path|npz,D:\47\472\New-Papers\GIS\Codes\data\sim\metadata.csv,data\sim\metadata.csv,""seq_000083,603555138,1.185312271118164,0.21131061017513275,0.07192295789718628,D:\47\472\New-Papers\Frontiers\Codes\data\sim\sequences\seq_000083.npz"""
229,seq_|sequences_dir,D:\47\472\New-Papers\GIS\Codes\New_Branch\outputs\audit\dataset_location_audit\text_references.csv,New_Branch\outputs\audit\dataset_location_audit\text_references.csv,"86,sequence|sim_sequences_path|npz,D:\47\472\New-Papers\GIS\Codes\data\sim\metadata.csv,data\sim\metadata.csv,""seq_000084,1632314064,1.3159613609313965,0.31515011191368103,0.008444180712103844,D:\47\472\New-Papers\Frontiers\Codes\data\sim\sequences\seq_000084.npz"""
230,seq_|sequences_dir,D:\47\472\New-Papers\GIS\Codes\New_Branch\outputs\audit\dataset_location_audit\text_references.csv,New_Branch\outputs\audit\dataset_location_audit\text_references.csv,"87,sequence|sim_sequences_path|npz,D:\47\472\New-Papers\GIS\Codes\data\sim\metadata.csv,data\sim\metadata.csv,""seq_000085,1866359807,0.8307343125343323,0.22183889150619507,0.036127567291259766,D:\47\472\New-Papers\Frontiers\Codes\data\sim\sequences\seq_000085.npz"""
231,seq_|sequences_dir,D:\47\472\New-Papers\GIS\Codes\New_Branch\outputs\audit\dataset_location_audit\text_references.csv,New_Branch\outputs\audit\dataset_location_audit\text_references.csv,"88,sequence|sim_sequences_path|npz,D:\47\472\New-Papers\GIS\Codes\data\sim\metadata.csv,data\sim\metadata.csv,""seq_000086,1858296263,0.935068666934967,0.11890207976102829,0.06858756393194199,D:\47\472\New-Papers\Frontiers\Codes\data\sim\sequences\seq_000086.npz"""
232,seq_|sequences_dir,D:\47\472\New-Papers\GIS\Codes\New_Branch\outputs\audit\dataset_location_audit\text_references.csv,New_Branch\outputs\audit\dataset_location_audit\text_references.csv,"89,sequence|sim_sequences_path|npz,D:\47\472\New-Papers\GIS\Codes\data\sim\metadata.csv,data\sim\metadata.csv,""seq_000087,2096838625,1.3008760213851929,0.3347622752189636,0.05038600414991379,D:\47\472\New-Papers\Frontiers\Codes\data\sim\sequences\seq_000087.npz"""
233,seq_|sequences_dir,D:\47\472\New-Papers\GIS\Codes\New_Branch\outputs\audit\dataset_location_audit\text_references.csv,New_Branch\outputs\audit\dataset_location_audit\text_references.csv,"90,sequence|sim_sequences_path|npz,D:\47\472\New-Papers\GIS\Codes\data\sim\metadata.csv,data\sim\metadata.csv,""seq_000088,707707778,1.2096662521362305,0.11119366437196732,0.032978471368551254,D:\47\472\New-Papers\Frontiers\Codes\data\sim\sequences\seq_000088.npz"""
234,seq_|sequences_dir,D:\47\472\New-Papers\GIS\Codes\New_Branch\outputs\audit\dataset_location_audit\text_references.csv,New_Branch\outputs\audit\dataset_location_audit\text_references.csv,"91,sequence|sim_sequences_path|npz,D:\47\472\New-Papers\GIS\Codes\data\sim\metadata.csv,data\sim\metadata.csv,""seq_000089,1807566314,1.3047542572021484,0.29277563095092773,0.058415014296770096,D:\47\472\New-Papers\Frontiers\Codes\data\sim\sequences\seq_000089.npz"""
235,seq_|sequences_dir,D:\47\472\New-Papers\GIS\Codes\New_Branch\outputs\audit\dataset_location_audit\text_references.csv,New_Branch\outputs\audit\dataset_location_audit\text_references.csv,"92,sequence|sim_sequences_path|npz,D:\47\472\New-Papers\GIS\Codes\data\sim\metadata.csv,data\sim\metadata.csv,""seq_000090,913214295,1.086050033569336,0.33827701210975647,0.027305858209729195,D:\47\472\New-Papers\Frontiers\Codes\data\sim\sequences\seq_000090.npz"""
236,seq_|sequences_dir,D:\47\472\New-Papers\GIS\Codes\New_Branch\outputs\audit\dataset_location_audit\text_references.csv,New_Branch\outputs\audit\dataset_location_audit\text_references.csv,"93,sequence|sim_sequences_path|npz,D:\47\472\New-Papers\GIS\Codes\data\sim\metadata.csv,data\sim\metadata.csv,""seq_000091,963948716,1.3335115909576416,0.2543812394142151,0.017984949052333832,D:\47\472\New-Papers\Frontiers\Codes\data\sim\sequences\seq_000091.npz"""
237,seq_|sequences_dir,D:\47\472\New-Papers\GIS\Codes\New_Branch\outputs\audit\dataset_location_audit\text_references.csv,New_Branch\outputs\audit\dataset_location_audit\text_references.csv,"94,sequence|sim_sequences_path|npz,D:\47\472\New-Papers\GIS\Codes\data\sim\metadata.csv,data\sim\metadata.csv,""seq_000092,1626547649,1.1633931398391724,0.33210816979408264,0.08927403390407562,D:\47\472\New-Papers\Frontiers\Codes\data\sim\sequences\seq_000092.npz"""
238,seq_|sequences_dir,D:\47\472\New-Papers\GIS\Codes\New_Branch\outputs\audit\dataset_location_audit\text_references.csv,New_Branch\outputs\audit\dataset_location_audit\text_references.csv,"95,sequence|sim_sequences_path|npz,D:\47\472\New-Papers\GIS\Codes\data\sim\metadata.csv,data\sim\metadata.csv,""seq_000093,795660793,1.3074029684066772,0.014330682344734669,0.0375482514500618,D:\47\472\New-Papers\Frontiers\Codes\data\sim\sequences\seq_000093.npz"""
239,seq_|sequences_dir,D:\47\472\New-Papers\GIS\Codes\New_Branch\outputs\audit\dataset_location_audit\text_references.csv,New_Branch\outputs\audit\dataset_location_audit\text_references.csv,"96,sequence|sim_sequences_path|npz,D:\47\472\New-Papers\GIS\Codes\data\sim\metadata.csv,data\sim\metadata.csv,""seq_000094,1617523540,1.263079285621643,0.24207890033721924,0.029386304318904877,D:\47\472\New-Papers\Frontiers\Codes\data\sim\sequences\seq_000094.npz"""
240,seq_|sequences_dir,D:\47\472\New-Papers\GIS\Codes\New_Branch\outputs\audit\dataset_location_audit\text_references.csv,New_Branch\outputs\audit\dataset_location_audit\text_references.csv,"97,sequence|sim_sequences_path|npz,D:\47\472\New-Papers\GIS\Codes\data\sim\metadata.csv,data\sim\metadata.csv,""seq_000095,1036524722,1.375153660774231,0.33978843688964844,0.08821335434913635,D:\47\472\New-Papers\Frontiers\Codes\data\sim\sequences\seq_000095.npz"""
241,seq_|sequences_dir,D:\47\472\New-Papers\GIS\Codes\New_Branch\outputs\audit\dataset_location_audit\text_references.csv,New_Branch\outputs\audit\dataset_location_audit\text_references.csv,"98,sequence|sim_sequences_path|npz,D:\47\472\New-Papers\GIS\Codes\data\sim\metadata.csv,data\sim\metadata.csv,""seq_000096,17296264,1.0207509994506836,0.32340899109840393,0.06320265680551529,D:\47\472\New-Papers\Frontiers\Codes\data\sim\sequences\seq_000096.npz"""
242,seq_|sequences_dir,D:\47\472\New-Papers\GIS\Codes\New_Branch\outputs\audit\dataset_location_audit\text_references.csv,New_Branch\outputs\audit\dataset_location_audit\text_references.csv,"99,sequence|sim_sequences_path|npz,D:\47\472\New-Papers\GIS\Codes\data\sim\metadata.csv,data\sim\metadata.csv,""seq_000097,197958364,0.8806352615356445,0.1478816121816635,0.09227919578552246,D:\47\472\New-Papers\Frontiers\Codes\data\sim\sequences\seq_000097.npz"""
243,seq_|sequences_dir,D:\47\472\New-Papers\GIS\Codes\New_Branch\outputs\audit\dataset_location_audit\text_references.csv,New_Branch\outputs\audit\dataset_location_audit\text_references.csv,"100,sequence|sim_sequences_path|npz,D:\47\472\New-Papers\GIS\Codes\data\sim\metadata.csv,data\sim\metadata.csv,""seq_000098,1640198371,0.8123493790626526,0.21721696853637695,0.016256799921393394,D:\47\472\New-Papers\Frontiers\Codes\data\sim\sequences\seq_000098.npz"""
244,seq_|sequences_dir,D:\47\472\New-Papers\GIS\Codes\New_Branch\outputs\audit\dataset_location_audit\text_references.csv,New_Branch\outputs\audit\dataset_location_audit\text_references.csv,"101,sequence|sim_sequences_path|npz,D:\47\472\New-Papers\GIS\Codes\data\sim\metadata.csv,data\sim\metadata.csv,""seq_000099,486798260,1.1476658582687378,0.3461039662361145,0.0425972044467926,D:\47\472\New-Papers\Frontiers\Codes\data\sim\sequences\seq_000099.npz"""
245,sequences_dir,D:\47\472\New-Papers\GIS\Codes\New_Branch\outputs\audit\dataset_location_audit\text_references.csv,New_Branch\outputs\audit\dataset_location_audit\text_references.csv,"27,sequence,D:\47\472\New-Papers\GIS\Codes\New_Branch\experiments\01_core_validation\00_audit_dataset_locations.py,New_Branch\experiments\01_core_validation\00_audit_dataset_locations.py,""/ """"sequences"""""""
246,10000,D:\47\472\New-Papers\GIS\Codes\New_Branch\outputs\audit\dataset_location_audit\text_references.csv,New_Branch\outputs\audit\dataset_location_audit\text_references.csv,"74,10000,D:\47\472\New-Papers\GIS\Codes\New_Branch\experiments\01_core_validation\00_audit_dataset_locations.py,New_Branch\experiments\01_core_validation\00_audit_dataset_locations.py,""""""10000"""": re.compile(r""""\b10000\b"""", re.IGNORECASE),"""
247,"10,000",D:\47\472\New-Papers\GIS\Codes\New_Branch\outputs\audit\dataset_location_audit\text_references.csv,New_Branch\outputs\audit\dataset_location_audit\text_references.csv,"75,""10,000"",D:\47\472\New-Papers\GIS\Codes\New_Branch\experiments\01_core_validation\00_audit_dataset_locations.py,New_Branch\experiments\01_core_validation\00_audit_dataset_locations.py,""""""10,000"""": re.compile(r""""\b10,000\b"""", re.IGNORECASE),"""
248,sequences_dir,D:\47\472\New-Papers\GIS\Codes\New_Branch\outputs\audit\dataset_location_audit\text_references.csv,New_Branch\outputs\audit\dataset_location_audit\text_references.csv,"76,sequence,D:\47\472\New-Papers\GIS\Codes\New_Branch\experiments\01_core_validation\00_audit_dataset_locations.py,New_Branch\experiments\01_core_validation\00_audit_dataset_locations.py,""""""sequence"""": re.compile(r""""\bsequences?\b"""", re.IGNORECASE),"""
250,sequences_dir,D:\47\472\New-Papers\GIS\Codes\New_Branch\outputs\audit\dataset_location_audit\text_references.csv,New_Branch\outputs\audit\dataset_location_audit\text_references.csv,"79,sequence,D:\47\472\New-Papers\GIS\Codes\New_Branch\experiments\01_core_validation\00_audit_dataset_locations.py,New_Branch\experiments\01_core_validation\00_audit_dataset_locations.py,""r""""data[\\/]+sim[\\/]+sequences"""","""
258,sequences_dir,D:\47\472\New-Papers\GIS\Codes\New_Branch\outputs\audit\dataset_location_audit\text_references.csv,New_Branch\outputs\audit\dataset_location_audit\text_references.csv,"599,sequence,D:\47\472\New-Papers\GIS\Codes\New_Branch\experiments\01_core_validation\00_audit_dataset_locations.py,New_Branch\experiments\01_core_validation\00_audit_dataset_locations.py,""""""sequence"""","""
259,sequences_dir,D:\47\472\New-Papers\GIS\Codes\New_Branch\outputs\audit\dataset_location_audit\text_references.csv,New_Branch\outputs\audit\dataset_location_audit\text_references.csv,"600,sequence,D:\47\472\New-Papers\GIS\Codes\New_Branch\experiments\01_core_validation\00_audit_dataset_locations.py,New_Branch\experiments\01_core_validation\00_audit_dataset_locations.py,""""""sequences"""","""
262,sequences_dir,D:\47\472\New-Papers\GIS\Codes\New_Branch\outputs\audit\dataset_location_audit\text_references.csv,New_Branch\outputs\audit\dataset_location_audit\text_references.csv,"810,sequence|sim_sequences_path,D:\47\472\New-Papers\GIS\Codes\New_Branch\experiments\01_core_validation\00_audit_dataset_locations.py,New_Branch\experiments\01_core_validation\00_audit_dataset_locations.py,""""""Does data\\sim\\sequences contain only 100 sequences?"""","""
263,10000,D:\47\472\New-Papers\GIS\Codes\New_Branch\outputs\audit\dataset_location_audit\text_references.csv,New_Branch\outputs\audit\dataset_location_audit\text_references.csv,"821,10000,D:\47\472\New-Papers\GIS\Codes\New_Branch\experiments\01_core_validation\00_audit_dataset_locations.py,New_Branch\experiments\01_core_validation\00_audit_dataset_locations.py,elif expected_count == 10000:"
264,"10,000|sequences_dir",D:\47\472\New-Papers\GIS\Codes\New_Branch\outputs\audit\dataset_location_audit\text_references.csv,New_Branch\outputs\audit\dataset_location_audit\text_references.csv,"825,""10,000|sequence|sim_sequences_path"",D:\47\472\New-Papers\GIS\Codes\New_Branch\experiments\01_core_validation\00_audit_dataset_locations.py,New_Branch\experiments\01_core_validation\00_audit_dataset_locations.py,""""""Does data\\sim\\sequences contain the full 10,000 sequences?"""","""
265,sequences_dir,D:\47\472\New-Papers\GIS\Codes\New_Branch\outputs\audit\dataset_location_audit\text_references.csv,New_Branch\outputs\audit\dataset_location_audit\text_references.csv,"840,sequence|sim_sequences_path,D:\47\472\New-Papers\GIS\Codes\New_Branch\experiments\01_core_validation\00_audit_dataset_locations.py,New_Branch\experiments\01_core_validation\00_audit_dataset_locations.py,""""""How many sequences are in data\\sim\\sequences?"""","""
266,10000,D:\47\472\New-Papers\GIS\Codes\New_Branch\outputs\audit\dataset_location_audit\text_references.csv,New_Branch\outputs\audit\dataset_location_audit\text_references.csv,"870,10000,D:\47\472\New-Papers\GIS\Codes\New_Branch\experiments\01_core_validation\00_audit_dataset_locations.py,New_Branch\experiments\01_core_validation\00_audit_dataset_locations.py,""if row[""""npz_count""""] == 10000"""
267,"10,000|sequences_dir",D:\47\472\New-Papers\GIS\Codes\New_Branch\outputs\audit\dataset_location_audit\text_references.csv,New_Branch\outputs\audit\dataset_location_audit\text_references.csv,"877,""10,000|sequence"",D:\47\472\New-Papers\GIS\Codes\New_Branch\experiments\01_core_validation\00_audit_dataset_locations.py,New_Branch\experiments\01_core_validation\00_audit_dataset_locations.py,""""""Do 10,000 NPZ sequences exist elsewhere?"""","""
268,"10,000|sequences_dir",D:\47\472\New-Papers\GIS\Codes\New_Branch\outputs\audit\dataset_location_audit\text_references.csv,New_Branch\outputs\audit\dataset_location_audit\text_references.csv,"912,""10,000|sequence"",D:\47\472\New-Papers\GIS\Codes\New_Branch\experiments\01_core_validation\00_audit_dataset_locations.py,New_Branch\experiments\01_core_validation\00_audit_dataset_locations.py,""""""Do 10,000 NPZ sequences exist elsewhere under Codes?"""","""
269,"10,000",D:\47\472\New-Papers\GIS\Codes\New_Branch\outputs\audit\dataset_location_audit\text_references.csv,New_Branch\outputs\audit\dataset_location_audit\text_references.csv,"917,""10,000"",D:\47\472\New-Papers\GIS\Codes\New_Branch\experiments\01_core_validation\00_audit_dataset_locations.py,New_Branch\experiments\01_core_validation\00_audit_dataset_locations.py,""""""No directory containing 10,000 NPZ files """""""
270,10000,D:\47\472\New-Papers\GIS\Codes\New_Branch\outputs\audit\dataset_location_audit\text_references.csv,New_Branch\outputs\audit\dataset_location_audit\text_references.csv,"983,10000,D:\47\472\New-Papers\GIS\Codes\New_Branch\experiments\01_core_validation\00_audit_dataset_locations.py,New_Branch\experiments\01_core_validation\00_audit_dataset_locations.py,""""""10000"""""""
271,"10,000",D:\47\472\New-Papers\GIS\Codes\New_Branch\outputs\audit\dataset_location_audit\text_references.csv,New_Branch\outputs\audit\dataset_location_audit\text_references.csv,"987,""10,000"",D:\47\472\New-Papers\GIS\Codes\New_Branch\experiments\01_core_validation\00_audit_dataset_locations.py,New_Branch\experiments\01_core_validation\00_audit_dataset_locations.py,""or """"10,000"""""""
272,"10,000",D:\47\472\New-Papers\GIS\Codes\New_Branch\outputs\audit\dataset_location_audit\text_references.csv,New_Branch\outputs\audit\dataset_location_audit\text_references.csv,"997,""10,000"",D:\47\472\New-Papers\GIS\Codes\New_Branch\experiments\01_core_validation\00_audit_dataset_locations.py,New_Branch\experiments\01_core_validation\00_audit_dataset_locations.py,""""""How many source/code/document references mention 10,000?"""","""
273,sequences_dir,D:\47\472\New-Papers\GIS\Codes\New_Branch\outputs\audit\dataset_location_audit\text_references.csv,New_Branch\outputs\audit\dataset_location_audit\text_references.csv,"1038,sequence,D:\47\472\New-Papers\GIS\Codes\New_Branch\experiments\01_core_validation\00_audit_dataset_locations.py,New_Branch\experiments\01_core_validation\00_audit_dataset_locations.py,""""""Expected training sequence directory:"""""""
274,seq_|sequences_dir,D:\47\472\New-Papers\GIS\Codes\New_Branch\outputs\audit\dataset_location_audit\text_references.csv,New_Branch\outputs\audit\dataset_location_audit\text_references.csv,"26,sequence,D:\47\472\New-Papers\GIS\Codes\New_Branch\experiments\01_core_validation\train_sacu_v2.py,New_Branch\experiments\01_core_validation\train_sacu_v2.py,""SEQ_DIR = DATA_ROOT / """"sim"""" / """"sequences"""""""
275,seq_,D:\47\472\New-Papers\GIS\Codes\New_Branch\outputs\audit\dataset_location_audit\text_references.csv,New_Branch\outputs\audit\dataset_location_audit\text_references.csv,"170,npz,D:\47\472\New-Papers\GIS\Codes\New_Branch\experiments\01_core_validation\train_sacu_v2.py,New_Branch\experiments\01_core_validation\train_sacu_v2.py,""for p in SEQ_DIR.glob(""""*.npz"""")"""
276,seq_|sequences_dir,D:\47\472\New-Papers\GIS\Codes\New_Branch\outputs\audit\dataset_location_audit\text_references.csv,New_Branch\outputs\audit\dataset_location_audit\text_references.csv,"175,sequence|npz,D:\47\472\New-Papers\GIS\Codes\New_Branch\experiments\01_core_validation\train_sacu_v2.py,New_Branch\experiments\01_core_validation\train_sacu_v2.py,""f""""No .npz sequence files found in:\n{SEQ_DIR}"""""""
277,sequences_dir,D:\47\472\New-Papers\GIS\Codes\New_Branch\outputs\audit\dataset_location_audit\text_references.csv,New_Branch\outputs\audit\dataset_location_audit\text_references.csv,"833,sequence,D:\47\472\New-Papers\GIS\Codes\New_Branch\experiments\01_core_validation\train_sacu_v2.py,New_Branch\experiments\01_core_validation\train_sacu_v2.py,""f""""Total sequences : {len(files)}"""""""
278,sequences_dir,D:\47\472\New-Papers\GIS\Codes\New_Branch\outputs\audit\dataset_location_audit\text_references.csv,New_Branch\outputs\audit\dataset_location_audit\text_references.csv,"837,sequence,D:\47\472\New-Papers\GIS\Codes\New_Branch\experiments\01_core_validation\train_sacu_v2.py,New_Branch\experiments\01_core_validation\train_sacu_v2.py,""f""""Train sequences : {len(train_files)}"""""""
279,seq_|sequences_dir,D:\47\472\New-Papers\GIS\Codes\New_Branch\outputs\audit\dataset_location_audit\text_references.csv,New_Branch\outputs\audit\dataset_location_audit\text_references.csv,"1,sequence|sim_sequences_path|npz,D:\47\472\New-Papers\GIS\Codes\New_Branch\outputs\core_validation\sacu_v2_20260821-181537\splits\test_files.txt,New_Branch\outputs\core_validation\sacu_v2_20260821-181537\splits\test_files.txt,D:\47\472\New-Papers\GIS\Codes\data\sim\sequences\seq_000085.npz"
280,seq_|sequences_dir,D:\47\472\New-Papers\GIS\Codes\New_Branch\outputs\audit\dataset_location_audit\text_references.csv,New_Branch\outputs\audit\dataset_location_audit\text_references.csv,"2,sequence|sim_sequences_path|npz,D:\47\472\New-Papers\GIS\Codes\New_Branch\outputs\core_validation\sacu_v2_20260821-181537\splits\test_files.txt,New_Branch\outputs\core_validation\sacu_v2_20260821-181537\splits\test_files.txt,D:\47\472\New-Papers\GIS\Codes\data\sim\sequences\seq_000086.npz"
281,seq_|sequences_dir,D:\47\472\New-Papers\GIS\Codes\New_Branch\outputs\audit\dataset_location_audit\text_references.csv,New_Branch\outputs\audit\dataset_location_audit\text_references.csv,"3,sequence|sim_sequences_path|npz,D:\47\472\New-Papers\GIS\Codes\New_Branch\outputs\core_validation\sacu_v2_20260821-181537\splits\test_files.txt,New_Branch\outputs\core_validation\sacu_v2_20260821-181537\splits\test_files.txt,D:\47\472\New-Papers\GIS\Codes\data\sim\sequences\seq_000087.npz"
282,seq_|sequences_dir,D:\47\472\New-Papers\GIS\Codes\New_Branch\outputs\audit\dataset_location_audit\text_references.csv,New_Branch\outputs\audit\dataset_location_audit\text_references.csv,"4,sequence|sim_sequences_path|npz,D:\47\472\New-Papers\GIS\Codes\New_Branch\outputs\core_validation\sacu_v2_20260821-181537\splits\test_files.txt,New_Branch\outputs\core_validation\sacu_v2_20260821-181537\splits\test_files.txt,D:\47\472\New-Papers\GIS\Codes\data\sim\sequences\seq_000088.npz"
283,seq_|sequences_dir,D:\47\472\New-Papers\GIS\Codes\New_Branch\outputs\audit\dataset_location_audit\text_references.csv,New_Branch\outputs\audit\dataset_location_audit\text_references.csv,"5,sequence|sim_sequences_path|npz,D:\47\472\New-Papers\GIS\Codes\New_Branch\outputs\core_validation\sacu_v2_20260821-181537\splits\test_files.txt,New_Branch\outputs\core_validation\sacu_v2_20260821-181537\splits\test_files.txt,D:\47\472\New-Papers\GIS\Codes\data\sim\sequences\seq_000089.npz"
284,seq_|sequences_dir,D:\47\472\New-Papers\GIS\Codes\New_Branch\outputs\audit\dataset_location_audit\text_references.csv,New_Branch\outputs\audit\dataset_location_audit\text_references.csv,"6,sequence|sim_sequences_path|npz,D:\47\472\New-Papers\GIS\Codes\New_Branch\outputs\core_validation\sacu_v2_20260821-181537\splits\test_files.txt,New_Branch\outputs\core_validation\sacu_v2_20260821-181537\splits\test_files.txt,D:\47\472\New-Papers\GIS\Codes\data\sim\sequences\seq_000090.npz"
285,seq_|sequences_dir,D:\47\472\New-Papers\GIS\Codes\New_Branch\outputs\audit\dataset_location_audit\text_references.csv,New_Branch\outputs\audit\dataset_location_audit\text_references.csv,"7,sequence|sim_sequences_path|npz,D:\47\472\New-Papers\GIS\Codes\New_Branch\outputs\core_validation\sacu_v2_20260821-181537\splits\test_files.txt,New_Branch\outputs\core_validation\sacu_v2_20260821-181537\splits\test_files.txt,D:\47\472\New-Papers\GIS\Codes\data\sim\sequences\seq_000091.npz"
286,seq_|sequences_dir,D:\47\472\New-Papers\GIS\Codes\New_Branch\outputs\audit\dataset_location_audit\text_references.csv,New_Branch\outputs\audit\dataset_location_audit\text_references.csv,"8,sequence|sim_sequences_path|npz,D:\47\472\New-Papers\GIS\Codes\New_Branch\outputs\core_validation\sacu_v2_20260821-181537\splits\test_files.txt,New_Branch\outputs\core_validation\sacu_v2_20260821-181537\splits\test_files.txt,D:\47\472\New-Papers\GIS\Codes\data\sim\sequences\seq_000092.npz"
287,seq_|sequences_dir,D:\47\472\New-Papers\GIS\Codes\New_Branch\outputs\audit\dataset_location_audit\text_references.csv,New_Branch\outputs\audit\dataset_location_audit\text_references.csv,"9,sequence|sim_sequences_path|npz,D:\47\472\New-Papers\GIS\Codes\New_Branch\outputs\core_validation\sacu_v2_20260821-181537\splits\test_files.txt,New_Branch\outputs\core_validation\sacu_v2_20260821-181537\splits\test_files.txt,D:\47\472\New-Papers\GIS\Codes\data\sim\sequences\seq_000093.npz"
288,seq_|sequences_dir,D:\47\472\New-Papers\GIS\Codes\New_Branch\outputs\audit\dataset_location_audit\text_references.csv,New_Branch\outputs\audit\dataset_location_audit\text_references.csv,"10,sequence|sim_sequences_path|npz,D:\47\472\New-Papers\GIS\Codes\New_Branch\outputs\core_validation\sacu_v2_20260821-181537\splits\test_files.txt,New_Branch\outputs\core_validation\sacu_v2_20260821-181537\splits\test_files.txt,D:\47\472\New-Papers\GIS\Codes\data\sim\sequences\seq_000094.npz"
289,seq_|sequences_dir,D:\47\472\New-Papers\GIS\Codes\New_Branch\outputs\audit\dataset_location_audit\text_references.csv,New_Branch\outputs\audit\dataset_location_audit\text_references.csv,"11,sequence|sim_sequences_path|npz,D:\47\472\New-Papers\GIS\Codes\New_Branch\outputs\core_validation\sacu_v2_20260821-181537\splits\test_files.txt,New_Branch\outputs\core_validation\sacu_v2_20260821-181537\splits\test_files.txt,D:\47\472\New-Papers\GIS\Codes\data\sim\sequences\seq_000095.npz"
290,seq_|sequences_dir,D:\47\472\New-Papers\GIS\Codes\New_Branch\outputs\audit\dataset_location_audit\text_references.csv,New_Branch\outputs\audit\dataset_location_audit\text_references.csv,"12,sequence|sim_sequences_path|npz,D:\47\472\New-Papers\GIS\Codes\New_Branch\outputs\core_validation\sacu_v2_20260821-181537\splits\test_files.txt,New_Branch\outputs\core_validation\sacu_v2_20260821-181537\splits\test_files.txt,D:\47\472\New-Papers\GIS\Codes\data\sim\sequences\seq_000096.npz"
291,seq_|sequences_dir,D:\47\472\New-Papers\GIS\Codes\New_Branch\outputs\audit\dataset_location_audit\text_references.csv,New_Branch\outputs\audit\dataset_location_audit\text_references.csv,"13,sequence|sim_sequences_path|npz,D:\47\472\New-Papers\GIS\Codes\New_Branch\outputs\core_validation\sacu_v2_20260821-181537\splits\test_files.txt,New_Branch\outputs\core_validation\sacu_v2_20260821-181537\splits\test_files.txt,D:\47\472\New-Papers\GIS\Codes\data\sim\sequences\seq_000097.npz"
292,seq_|sequences_dir,D:\47\472\New-Papers\GIS\Codes\New_Branch\outputs\audit\dataset_location_audit\text_references.csv,New_Branch\outputs\audit\dataset_location_audit\text_references.csv,"14,sequence|sim_sequences_path|npz,D:\47\472\New-Papers\GIS\Codes\New_Branch\outputs\core_validation\sacu_v2_20260821-181537\splits\test_files.txt,New_Branch\outputs\core_validation\sacu_v2_20260821-181537\splits\test_files.txt,D:\47\472\New-Papers\GIS\Codes\data\sim\sequences\seq_000098.npz"
293,seq_|sequences_dir,D:\47\472\New-Papers\GIS\Codes\New_Branch\outputs\audit\dataset_location_audit\text_references.csv,New_Branch\outputs\audit\dataset_location_audit\text_references.csv,"15,sequence|sim_sequences_path|npz,D:\47\472\New-Papers\GIS\Codes\New_Branch\outputs\core_validation\sacu_v2_20260821-181537\splits\test_files.txt,New_Branch\outputs\core_validation\sacu_v2_20260821-181537\splits\test_files.txt,D:\47\472\New-Papers\GIS\Codes\data\sim\sequences\seq_000099.npz"
294,seq_|sequences_dir,D:\47\472\New-Papers\GIS\Codes\New_Branch\outputs\audit\dataset_location_audit\text_references.csv,New_Branch\outputs\audit\dataset_location_audit\text_references.csv,"1,sequence|sim_sequences_path|npz,D:\47\472\New-Papers\GIS\Codes\New_Branch\outputs\core_validation\sacu_v2_20260821-181537\splits\train_files.txt,New_Branch\outputs\core_validation\sacu_v2_20260821-181537\splits\train_files.txt,D:\47\472\New-Papers\GIS\Codes\data\sim\sequences\seq_000000.npz"
295,seq_|sequences_dir,D:\47\472\New-Papers\GIS\Codes\New_Branch\outputs\audit\dataset_location_audit\text_references.csv,New_Branch\outputs\audit\dataset_location_audit\text_references.csv,"2,sequence|sim_sequences_path|npz,D:\47\472\New-Papers\GIS\Codes\New_Branch\outputs\core_validation\sacu_v2_20260821-181537\splits\train_files.txt,New_Branch\outputs\core_validation\sacu_v2_20260821-181537\splits\train_files.txt,D:\47\472\New-Papers\GIS\Codes\data\sim\sequences\seq_000001.npz"
296,seq_|sequences_dir,D:\47\472\New-Papers\GIS\Codes\New_Branch\outputs\audit\dataset_location_audit\text_references.csv,New_Branch\outputs\audit\dataset_location_audit\text_references.csv,"3,sequence|sim_sequences_path|npz,D:\47\472\New-Papers\GIS\Codes\New_Branch\outputs\core_validation\sacu_v2_20260821-181537\splits\train_files.txt,New_Branch\outputs\core_validation\sacu_v2_20260821-181537\splits\train_files.txt,D:\47\472\New-Papers\GIS\Codes\data\sim\sequences\seq_000002.npz"
297,seq_|sequences_dir,D:\47\472\New-Papers\GIS\Codes\New_Branch\outputs\audit\dataset_location_audit\text_references.csv,New_Branch\outputs\audit\dataset_location_audit\text_references.csv,"4,sequence|sim_sequences_path|npz,D:\47\472\New-Papers\GIS\Codes\New_Branch\outputs\core_validation\sacu_v2_20260821-181537\splits\train_files.txt,New_Branch\outputs\core_validation\sacu_v2_20260821-181537\splits\train_files.txt,D:\47\472\New-Papers\GIS\Codes\data\sim\sequences\seq_000003.npz"
298,seq_|sequences_dir,D:\47\472\New-Papers\GIS\Codes\New_Branch\outputs\audit\dataset_location_audit\text_references.csv,New_Branch\outputs\audit\dataset_location_audit\text_references.csv,"5,sequence|sim_sequences_path|npz,D:\47\472\New-Papers\GIS\Codes\New_Branch\outputs\core_validation\sacu_v2_20260821-181537\splits\train_files.txt,New_Branch\outputs\core_validation\sacu_v2_20260821-181537\splits\train_files.txt,D:\47\472\New-Papers\GIS\Codes\data\sim\sequences\seq_000004.npz"
299,seq_|sequences_dir,D:\47\472\New-Papers\GIS\Codes\New_Branch\outputs\audit\dataset_location_audit\text_references.csv,New_Branch\outputs\audit\dataset_location_audit\text_references.csv,"6,sequence|sim_sequences_path|npz,D:\47\472\New-Papers\GIS\Codes\New_Branch\outputs\core_validation\sacu_v2_20260821-181537\splits\train_files.txt,New_Branch\outputs\core_validation\sacu_v2_20260821-181537\splits\train_files.txt,D:\47\472\New-Papers\GIS\Codes\data\sim\sequences\seq_000005.npz"
300,seq_|sequences_dir,D:\47\472\New-Papers\GIS\Codes\New_Branch\outputs\audit\dataset_location_audit\text_references.csv,New_Branch\outputs\audit\dataset_location_audit\text_references.csv,"7,sequence|sim_sequences_path|npz,D:\47\472\New-Papers\GIS\Codes\New_Branch\outputs\core_validation\sacu_v2_20260821-181537\splits\train_files.txt,New_Branch\outputs\core_validation\sacu_v2_20260821-181537\splits\train_files.txt,D:\47\472\New-Papers\GIS\Codes\data\sim\sequences\seq_000006.npz"
301,seq_|sequences_dir,D:\47\472\New-Papers\GIS\Codes\New_Branch\outputs\audit\dataset_location_audit\text_references.csv,New_Branch\outputs\audit\dataset_location_audit\text_references.csv,"8,sequence|sim_sequences_path|npz,D:\47\472\New-Papers\GIS\Codes\New_Branch\outputs\core_validation\sacu_v2_20260821-181537\splits\train_files.txt,New_Branch\outputs\core_validation\sacu_v2_20260821-181537\splits\train_files.txt,D:\47\472\New-Papers\GIS\Codes\data\sim\sequences\seq_000007.npz"
302,seq_|sequences_dir,D:\47\472\New-Papers\GIS\Codes\New_Branch\outputs\audit\dataset_location_audit\text_references.csv,New_Branch\outputs\audit\dataset_location_audit\text_references.csv,"9,sequence|sim_sequences_path|npz,D:\47\472\New-Papers\GIS\Codes\New_Branch\outputs\core_validation\sacu_v2_20260821-181537\splits\train_files.txt,New_Branch\outputs\core_validation\sacu_v2_20260821-181537\splits\train_files.txt,D:\47\472\New-Papers\GIS\Codes\data\sim\sequences\seq_000008.npz"
303,seq_|sequences_dir,D:\47\472\New-Papers\GIS\Codes\New_Branch\outputs\audit\dataset_location_audit\text_references.csv,New_Branch\outputs\audit\dataset_location_audit\text_references.csv,"10,sequence|sim_sequences_path|npz,D:\47\472\New-Papers\GIS\Codes\New_Branch\outputs\core_validation\sacu_v2_20260821-181537\splits\train_files.txt,New_Branch\outputs\core_validation\sacu_v2_20260821-181537\splits\train_files.txt,D:\47\472\New-Papers\GIS\Codes\data\sim\sequences\seq_000009.npz"
304,seq_|sequences_dir,D:\47\472\New-Papers\GIS\Codes\New_Branch\outputs\audit\dataset_location_audit\text_references.csv,New_Branch\outputs\audit\dataset_location_audit\text_references.csv,"11,sequence|sim_sequences_path|npz,D:\47\472\New-Papers\GIS\Codes\New_Branch\outputs\core_validation\sacu_v2_20260821-181537\splits\train_files.txt,New_Branch\outputs\core_validation\sacu_v2_20260821-181537\splits\train_files.txt,D:\47\472\New-Papers\GIS\Codes\data\sim\sequences\seq_000010.npz"
305,seq_|sequences_dir,D:\47\472\New-Papers\GIS\Codes\New_Branch\outputs\audit\dataset_location_audit\text_references.csv,New_Branch\outputs\audit\dataset_location_audit\text_references.csv,"12,sequence|sim_sequences_path|npz,D:\47\472\New-Papers\GIS\Codes\New_Branch\outputs\core_validation\sacu_v2_20260821-181537\splits\train_files.txt,New_Branch\outputs\core_validation\sacu_v2_20260821-181537\splits\train_files.txt,D:\47\472\New-Papers\GIS\Codes\data\sim\sequences\seq_000011.npz"
306,seq_|sequences_dir,D:\47\472\New-Papers\GIS\Codes\New_Branch\outputs\audit\dataset_location_audit\text_references.csv,New_Branch\outputs\audit\dataset_location_audit\text_references.csv,"13,sequence|sim_sequences_path|npz,D:\47\472\New-Papers\GIS\Codes\New_Branch\outputs\core_validation\sacu_v2_20260821-181537\splits\train_files.txt,New_Branch\outputs\core_validation\sacu_v2_20260821-181537\splits\train_files.txt,D:\47\472\New-Papers\GIS\Codes\data\sim\sequences\seq_000012.npz"
307,seq_|sequences_dir,D:\47\472\New-Papers\GIS\Codes\New_Branch\outputs\audit\dataset_location_audit\text_references.csv,New_Branch\outputs\audit\dataset_location_audit\text_references.csv,"14,sequence|sim_sequences_path|npz,D:\47\472\New-Papers\GIS\Codes\New_Branch\outputs\core_validation\sacu_v2_20260821-181537\splits\train_files.txt,New_Branch\outputs\core_validation\sacu_v2_20260821-181537\splits\train_files.txt,D:\47\472\New-Papers\GIS\Codes\data\sim\sequences\seq_000013.npz"
308,seq_|sequences_dir,D:\47\472\New-Papers\GIS\Codes\New_Branch\outputs\audit\dataset_location_audit\text_references.csv,New_Branch\outputs\audit\dataset_location_audit\text_references.csv,"15,sequence|sim_sequences_path|npz,D:\47\472\New-Papers\GIS\Codes\New_Branch\outputs\core_validation\sacu_v2_20260821-181537\splits\train_files.txt,New_Branch\outputs\core_validation\sacu_v2_20260821-181537\splits\train_files.txt,D:\47\472\New-Papers\GIS\Codes\data\sim\sequences\seq_000014.npz"
309,seq_|sequences_dir,D:\47\472\New-Papers\GIS\Codes\New_Branch\outputs\audit\dataset_location_audit\text_references.csv,New_Branch\outputs\audit\dataset_location_audit\text_references.csv,"16,sequence|sim_sequences_path|npz,D:\47\472\New-Papers\GIS\Codes\New_Branch\outputs\core_validation\sacu_v2_20260821-181537\splits\train_files.txt,New_Branch\outputs\core_validation\sacu_v2_20260821-181537\splits\train_files.txt,D:\47\472\New-Papers\GIS\Codes\data\sim\sequences\seq_000015.npz"
310,seq_|sequences_dir,D:\47\472\New-Papers\GIS\Codes\New_Branch\outputs\audit\dataset_location_audit\text_references.csv,New_Branch\outputs\audit\dataset_location_audit\text_references.csv,"17,sequence|sim_sequences_path|npz,D:\47\472\New-Papers\GIS\Codes\New_Branch\outputs\core_validation\sacu_v2_20260821-181537\splits\train_files.txt,New_Branch\outputs\core_validation\sacu_v2_20260821-181537\splits\train_files.txt,D:\47\472\New-Papers\GIS\Codes\data\sim\sequences\seq_000016.npz"
311,seq_|sequences_dir,D:\47\472\New-Papers\GIS\Codes\New_Branch\outputs\audit\dataset_location_audit\text_references.csv,New_Branch\outputs\audit\dataset_location_audit\text_references.csv,"18,sequence|sim_sequences_path|npz,D:\47\472\New-Papers\GIS\Codes\New_Branch\outputs\core_validation\sacu_v2_20260821-181537\splits\train_files.txt,New_Branch\outputs\core_validation\sacu_v2_20260821-181537\splits\train_files.txt,D:\47\472\New-Papers\GIS\Codes\data\sim\sequences\seq_000017.npz"
312,seq_|sequences_dir,D:\47\472\New-Papers\GIS\Codes\New_Branch\outputs\audit\dataset_location_audit\text_references.csv,New_Branch\outputs\audit\dataset_location_audit\text_references.csv,"19,sequence|sim_sequences_path|npz,D:\47\472\New-Papers\GIS\Codes\New_Branch\outputs\core_validation\sacu_v2_20260821-181537\splits\train_files.txt,New_Branch\outputs\core_validation\sacu_v2_20260821-181537\splits\train_files.txt,D:\47\472\New-Papers\GIS\Codes\data\sim\sequences\seq_000018.npz"
313,seq_|sequences_dir,D:\47\472\New-Papers\GIS\Codes\New_Branch\outputs\audit\dataset_location_audit\text_references.csv,New_Branch\outputs\audit\dataset_location_audit\text_references.csv,"20,sequence|sim_sequences_path|npz,D:\47\472\New-Papers\GIS\Codes\New_Branch\outputs\core_validation\sacu_v2_20260821-181537\splits\train_files.txt,New_Branch\outputs\core_validation\sacu_v2_20260821-181537\splits\train_files.txt,D:\47\472\New-Papers\GIS\Codes\data\sim\sequences\seq_000019.npz"
314,seq_|sequences_dir,D:\47\472\New-Papers\GIS\Codes\New_Branch\outputs\audit\dataset_location_audit\text_references.csv,New_Branch\outputs\audit\dataset_location_audit\text_references.csv,"21,sequence|sim_sequences_path|npz,D:\47\472\New-Papers\GIS\Codes\New_Branch\outputs\core_validation\sacu_v2_20260821-181537\splits\train_files.txt,New_Branch\outputs\core_validation\sacu_v2_20260821-181537\splits\train_files.txt,D:\47\472\New-Papers\GIS\Codes\data\sim\sequences\seq_000020.npz"
315,seq_|sequences_dir,D:\47\472\New-Papers\GIS\Codes\New_Branch\outputs\audit\dataset_location_audit\text_references.csv,New_Branch\outputs\audit\dataset_location_audit\text_references.csv,"22,sequence|sim_sequences_path|npz,D:\47\472\New-Papers\GIS\Codes\New_Branch\outputs\core_validation\sacu_v2_20260821-181537\splits\train_files.txt,New_Branch\outputs\core_validation\sacu_v2_20260821-181537\splits\train_files.txt,D:\47\472\New-Papers\GIS\Codes\data\sim\sequences\seq_000021.npz"
316,seq_|sequences_dir,D:\47\472\New-Papers\GIS\Codes\New_Branch\outputs\audit\dataset_location_audit\text_references.csv,New_Branch\outputs\audit\dataset_location_audit\text_references.csv,"23,sequence|sim_sequences_path|npz,D:\47\472\New-Papers\GIS\Codes\New_Branch\outputs\core_validation\sacu_v2_20260821-181537\splits\train_files.txt,New_Branch\outputs\core_validation\sacu_v2_20260821-181537\splits\train_files.txt,D:\47\472\New-Papers\GIS\Codes\data\sim\sequences\seq_000022.npz"
317,seq_|sequences_dir,D:\47\472\New-Papers\GIS\Codes\New_Branch\outputs\audit\dataset_location_audit\text_references.csv,New_Branch\outputs\audit\dataset_location_audit\text_references.csv,"24,sequence|sim_sequences_path|npz,D:\47\472\New-Papers\GIS\Codes\New_Branch\outputs\core_validation\sacu_v2_20260821-181537\splits\train_files.txt,New_Branch\outputs\core_validation\sacu_v2_20260821-181537\splits\train_files.txt,D:\47\472\New-Papers\GIS\Codes\data\sim\sequences\seq_000023.npz"
318,seq_|sequences_dir,D:\47\472\New-Papers\GIS\Codes\New_Branch\outputs\audit\dataset_location_audit\text_references.csv,New_Branch\outputs\audit\dataset_location_audit\text_references.csv,"25,sequence|sim_sequences_path|npz,D:\47\472\New-Papers\GIS\Codes\New_Branch\outputs\core_validation\sacu_v2_20260821-181537\splits\train_files.txt,New_Branch\outputs\core_validation\sacu_v2_20260821-181537\splits\train_files.txt,D:\47\472\New-Papers\GIS\Codes\data\sim\sequences\seq_000024.npz"
319,seq_|sequences_dir,D:\47\472\New-Papers\GIS\Codes\New_Branch\outputs\audit\dataset_location_audit\text_references.csv,New_Branch\outputs\audit\dataset_location_audit\text_references.csv,"26,sequence|sim_sequences_path|npz,D:\47\472\New-Papers\GIS\Codes\New_Branch\outputs\core_validation\sacu_v2_20260821-181537\splits\train_files.txt,New_Branch\outputs\core_validation\sacu_v2_20260821-181537\splits\train_files.txt,D:\47\472\New-Papers\GIS\Codes\data\sim\sequences\seq_000025.npz"
320,seq_|sequences_dir,D:\47\472\New-Papers\GIS\Codes\New_Branch\outputs\audit\dataset_location_audit\text_references.csv,New_Branch\outputs\audit\dataset_location_audit\text_references.csv,"27,sequence|sim_sequences_path|npz,D:\47\472\New-Papers\GIS\Codes\New_Branch\outputs\core_validation\sacu_v2_20260821-181537\splits\train_files.txt,New_Branch\outputs\core_validation\sacu_v2_20260821-181537\splits\train_files.txt,D:\47\472\New-Papers\GIS\Codes\data\sim\sequences\seq_000026.npz"
321,seq_|sequences_dir,D:\47\472\New-Papers\GIS\Codes\New_Branch\outputs\audit\dataset_location_audit\text_references.csv,New_Branch\outputs\audit\dataset_location_audit\text_references.csv,"28,sequence|sim_sequences_path|npz,D:\47\472\New-Papers\GIS\Codes\New_Branch\outputs\core_validation\sacu_v2_20260821-181537\splits\train_files.txt,New_Branch\outputs\core_validation\sacu_v2_20260821-181537\splits\train_files.txt,D:\47\472\New-Papers\GIS\Codes\data\sim\sequences\seq_000027.npz"
322,seq_|sequences_dir,D:\47\472\New-Papers\GIS\Codes\New_Branch\outputs\audit\dataset_location_audit\text_references.csv,New_Branch\outputs\audit\dataset_location_audit\text_references.csv,"29,sequence|sim_sequences_path|npz,D:\47\472\New-Papers\GIS\Codes\New_Branch\outputs\core_validation\sacu_v2_20260821-181537\splits\train_files.txt,New_Branch\outputs\core_validation\sacu_v2_20260821-181537\splits\train_files.txt,D:\47\472\New-Papers\GIS\Codes\data\sim\sequences\seq_000028.npz"
323,seq_|sequences_dir,D:\47\472\New-Papers\GIS\Codes\New_Branch\outputs\audit\dataset_location_audit\text_references.csv,New_Branch\outputs\audit\dataset_location_audit\text_references.csv,"30,sequence|sim_sequences_path|npz,D:\47\472\New-Papers\GIS\Codes\New_Branch\outputs\core_validation\sacu_v2_20260821-181537\splits\train_files.txt,New_Branch\outputs\core_validation\sacu_v2_20260821-181537\splits\train_files.txt,D:\47\472\New-Papers\GIS\Codes\data\sim\sequences\seq_000029.npz"
324,seq_|sequences_dir,D:\47\472\New-Papers\GIS\Codes\New_Branch\outputs\audit\dataset_location_audit\text_references.csv,New_Branch\outputs\audit\dataset_location_audit\text_references.csv,"31,sequence|sim_sequences_path|npz,D:\47\472\New-Papers\GIS\Codes\New_Branch\outputs\core_validation\sacu_v2_20260821-181537\splits\train_files.txt,New_Branch\outputs\core_validation\sacu_v2_20260821-181537\splits\train_files.txt,D:\47\472\New-Papers\GIS\Codes\data\sim\sequences\seq_000030.npz"
325,seq_|sequences_dir,D:\47\472\New-Papers\GIS\Codes\New_Branch\outputs\audit\dataset_location_audit\text_references.csv,New_Branch\outputs\audit\dataset_location_audit\text_references.csv,"32,sequence|sim_sequences_path|npz,D:\47\472\New-Papers\GIS\Codes\New_Branch\outputs\core_validation\sacu_v2_20260821-181537\splits\train_files.txt,New_Branch\outputs\core_validation\sacu_v2_20260821-181537\splits\train_files.txt,D:\47\472\New-Papers\GIS\Codes\data\sim\sequences\seq_000031.npz"
326,seq_|sequences_dir,D:\47\472\New-Papers\GIS\Codes\New_Branch\outputs\audit\dataset_location_audit\text_references.csv,New_Branch\outputs\audit\dataset_location_audit\text_references.csv,"33,sequence|sim_sequences_path|npz,D:\47\472\New-Papers\GIS\Codes\New_Branch\outputs\core_validation\sacu_v2_20260821-181537\splits\train_files.txt,New_Branch\outputs\core_validation\sacu_v2_20260821-181537\splits\train_files.txt,D:\47\472\New-Papers\GIS\Codes\data\sim\sequences\seq_000032.npz"
327,seq_|sequences_dir,D:\47\472\New-Papers\GIS\Codes\New_Branch\outputs\audit\dataset_location_audit\text_references.csv,New_Branch\outputs\audit\dataset_location_audit\text_references.csv,"34,sequence|sim_sequences_path|npz,D:\47\472\New-Papers\GIS\Codes\New_Branch\outputs\core_validation\sacu_v2_20260821-181537\splits\train_files.txt,New_Branch\outputs\core_validation\sacu_v2_20260821-181537\splits\train_files.txt,D:\47\472\New-Papers\GIS\Codes\data\sim\sequences\seq_000033.npz"
328,seq_|sequences_dir,D:\47\472\New-Papers\GIS\Codes\New_Branch\outputs\audit\dataset_location_audit\text_references.csv,New_Branch\outputs\audit\dataset_location_audit\text_references.csv,"35,sequence|sim_sequences_path|npz,D:\47\472\New-Papers\GIS\Codes\New_Branch\outputs\core_validation\sacu_v2_20260821-181537\splits\train_files.txt,New_Branch\outputs\core_validation\sacu_v2_20260821-181537\splits\train_files.txt,D:\47\472\New-Papers\GIS\Codes\data\sim\sequences\seq_000034.npz"
329,seq_|sequences_dir,D:\47\472\New-Papers\GIS\Codes\New_Branch\outputs\audit\dataset_location_audit\text_references.csv,New_Branch\outputs\audit\dataset_location_audit\text_references.csv,"36,sequence|sim_sequences_path|npz,D:\47\472\New-Papers\GIS\Codes\New_Branch\outputs\core_validation\sacu_v2_20260821-181537\splits\train_files.txt,New_Branch\outputs\core_validation\sacu_v2_20260821-181537\splits\train_files.txt,D:\47\472\New-Papers\GIS\Codes\data\sim\sequences\seq_000035.npz"
330,seq_|sequences_dir,D:\47\472\New-Papers\GIS\Codes\New_Branch\outputs\audit\dataset_location_audit\text_references.csv,New_Branch\outputs\audit\dataset_location_audit\text_references.csv,"37,sequence|sim_sequences_path|npz,D:\47\472\New-Papers\GIS\Codes\New_Branch\outputs\core_validation\sacu_v2_20260821-181537\splits\train_files.txt,New_Branch\outputs\core_validation\sacu_v2_20260821-181537\splits\train_files.txt,D:\47\472\New-Papers\GIS\Codes\data\sim\sequences\seq_000036.npz"
331,seq_|sequences_dir,D:\47\472\New-Papers\GIS\Codes\New_Branch\outputs\audit\dataset_location_audit\text_references.csv,New_Branch\outputs\audit\dataset_location_audit\text_references.csv,"38,sequence|sim_sequences_path|npz,D:\47\472\New-Papers\GIS\Codes\New_Branch\outputs\core_validation\sacu_v2_20260821-181537\splits\train_files.txt,New_Branch\outputs\core_validation\sacu_v2_20260821-181537\splits\train_files.txt,D:\47\472\New-Papers\GIS\Codes\data\sim\sequences\seq_000037.npz"
332,seq_|sequences_dir,D:\47\472\New-Papers\GIS\Codes\New_Branch\outputs\audit\dataset_location_audit\text_references.csv,New_Branch\outputs\audit\dataset_location_audit\text_references.csv,"39,sequence|sim_sequences_path|npz,D:\47\472\New-Papers\GIS\Codes\New_Branch\outputs\core_validation\sacu_v2_20260821-181537\splits\train_files.txt,New_Branch\outputs\core_validation\sacu_v2_20260821-181537\splits\train_files.txt,D:\47\472\New-Papers\GIS\Codes\data\sim\sequences\seq_000038.npz"
333,seq_|sequences_dir,D:\47\472\New-Papers\GIS\Codes\New_Branch\outputs\audit\dataset_location_audit\text_references.csv,New_Branch\outputs\audit\dataset_location_audit\text_references.csv,"40,sequence|sim_sequences_path|npz,D:\47\472\New-Papers\GIS\Codes\New_Branch\outputs\core_validation\sacu_v2_20260821-181537\splits\train_files.txt,New_Branch\outputs\core_validation\sacu_v2_20260821-181537\splits\train_files.txt,D:\47\472\New-Papers\GIS\Codes\data\sim\sequences\seq_000039.npz"
334,seq_|sequences_dir,D:\47\472\New-Papers\GIS\Codes\New_Branch\outputs\audit\dataset_location_audit\text_references.csv,New_Branch\outputs\audit\dataset_location_audit\text_references.csv,"41,sequence|sim_sequences_path|npz,D:\47\472\New-Papers\GIS\Codes\New_Branch\outputs\core_validation\sacu_v2_20260821-181537\splits\train_files.txt,New_Branch\outputs\core_validation\sacu_v2_20260821-181537\splits\train_files.txt,D:\47\472\New-Papers\GIS\Codes\data\sim\sequences\seq_000040.npz"
335,seq_|sequences_dir,D:\47\472\New-Papers\GIS\Codes\New_Branch\outputs\audit\dataset_location_audit\text_references.csv,New_Branch\outputs\audit\dataset_location_audit\text_references.csv,"42,sequence|sim_sequences_path|npz,D:\47\472\New-Papers\GIS\Codes\New_Branch\outputs\core_validation\sacu_v2_20260821-181537\splits\train_files.txt,New_Branch\outputs\core_validation\sacu_v2_20260821-181537\splits\train_files.txt,D:\47\472\New-Papers\GIS\Codes\data\sim\sequences\seq_000041.npz"
336,seq_|sequences_dir,D:\47\472\New-Papers\GIS\Codes\New_Branch\outputs\audit\dataset_location_audit\text_references.csv,New_Branch\outputs\audit\dataset_location_audit\text_references.csv,"43,sequence|sim_sequences_path|npz,D:\47\472\New-Papers\GIS\Codes\New_Branch\outputs\core_validation\sacu_v2_20260821-181537\splits\train_files.txt,New_Branch\outputs\core_validation\sacu_v2_20260821-181537\splits\train_files.txt,D:\47\472\New-Papers\GIS\Codes\data\sim\sequences\seq_000042.npz"
337,seq_|sequences_dir,D:\47\472\New-Papers\GIS\Codes\New_Branch\outputs\audit\dataset_location_audit\text_references.csv,New_Branch\outputs\audit\dataset_location_audit\text_references.csv,"44,sequence|sim_sequences_path|npz,D:\47\472\New-Papers\GIS\Codes\New_Branch\outputs\core_validation\sacu_v2_20260821-181537\splits\train_files.txt,New_Branch\outputs\core_validation\sacu_v2_20260821-181537\splits\train_files.txt,D:\47\472\New-Papers\GIS\Codes\data\sim\sequences\seq_000043.npz"
338,seq_|sequences_dir,D:\47\472\New-Papers\GIS\Codes\New_Branch\outputs\audit\dataset_location_audit\text_references.csv,New_Branch\outputs\audit\dataset_location_audit\text_references.csv,"45,sequence|sim_sequences_path|npz,D:\47\472\New-Papers\GIS\Codes\New_Branch\outputs\core_validation\sacu_v2_20260821-181537\splits\train_files.txt,New_Branch\outputs\core_validation\sacu_v2_20260821-181537\splits\train_files.txt,D:\47\472\New-Papers\GIS\Codes\data\sim\sequences\seq_000044.npz"
339,seq_|sequences_dir,D:\47\472\New-Papers\GIS\Codes\New_Branch\outputs\audit\dataset_location_audit\text_references.csv,New_Branch\outputs\audit\dataset_location_audit\text_references.csv,"46,sequence|sim_sequences_path|npz,D:\47\472\New-Papers\GIS\Codes\New_Branch\outputs\core_validation\sacu_v2_20260821-181537\splits\train_files.txt,New_Branch\outputs\core_validation\sacu_v2_20260821-181537\splits\train_files.txt,D:\47\472\New-Papers\GIS\Codes\data\sim\sequences\seq_000045.npz"
340,seq_|sequences_dir,D:\47\472\New-Papers\GIS\Codes\New_Branch\outputs\audit\dataset_location_audit\text_references.csv,New_Branch\outputs\audit\dataset_location_audit\text_references.csv,"47,sequence|sim_sequences_path|npz,D:\47\472\New-Papers\GIS\Codes\New_Branch\outputs\core_validation\sacu_v2_20260821-181537\splits\train_files.txt,New_Branch\outputs\core_validation\sacu_v2_20260821-181537\splits\train_files.txt,D:\47\472\New-Papers\GIS\Codes\data\sim\sequences\seq_000046.npz"
341,seq_|sequences_dir,D:\47\472\New-Papers\GIS\Codes\New_Branch\outputs\audit\dataset_location_audit\text_references.csv,New_Branch\outputs\audit\dataset_location_audit\text_references.csv,"48,sequence|sim_sequences_path|npz,D:\47\472\New-Papers\GIS\Codes\New_Branch\outputs\core_validation\sacu_v2_20260821-181537\splits\train_files.txt,New_Branch\outputs\core_validation\sacu_v2_20260821-181537\splits\train_files.txt,D:\47\472\New-Papers\GIS\Codes\data\sim\sequences\seq_000047.npz"
342,seq_|sequences_dir,D:\47\472\New-Papers\GIS\Codes\New_Branch\outputs\audit\dataset_location_audit\text_references.csv,New_Branch\outputs\audit\dataset_location_audit\text_references.csv,"49,sequence|sim_sequences_path|npz,D:\47\472\New-Papers\GIS\Codes\New_Branch\outputs\core_validation\sacu_v2_20260821-181537\splits\train_files.txt,New_Branch\outputs\core_validation\sacu_v2_20260821-181537\splits\train_files.txt,D:\47\472\New-Papers\GIS\Codes\data\sim\sequences\seq_000048.npz"
343,seq_|sequences_dir,D:\47\472\New-Papers\GIS\Codes\New_Branch\outputs\audit\dataset_location_audit\text_references.csv,New_Branch\outputs\audit\dataset_location_audit\text_references.csv,"50,sequence|sim_sequences_path|npz,D:\47\472\New-Papers\GIS\Codes\New_Branch\outputs\core_validation\sacu_v2_20260821-181537\splits\train_files.txt,New_Branch\outputs\core_validation\sacu_v2_20260821-181537\splits\train_files.txt,D:\47\472\New-Papers\GIS\Codes\data\sim\sequences\seq_000049.npz"
344,seq_|sequences_dir,D:\47\472\New-Papers\GIS\Codes\New_Branch\outputs\audit\dataset_location_audit\text_references.csv,New_Branch\outputs\audit\dataset_location_audit\text_references.csv,"51,sequence|sim_sequences_path|npz,D:\47\472\New-Papers\GIS\Codes\New_Branch\outputs\core_validation\sacu_v2_20260821-181537\splits\train_files.txt,New_Branch\outputs\core_validation\sacu_v2_20260821-181537\splits\train_files.txt,D:\47\472\New-Papers\GIS\Codes\data\sim\sequences\seq_000050.npz"
345,seq_|sequences_dir,D:\47\472\New-Papers\GIS\Codes\New_Branch\outputs\audit\dataset_location_audit\text_references.csv,New_Branch\outputs\audit\dataset_location_audit\text_references.csv,"52,sequence|sim_sequences_path|npz,D:\47\472\New-Papers\GIS\Codes\New_Branch\outputs\core_validation\sacu_v2_20260821-181537\splits\train_files.txt,New_Branch\outputs\core_validation\sacu_v2_20260821-181537\splits\train_files.txt,D:\47\472\New-Papers\GIS\Codes\data\sim\sequences\seq_000051.npz"
346,seq_|sequences_dir,D:\47\472\New-Papers\GIS\Codes\New_Branch\outputs\audit\dataset_location_audit\text_references.csv,New_Branch\outputs\audit\dataset_location_audit\text_references.csv,"53,sequence|sim_sequences_path|npz,D:\47\472\New-Papers\GIS\Codes\New_Branch\outputs\core_validation\sacu_v2_20260821-181537\splits\train_files.txt,New_Branch\outputs\core_validation\sacu_v2_20260821-181537\splits\train_files.txt,D:\47\472\New-Papers\GIS\Codes\data\sim\sequences\seq_000052.npz"
347,seq_|sequences_dir,D:\47\472\New-Papers\GIS\Codes\New_Branch\outputs\audit\dataset_location_audit\text_references.csv,New_Branch\outputs\audit\dataset_location_audit\text_references.csv,"54,sequence|sim_sequences_path|npz,D:\47\472\New-Papers\GIS\Codes\New_Branch\outputs\core_validation\sacu_v2_20260821-181537\splits\train_files.txt,New_Branch\outputs\core_validation\sacu_v2_20260821-181537\splits\train_files.txt,D:\47\472\New-Papers\GIS\Codes\data\sim\sequences\seq_000053.npz"
348,seq_|sequences_dir,D:\47\472\New-Papers\GIS\Codes\New_Branch\outputs\audit\dataset_location_audit\text_references.csv,New_Branch\outputs\audit\dataset_location_audit\text_references.csv,"55,sequence|sim_sequences_path|npz,D:\47\472\New-Papers\GIS\Codes\New_Branch\outputs\core_validation\sacu_v2_20260821-181537\splits\train_files.txt,New_Branch\outputs\core_validation\sacu_v2_20260821-181537\splits\train_files.txt,D:\47\472\New-Papers\GIS\Codes\data\sim\sequences\seq_000054.npz"
349,seq_|sequences_dir,D:\47\472\New-Papers\GIS\Codes\New_Branch\outputs\audit\dataset_location_audit\text_references.csv,New_Branch\outputs\audit\dataset_location_audit\text_references.csv,"56,sequence|sim_sequences_path|npz,D:\47\472\New-Papers\GIS\Codes\New_Branch\outputs\core_validation\sacu_v2_20260821-181537\splits\train_files.txt,New_Branch\outputs\core_validation\sacu_v2_20260821-181537\splits\train_files.txt,D:\47\472\New-Papers\GIS\Codes\data\sim\sequences\seq_000055.npz"
350,seq_|sequences_dir,D:\47\472\New-Papers\GIS\Codes\New_Branch\outputs\audit\dataset_location_audit\text_references.csv,New_Branch\outputs\audit\dataset_location_audit\text_references.csv,"57,sequence|sim_sequences_path|npz,D:\47\472\New-Papers\GIS\Codes\New_Branch\outputs\core_validation\sacu_v2_20260821-181537\splits\train_files.txt,New_Branch\outputs\core_validation\sacu_v2_20260821-181537\splits\train_files.txt,D:\47\472\New-Papers\GIS\Codes\data\sim\sequences\seq_000056.npz"
351,seq_|sequences_dir,D:\47\472\New-Papers\GIS\Codes\New_Branch\outputs\audit\dataset_location_audit\text_references.csv,New_Branch\outputs\audit\dataset_location_audit\text_references.csv,"58,sequence|sim_sequences_path|npz,D:\47\472\New-Papers\GIS\Codes\New_Branch\outputs\core_validation\sacu_v2_20260821-181537\splits\train_files.txt,New_Branch\outputs\core_validation\sacu_v2_20260821-181537\splits\train_files.txt,D:\47\472\New-Papers\GIS\Codes\data\sim\sequences\seq_000057.npz"
352,seq_|sequences_dir,D:\47\472\New-Papers\GIS\Codes\New_Branch\outputs\audit\dataset_location_audit\text_references.csv,New_Branch\outputs\audit\dataset_location_audit\text_references.csv,"59,sequence|sim_sequences_path|npz,D:\47\472\New-Papers\GIS\Codes\New_Branch\outputs\core_validation\sacu_v2_20260821-181537\splits\train_files.txt,New_Branch\outputs\core_validation\sacu_v2_20260821-181537\splits\train_files.txt,D:\47\472\New-Papers\GIS\Codes\data\sim\sequences\seq_000058.npz"
353,seq_|sequences_dir,D:\47\472\New-Papers\GIS\Codes\New_Branch\outputs\audit\dataset_location_audit\text_references.csv,New_Branch\outputs\audit\dataset_location_audit\text_references.csv,"60,sequence|sim_sequences_path|npz,D:\47\472\New-Papers\GIS\Codes\New_Branch\outputs\core_validation\sacu_v2_20260821-181537\splits\train_files.txt,New_Branch\outputs\core_validation\sacu_v2_20260821-181537\splits\train_files.txt,D:\47\472\New-Papers\GIS\Codes\data\sim\sequences\seq_000059.npz"
354,seq_|sequences_dir,D:\47\472\New-Papers\GIS\Codes\New_Branch\outputs\audit\dataset_location_audit\text_references.csv,New_Branch\outputs\audit\dataset_location_audit\text_references.csv,"61,sequence|sim_sequences_path|npz,D:\47\472\New-Papers\GIS\Codes\New_Branch\outputs\core_validation\sacu_v2_20260821-181537\splits\train_files.txt,New_Branch\outputs\core_validation\sacu_v2_20260821-181537\splits\train_files.txt,D:\47\472\New-Papers\GIS\Codes\data\sim\sequences\seq_000060.npz"
355,seq_|sequences_dir,D:\47\472\New-Papers\GIS\Codes\New_Branch\outputs\audit\dataset_location_audit\text_references.csv,New_Branch\outputs\audit\dataset_location_audit\text_references.csv,"62,sequence|sim_sequences_path|npz,D:\47\472\New-Papers\GIS\Codes\New_Branch\outputs\core_validation\sacu_v2_20260821-181537\splits\train_files.txt,New_Branch\outputs\core_validation\sacu_v2_20260821-181537\splits\train_files.txt,D:\47\472\New-Papers\GIS\Codes\data\sim\sequences\seq_000061.npz"
356,seq_|sequences_dir,D:\47\472\New-Papers\GIS\Codes\New_Branch\outputs\audit\dataset_location_audit\text_references.csv,New_Branch\outputs\audit\dataset_location_audit\text_references.csv,"63,sequence|sim_sequences_path|npz,D:\47\472\New-Papers\GIS\Codes\New_Branch\outputs\core_validation\sacu_v2_20260821-181537\splits\train_files.txt,New_Branch\outputs\core_validation\sacu_v2_20260821-181537\splits\train_files.txt,D:\47\472\New-Papers\GIS\Codes\data\sim\sequences\seq_000062.npz"
357,seq_|sequences_dir,D:\47\472\New-Papers\GIS\Codes\New_Branch\outputs\audit\dataset_location_audit\text_references.csv,New_Branch\outputs\audit\dataset_location_audit\text_references.csv,"64,sequence|sim_sequences_path|npz,D:\47\472\New-Papers\GIS\Codes\New_Branch\outputs\core_validation\sacu_v2_20260821-181537\splits\train_files.txt,New_Branch\outputs\core_validation\sacu_v2_20260821-181537\splits\train_files.txt,D:\47\472\New-Papers\GIS\Codes\data\sim\sequences\seq_000063.npz"
358,seq_|sequences_dir,D:\47\472\New-Papers\GIS\Codes\New_Branch\outputs\audit\dataset_location_audit\text_references.csv,New_Branch\outputs\audit\dataset_location_audit\text_references.csv,"65,sequence|sim_sequences_path|npz,D:\47\472\New-Papers\GIS\Codes\New_Branch\outputs\core_validation\sacu_v2_20260821-181537\splits\train_files.txt,New_Branch\outputs\core_validation\sacu_v2_20260821-181537\splits\train_files.txt,D:\47\472\New-Papers\GIS\Codes\data\sim\sequences\seq_000064.npz"
359,seq_|sequences_dir,D:\47\472\New-Papers\GIS\Codes\New_Branch\outputs\audit\dataset_location_audit\text_references.csv,New_Branch\outputs\audit\dataset_location_audit\text_references.csv,"66,sequence|sim_sequences_path|npz,D:\47\472\New-Papers\GIS\Codes\New_Branch\outputs\core_validation\sacu_v2_20260821-181537\splits\train_files.txt,New_Branch\outputs\core_validation\sacu_v2_20260821-181537\splits\train_files.txt,D:\47\472\New-Papers\GIS\Codes\data\sim\sequences\seq_000065.npz"
360,seq_|sequences_dir,D:\47\472\New-Papers\GIS\Codes\New_Branch\outputs\audit\dataset_location_audit\text_references.csv,New_Branch\outputs\audit\dataset_location_audit\text_references.csv,"67,sequence|sim_sequences_path|npz,D:\47\472\New-Papers\GIS\Codes\New_Branch\outputs\core_validation\sacu_v2_20260821-181537\splits\train_files.txt,New_Branch\outputs\core_validation\sacu_v2_20260821-181537\splits\train_files.txt,D:\47\472\New-Papers\GIS\Codes\data\sim\sequences\seq_000066.npz"
361,seq_|sequences_dir,D:\47\472\New-Papers\GIS\Codes\New_Branch\outputs\audit\dataset_location_audit\text_references.csv,New_Branch\outputs\audit\dataset_location_audit\text_references.csv,"68,sequence|sim_sequences_path|npz,D:\47\472\New-Papers\GIS\Codes\New_Branch\outputs\core_validation\sacu_v2_20260821-181537\splits\train_files.txt,New_Branch\outputs\core_validation\sacu_v2_20260821-181537\splits\train_files.txt,D:\47\472\New-Papers\GIS\Codes\data\sim\sequences\seq_000067.npz"
362,seq_|sequences_dir,D:\47\472\New-Papers\GIS\Codes\New_Branch\outputs\audit\dataset_location_audit\text_references.csv,New_Branch\outputs\audit\dataset_location_audit\text_references.csv,"69,sequence|sim_sequences_path|npz,D:\47\472\New-Papers\GIS\Codes\New_Branch\outputs\core_validation\sacu_v2_20260821-181537\splits\train_files.txt,New_Branch\outputs\core_validation\sacu_v2_20260821-181537\splits\train_files.txt,D:\47\472\New-Papers\GIS\Codes\data\sim\sequences\seq_000068.npz"
363,seq_|sequences_dir,D:\47\472\New-Papers\GIS\Codes\New_Branch\outputs\audit\dataset_location_audit\text_references.csv,New_Branch\outputs\audit\dataset_location_audit\text_references.csv,"70,sequence|sim_sequences_path|npz,D:\47\472\New-Papers\GIS\Codes\New_Branch\outputs\core_validation\sacu_v2_20260821-181537\splits\train_files.txt,New_Branch\outputs\core_validation\sacu_v2_20260821-181537\splits\train_files.txt,D:\47\472\New-Papers\GIS\Codes\data\sim\sequences\seq_000069.npz"
364,seq_|sequences_dir,D:\47\472\New-Papers\GIS\Codes\New_Branch\outputs\audit\dataset_location_audit\text_references.csv,New_Branch\outputs\audit\dataset_location_audit\text_references.csv,"1,sequence|sim_sequences_path|npz,D:\47\472\New-Papers\GIS\Codes\New_Branch\outputs\core_validation\sacu_v2_20260821-181537\splits\validation_files.txt,New_Branch\outputs\core_validation\sacu_v2_20260821-181537\splits\validation_files.txt,D:\47\472\New-Papers\GIS\Codes\data\sim\sequences\seq_000070.npz"
365,seq_|sequences_dir,D:\47\472\New-Papers\GIS\Codes\New_Branch\outputs\audit\dataset_location_audit\text_references.csv,New_Branch\outputs\audit\dataset_location_audit\text_references.csv,"2,sequence|sim_sequences_path|npz,D:\47\472\New-Papers\GIS\Codes\New_Branch\outputs\core_validation\sacu_v2_20260821-181537\splits\validation_files.txt,New_Branch\outputs\core_validation\sacu_v2_20260821-181537\splits\validation_files.txt,D:\47\472\New-Papers\GIS\Codes\data\sim\sequences\seq_000071.npz"
366,seq_|sequences_dir,D:\47\472\New-Papers\GIS\Codes\New_Branch\outputs\audit\dataset_location_audit\text_references.csv,New_Branch\outputs\audit\dataset_location_audit\text_references.csv,"3,sequence|sim_sequences_path|npz,D:\47\472\New-Papers\GIS\Codes\New_Branch\outputs\core_validation\sacu_v2_20260821-181537\splits\validation_files.txt,New_Branch\outputs\core_validation\sacu_v2_20260821-181537\splits\validation_files.txt,D:\47\472\New-Papers\GIS\Codes\data\sim\sequences\seq_000072.npz"
367,seq_|sequences_dir,D:\47\472\New-Papers\GIS\Codes\New_Branch\outputs\audit\dataset_location_audit\text_references.csv,New_Branch\outputs\audit\dataset_location_audit\text_references.csv,"4,sequence|sim_sequences_path|npz,D:\47\472\New-Papers\GIS\Codes\New_Branch\outputs\core_validation\sacu_v2_20260821-181537\splits\validation_files.txt,New_Branch\outputs\core_validation\sacu_v2_20260821-181537\splits\validation_files.txt,D:\47\472\New-Papers\GIS\Codes\data\sim\sequences\seq_000073.npz"
368,seq_|sequences_dir,D:\47\472\New-Papers\GIS\Codes\New_Branch\outputs\audit\dataset_location_audit\text_references.csv,New_Branch\outputs\audit\dataset_location_audit\text_references.csv,"5,sequence|sim_sequences_path|npz,D:\47\472\New-Papers\GIS\Codes\New_Branch\outputs\core_validation\sacu_v2_20260821-181537\splits\validation_files.txt,New_Branch\outputs\core_validation\sacu_v2_20260821-181537\splits\validation_files.txt,D:\47\472\New-Papers\GIS\Codes\data\sim\sequences\seq_000074.npz"
369,seq_|sequences_dir,D:\47\472\New-Papers\GIS\Codes\New_Branch\outputs\audit\dataset_location_audit\text_references.csv,New_Branch\outputs\audit\dataset_location_audit\text_references.csv,"6,sequence|sim_sequences_path|npz,D:\47\472\New-Papers\GIS\Codes\New_Branch\outputs\core_validation\sacu_v2_20260821-181537\splits\validation_files.txt,New_Branch\outputs\core_validation\sacu_v2_20260821-181537\splits\validation_files.txt,D:\47\472\New-Papers\GIS\Codes\data\sim\sequences\seq_000075.npz"
370,seq_|sequences_dir,D:\47\472\New-Papers\GIS\Codes\New_Branch\outputs\audit\dataset_location_audit\text_references.csv,New_Branch\outputs\audit\dataset_location_audit\text_references.csv,"7,sequence|sim_sequences_path|npz,D:\47\472\New-Papers\GIS\Codes\New_Branch\outputs\core_validation\sacu_v2_20260821-181537\splits\validation_files.txt,New_Branch\outputs\core_validation\sacu_v2_20260821-181537\splits\validation_files.txt,D:\47\472\New-Papers\GIS\Codes\data\sim\sequences\seq_000076.npz"
371,seq_|sequences_dir,D:\47\472\New-Papers\GIS\Codes\New_Branch\outputs\audit\dataset_location_audit\text_references.csv,New_Branch\outputs\audit\dataset_location_audit\text_references.csv,"8,sequence|sim_sequences_path|npz,D:\47\472\New-Papers\GIS\Codes\New_Branch\outputs\core_validation\sacu_v2_20260821-181537\splits\validation_files.txt,New_Branch\outputs\core_validation\sacu_v2_20260821-181537\splits\validation_files.txt,D:\47\472\New-Papers\GIS\Codes\data\sim\sequences\seq_000077.npz"
372,seq_|sequences_dir,D:\47\472\New-Papers\GIS\Codes\New_Branch\outputs\audit\dataset_location_audit\text_references.csv,New_Branch\outputs\audit\dataset_location_audit\text_references.csv,"9,sequence|sim_sequences_path|npz,D:\47\472\New-Papers\GIS\Codes\New_Branch\outputs\core_validation\sacu_v2_20260821-181537\splits\validation_files.txt,New_Branch\outputs\core_validation\sacu_v2_20260821-181537\splits\validation_files.txt,D:\47\472\New-Papers\GIS\Codes\data\sim\sequences\seq_000078.npz"
373,seq_|sequences_dir,D:\47\472\New-Papers\GIS\Codes\New_Branch\outputs\audit\dataset_location_audit\text_references.csv,New_Branch\outputs\audit\dataset_location_audit\text_references.csv,"10,sequence|sim_sequences_path|npz,D:\47\472\New-Papers\GIS\Codes\New_Branch\outputs\core_validation\sacu_v2_20260821-181537\splits\validation_files.txt,New_Branch\outputs\core_validation\sacu_v2_20260821-181537\splits\validation_files.txt,D:\47\472\New-Papers\GIS\Codes\data\sim\sequences\seq_000079.npz"
374,seq_|sequences_dir,D:\47\472\New-Papers\GIS\Codes\New_Branch\outputs\audit\dataset_location_audit\text_references.csv,New_Branch\outputs\audit\dataset_location_audit\text_references.csv,"11,sequence|sim_sequences_path|npz,D:\47\472\New-Papers\GIS\Codes\New_Branch\outputs\core_validation\sacu_v2_20260821-181537\splits\validation_files.txt,New_Branch\outputs\core_validation\sacu_v2_20260821-181537\splits\validation_files.txt,D:\47\472\New-Papers\GIS\Codes\data\sim\sequences\seq_000080.npz"
375,seq_|sequences_dir,D:\47\472\New-Papers\GIS\Codes\New_Branch\outputs\audit\dataset_location_audit\text_references.csv,New_Branch\outputs\audit\dataset_location_audit\text_references.csv,"12,sequence|sim_sequences_path|npz,D:\47\472\New-Papers\GIS\Codes\New_Branch\outputs\core_validation\sacu_v2_20260821-181537\splits\validation_files.txt,New_Branch\outputs\core_validation\sacu_v2_20260821-181537\splits\validation_files.txt,D:\47\472\New-Papers\GIS\Codes\data\sim\sequences\seq_000081.npz"
376,seq_|sequences_dir,D:\47\472\New-Papers\GIS\Codes\New_Branch\outputs\audit\dataset_location_audit\text_references.csv,New_Branch\outputs\audit\dataset_location_audit\text_references.csv,"13,sequence|sim_sequences_path|npz,D:\47\472\New-Papers\GIS\Codes\New_Branch\outputs\core_validation\sacu_v2_20260821-181537\splits\validation_files.txt,New_Branch\outputs\core_validation\sacu_v2_20260821-181537\splits\validation_files.txt,D:\47\472\New-Papers\GIS\Codes\data\sim\sequences\seq_000082.npz"
377,seq_|sequences_dir,D:\47\472\New-Papers\GIS\Codes\New_Branch\outputs\audit\dataset_location_audit\text_references.csv,New_Branch\outputs\audit\dataset_location_audit\text_references.csv,"14,sequence|sim_sequences_path|npz,D:\47\472\New-Papers\GIS\Codes\New_Branch\outputs\core_validation\sacu_v2_20260821-181537\splits\validation_files.txt,New_Branch\outputs\core_validation\sacu_v2_20260821-181537\splits\validation_files.txt,D:\47\472\New-Papers\GIS\Codes\data\sim\sequences\seq_000083.npz"
378,seq_|sequences_dir,D:\47\472\New-Papers\GIS\Codes\New_Branch\outputs\audit\dataset_location_audit\text_references.csv,New_Branch\outputs\audit\dataset_location_audit\text_references.csv,"15,sequence|sim_sequences_path|npz,D:\47\472\New-Papers\GIS\Codes\New_Branch\outputs\core_validation\sacu_v2_20260821-181537\splits\validation_files.txt,New_Branch\outputs\core_validation\sacu_v2_20260821-181537\splits\validation_files.txt,D:\47\472\New-Papers\GIS\Codes\data\sim\sequences\seq_000084.npz"
379,sequences_dir,D:\47\472\New-Papers\GIS\Codes\New_Branch\outputs\audit\dataset_location_audit\text_references.csv,New_Branch\outputs\audit\dataset_location_audit\text_references.csv,"8,sequence,D:\47\472\New-Papers\GIS\Codes\New_Branch\scripts\01_validate_no_target_leakage.py,New_Branch\scripts\01_validate_no_target_leakage.py,""SEQ = OLD / """"data"""" / """"sim"""" / """"sequences"""""""
380,sequences_dir,D:\47\472\New-Papers\GIS\Codes\New_Branch\outputs\audit\dataset_location_audit\text_references.csv,New_Branch\outputs\audit\dataset_location_audit\text_references.csv,"20,sequence,D:\47\472\New-Papers\GIS\Codes\New_Branch\scripts\01_validate_no_target_leakage.py,New_Branch\scripts\01_validate_no_target_leakage.py,# 1. Load one real test sequence from the existing dataset"
385,seq_|sequences_dir,D:\47\472\New-Papers\GIS\Codes\New_Branch\outputs\audit\dataset_location_audit\text_references.csv,New_Branch\outputs\audit\dataset_location_audit\text_references.csv,"5,sequence|sim_sequences_path,D:\47\472\New-Papers\GIS\Codes\outputs\eval\baseline_eval_20260224-193450\results.json,outputs\eval\baseline_eval_20260224-193450\results.json,""""""seq_dir"""": """"D:\\47\\472\\New-Papers\\GIS\\Codes\\data\\sim\\sequences"""","""
386,seq_,D:\47\472\New-Papers\GIS\Codes\New_Branch\outputs\audit\dataset_location_audit\text_references.csv,New_Branch\outputs\audit\dataset_location_audit\text_references.csv,"2,npz,D:\47\472\New-Papers\GIS\Codes\outputs\eval\baseline_eval_20260224-193450\tables\per_sequence_metrics.csv,outputs\eval\baseline_eval_20260224-193450\tables\per_sequence_metrics.csv,""seq_000085.npz,0.011827623471617699,0.02002764865756035,0.0022009145468473434,1.1831415666771743"""
387,seq_,D:\47\472\New-Papers\GIS\Codes\New_Branch\outputs\audit\dataset_location_audit\text_references.csv,New_Branch\outputs\audit\dataset_location_audit\text_references.csv,"3,npz,D:\47\472\New-Papers\GIS\Codes\outputs\eval\baseline_eval_20260224-193450\tables\per_sequence_metrics.csv,outputs\eval\baseline_eval_20260224-193450\tables\per_sequence_metrics.csv,""seq_000086.npz,0.012045435607433319,0.019587546586990356,0.0022420701570808887,1.1780221666558646"""
388,seq_,D:\47\472\New-Papers\GIS\Codes\New_Branch\outputs\audit\dataset_location_audit\text_references.csv,New_Branch\outputs\audit\dataset_location_audit\text_references.csv,"4,npz,D:\47\472\New-Papers\GIS\Codes\outputs\eval\baseline_eval_20260224-193450\tables\per_sequence_metrics.csv,outputs\eval\baseline_eval_20260224-193450\tables\per_sequence_metrics.csv,""seq_000087.npz,0.012013010680675507,0.018318897113204002,0.002443945500999689,1.1810838333331048"""
389,seq_,D:\47\472\New-Papers\GIS\Codes\New_Branch\outputs\audit\dataset_location_audit\text_references.csv,New_Branch\outputs\audit\dataset_location_audit\text_references.csv,"5,npz,D:\47\472\New-Papers\GIS\Codes\outputs\eval\baseline_eval_20260224-193450\tables\per_sequence_metrics.csv,outputs\eval\baseline_eval_20260224-193450\tables\per_sequence_metrics.csv,""seq_000088.npz,0.014089138247072697,0.021890565752983093,0.002619578270241618,1.1777708999967824"""
390,seq_,D:\47\472\New-Papers\GIS\Codes\New_Branch\outputs\audit\dataset_location_audit\text_references.csv,New_Branch\outputs\audit\dataset_location_audit\text_references.csv,"6,npz,D:\47\472\New-Papers\GIS\Codes\outputs\eval\baseline_eval_20260224-193450\tables\per_sequence_metrics.csv,outputs\eval\baseline_eval_20260224-193450\tables\per_sequence_metrics.csv,""seq_000089.npz,0.012091761454939842,0.017685389146208763,0.0024380069226026535,1.1804761666765746"""
391,seq_,D:\47\472\New-Papers\GIS\Codes\New_Branch\outputs\audit\dataset_location_audit\text_references.csv,New_Branch\outputs\audit\dataset_location_audit\text_references.csv,"7,npz,D:\47\472\New-Papers\GIS\Codes\outputs\eval\baseline_eval_20260224-193450\tables\per_sequence_metrics.csv,outputs\eval\baseline_eval_20260224-193450\tables\per_sequence_metrics.csv,""seq_000090.npz,0.016555218026041985,0.030092747882008553,0.002997918287292123,1.1839997666732718"""
392,seq_,D:\47\472\New-Papers\GIS\Codes\New_Branch\outputs\audit\dataset_location_audit\text_references.csv,New_Branch\outputs\audit\dataset_location_audit\text_references.csv,"8,npz,D:\47\472\New-Papers\GIS\Codes\outputs\eval\baseline_eval_20260224-193450\tables\per_sequence_metrics.csv,outputs\eval\baseline_eval_20260224-193450\tables\per_sequence_metrics.csv,""seq_000091.npz,0.012470708228647709,0.01910477504134178,0.002344985958188772,1.1801124666623461"""
393,seq_,D:\47\472\New-Papers\GIS\Codes\New_Branch\outputs\audit\dataset_location_audit\text_references.csv,New_Branch\outputs\audit\dataset_location_audit\text_references.csv,"9,npz,D:\47\472\New-Papers\GIS\Codes\outputs\eval\baseline_eval_20260224-193450\tables\per_sequence_metrics.csv,outputs\eval\baseline_eval_20260224-193450\tables\per_sequence_metrics.csv,""seq_000092.npz,0.013208111748099327,0.019615359604358673,0.00250564469024539,1.1812335333282438"""
394,seq_,D:\47\472\New-Papers\GIS\Codes\New_Branch\outputs\audit\dataset_location_audit\text_references.csv,New_Branch\outputs\audit\dataset_location_audit\text_references.csv,"10,npz,D:\47\472\New-Papers\GIS\Codes\outputs\eval\baseline_eval_20260224-193450\tables\per_sequence_metrics.csv,outputs\eval\baseline_eval_20260224-193450\tables\per_sequence_metrics.csv,""seq_000093.npz,0.014920414425432682,0.022098641842603683,0.0028145608957856894,1.1772239333367907"""
395,seq_,D:\47\472\New-Papers\GIS\Codes\New_Branch\outputs\audit\dataset_location_audit\text_references.csv,New_Branch\outputs\audit\dataset_location_audit\text_references.csv,"11,npz,D:\47\472\New-Papers\GIS\Codes\outputs\eval\baseline_eval_20260224-193450\tables\per_sequence_metrics.csv,outputs\eval\baseline_eval_20260224-193450\tables\per_sequence_metrics.csv,""seq_000094.npz,0.013296492397785187,0.02111433818936348,0.002579765859991312,1.1775128333247267"""
396,seq_,D:\47\472\New-Papers\GIS\Codes\New_Branch\outputs\audit\dataset_location_audit\text_references.csv,New_Branch\outputs\audit\dataset_location_audit\text_references.csv,"12,npz,D:\47\472\New-Papers\GIS\Codes\outputs\eval\baseline_eval_20260224-193450\tables\per_sequence_metrics.csv,outputs\eval\baseline_eval_20260224-193450\tables\per_sequence_metrics.csv,""seq_000095.npz,0.012743672356009483,0.019013945013284683,0.002445366233587265,1.220907066677076"""
397,seq_,D:\47\472\New-Papers\GIS\Codes\New_Branch\outputs\audit\dataset_location_audit\text_references.csv,New_Branch\outputs\audit\dataset_location_audit\text_references.csv,"13,npz,D:\47\472\New-Papers\GIS\Codes\outputs\eval\baseline_eval_20260224-193450\tables\per_sequence_metrics.csv,outputs\eval\baseline_eval_20260224-193450\tables\per_sequence_metrics.csv,""seq_000096.npz,0.014113809913396835,0.022881219163537025,0.002532096579670906,1.313024966667096"""
398,seq_,D:\47\472\New-Papers\GIS\Codes\New_Branch\outputs\audit\dataset_location_audit\text_references.csv,New_Branch\outputs\audit\dataset_location_audit\text_references.csv,"14,npz,D:\47\472\New-Papers\GIS\Codes\outputs\eval\baseline_eval_20260224-193450\tables\per_sequence_metrics.csv,outputs\eval\baseline_eval_20260224-193450\tables\per_sequence_metrics.csv,""seq_000097.npz,0.013248741626739502,0.020142879337072372,0.002507548313587904,1.2904431666635598"""
399,seq_,D:\47\472\New-Papers\GIS\Codes\New_Branch\outputs\audit\dataset_location_audit\text_references.csv,New_Branch\outputs\audit\dataset_location_audit\text_references.csv,"15,npz,D:\47\472\New-Papers\GIS\Codes\outputs\eval\baseline_eval_20260224-193450\tables\per_sequence_metrics.csv,outputs\eval\baseline_eval_20260224-193450\tables\per_sequence_metrics.csv,""seq_000098.npz,0.013981705531477928,0.021820079535245895,0.002515400294214487,1.252044366672635"""
400,seq_,D:\47\472\New-Papers\GIS\Codes\New_Branch\outputs\audit\dataset_location_audit\text_references.csv,New_Branch\outputs\audit\dataset_location_audit\text_references.csv,"16,npz,D:\47\472\New-Papers\GIS\Codes\outputs\eval\baseline_eval_20260224-193450\tables\per_sequence_metrics.csv,outputs\eval\baseline_eval_20260224-193450\tables\per_sequence_metrics.csv,""seq_000099.npz,0.015184974297881126,0.02357126772403717,0.0026887471321970224,1.2570655999976832"""
401,seq_|sequences_dir,D:\47\472\New-Papers\GIS\Codes\New_Branch\outputs\audit\dataset_location_audit\text_references.csv,New_Branch\outputs\audit\dataset_location_audit\text_references.csv,"3,sequence|sim_sequences_path,D:\47\472\New-Papers\GIS\Codes\outputs\runs\baseline_20260223-004312\complexity_report.json,outputs\runs\baseline_20260223-004312\complexity_report.json,""""""seq_dir"""": """"D:\\47\\472\\New-Papers\\GIS\\Codes\\data\\sim\\sequences"""","""
402,seq_|sequences_dir,D:\47\472\New-Papers\GIS\Codes\New_Branch\outputs\audit\dataset_location_audit\text_references.csv,New_Branch\outputs\audit\dataset_location_audit\text_references.csv,"4,sequence|sim_sequences_path,D:\47\472\New-Papers\GIS\Codes\outputs\runs\baseline_20260223-004312\REPORT.txt,outputs\runs\baseline_20260223-004312\REPORT.txt,SEQ_DIR: D:\47\472\New-Papers\GIS\Codes\data\sim\sequences"
403,seq_|sequences_dir,D:\47\472\New-Papers\GIS\Codes\New_Branch\outputs\audit\dataset_location_audit\text_references.csv,New_Branch\outputs\audit\dataset_location_audit\text_references.csv,"4,sequence|sim_sequences_path,D:\47\472\New-Papers\GIS\Codes\outputs\stress\baseline_stress_20260225-122152\results.json,outputs\stress\baseline_stress_20260225-122152\results.json,""""""seq_dir"""": """"D:\\47\\472\\New-Papers\\GIS\\Codes\\data\\sim\\sequences"""","""
404,seq_|sequences_dir,D:\47\472\New-Papers\GIS\Codes\New_Branch\outputs\audit\dataset_location_audit\text_references.csv,New_Branch\outputs\audit\dataset_location_audit\text_references.csv,"4,sequence|sim_sequences_path,D:\47\472\New-Papers\GIS\Codes\outputs\stress\sacu_stress_20260225-005847\results.json,outputs\stress\sacu_stress_20260225-005847\results.json,""""""seq_dir"""": """"D:\\47\\472\\New-Papers\\GIS\\Codes\\data\\sim\\sequences"""","""
405,seq_|sequences_dir,D:\47\472\New-Papers\GIS\Codes\New_Branch\outputs\audit\dataset_location_audit\text_references.csv,New_Branch\outputs\audit\dataset_location_audit\text_references.csv,"4,sequence|sim_sequences_path,D:\47\472\New-Papers\GIS\Codes\outputs\stress\sacu_stress_20260225-154739\results.json,outputs\stress\sacu_stress_20260225-154739\results.json,""""""seq_dir"""": """"D:\\47\\472\\New-Papers\\GIS\\Codes\\data\\sim\\sequences"""","""
406,seq_|sequences_dir,D:\47\472\New-Papers\GIS\Codes\New_Branch\outputs\audit\dataset_location_audit\text_references.csv,New_Branch\outputs\audit\dataset_location_audit\text_references.csv,"4,sequence|sim_sequences_path,D:\47\472\New-Papers\GIS\Codes\outputs\stress\sacu_stress_20260225-171227\results.json,outputs\stress\sacu_stress_20260225-171227\results.json,""""""seq_dir"""": """"D:\\47\\472\\New-Papers\\GIS\\Codes\\data\\sim\\sequences"""","""
407,seq_|sequences_dir,D:\47\472\New-Papers\GIS\Codes\New_Branch\outputs\audit\dataset_location_audit\text_references.csv,New_Branch\outputs\audit\dataset_location_audit\text_references.csv,"4,sequence|sim_sequences_path,D:\47\472\New-Papers\GIS\Codes\outputs\stress\sacu_stress_20260225-171758\results.json,outputs\stress\sacu_stress_20260225-171758\results.json,""""""seq_dir"""": """"D:\\47\\472\\New-Papers\\GIS\\Codes\\data\\sim\\sequences"""","""
408,seq_|sequences_dir,D:\47\472\New-Papers\GIS\Codes\New_Branch\outputs\audit\dataset_location_audit\text_references.csv,New_Branch\outputs\audit\dataset_location_audit\text_references.csv,"4,sequence|sim_sequences_path,D:\47\472\New-Papers\GIS\Codes\outputs\stress\sacu_stress_20260225-172052\results.json,outputs\stress\sacu_stress_20260225-172052\results.json,""""""seq_dir"""": """"D:\\47\\472\\New-Papers\\GIS\\Codes\\data\\sim\\sequences"""","""
656,sequences_dir,D:\47\472\New-Papers\GIS\Codes\New_Branch\outputs\audit\dataset_location_audit\text_references.csv,New_Branch\outputs\audit\dataset_location_audit\text_references.csv,"102,sequence,D:\47\472\New-Papers\GIS\Codes\src\compare_eval.py,src\compare_eval.py,""""""Latency Comparison (sec per sequence)"""","""
657,seq_|sequences_dir,D:\47\472\New-Papers\GIS\Codes\New_Branch\outputs\audit\dataset_location_audit\text_references.csv,New_Branch\outputs\audit\dataset_location_audit\text_references.csv,"25,sequence,D:\47\472\New-Papers\GIS\Codes\src\evaluate.py,src\evaluate.py,""SEQ_DIR = os.path.join(ROOT, """"data"""", """"sim"""", """"sequences"""")"""
658,seq_|sequences_dir,D:\47\472\New-Papers\GIS\Codes\New_Branch\outputs\audit\dataset_location_audit\text_references.csv,New_Branch\outputs\audit\dataset_location_audit\text_references.csv,"10,sequence,D:\47\472\New-Papers\GIS\Codes\src\run_ablations.py,src\run_ablations.py,""SEQ_DIR = os.path.join(ROOT, """"data"""", """"sim"""", """"sequences"""")"""
659,seq_|sequences_dir,D:\47\472\New-Papers\GIS\Codes\New_Branch\outputs\audit\dataset_location_audit\text_references.csv,New_Branch\outputs\audit\dataset_location_audit\text_references.csv,"117,sequence,D:\47\472\New-Papers\GIS\Codes\src\run_ablations1.py,src\run_ablations1.py,""raise RuntimeError(f""""Not enough sequences in {seq_dir} (found {n})"""")"""
660,seq_|sequences_dir,D:\47\472\New-Papers\GIS\Codes\New_Branch\outputs\audit\dataset_location_audit\text_references.csv,New_Branch\outputs\audit\dataset_location_audit\text_references.csv,"221,sequence,D:\47\472\New-Papers\GIS\Codes\src\run_ablations1.py,src\run_ablations1.py,""seq_dir = root / """"data"""" / """"sim"""" / """"sequences"""""""
661,seq_|sequences_dir,D:\47\472\New-Papers\GIS\Codes\New_Branch\outputs\audit\dataset_location_audit\text_references.csv,New_Branch\outputs\audit\dataset_location_audit\text_references.csv,"223,sequence,D:\47\472\New-Papers\GIS\Codes\src\run_ablations1.py,src\run_ablations1.py,""raise FileNotFoundError(f""""Sequence directory not found: {seq_dir}"""")"""
662,seq_|sequences_dir,D:\47\472\New-Papers\GIS\Codes\New_Branch\outputs\audit\dataset_location_audit\text_references.csv,New_Branch\outputs\audit\dataset_location_audit\text_references.csv,"24,sequence,D:\47\472\New-Papers\GIS\Codes\src\stress_test.py,src\stress_test.py,""SEQ_DIR = os.path.join(ROOT, """"data"""", """"sim"""", """"sequences"""")"""
663,seq_|sequences_dir,D:\47\472\New-Papers\GIS\Codes\New_Branch\outputs\audit\dataset_location_audit\text_references.csv,New_Branch\outputs\audit\dataset_location_audit\text_references.csv,"130,sequence|npz,D:\47\472\New-Papers\GIS\Codes\src\stress_test.py,src\stress_test.py,""raise RuntimeError(f""""No .npz sequences found in: {SEQ_DIR}"""")"""
664,seq_|sequences_dir,D:\47\472\New-Papers\GIS\Codes\New_Branch\outputs\audit\dataset_location_audit\text_references.csv,New_Branch\outputs\audit\dataset_location_audit\text_references.csv,"266,sequence,D:\47\472\New-Papers\GIS\Codes\src\train_baseline.py,src\train_baseline.py,""seq_dir = root / """"data"""" / """"sim"""" / """"sequences"""""""
665,seq_|sequences_dir,D:\47\472\New-Papers\GIS\Codes\New_Branch\outputs\audit\dataset_location_audit\text_references.csv,New_Branch\outputs\audit\dataset_location_audit\text_references.csv,"268,sequence,D:\47\472\New-Papers\GIS\Codes\src\train_baseline.py,src\train_baseline.py,""raise FileNotFoundError(f""""Sequence directory not found: {seq_dir}"""")"""
666,seq_|sequences_dir,D:\47\472\New-Papers\GIS\Codes\New_Branch\outputs\audit\dataset_location_audit\text_references.csv,New_Branch\outputs\audit\dataset_location_audit\text_references.csv,"277,sequence,D:\47\472\New-Papers\GIS\Codes\src\train_baseline.py,src\train_baseline.py,""raise RuntimeError(f""""Not enough sequences in {seq_dir} (found {n})"""")"""
667,seq_|sequences_dir,D:\47\472\New-Papers\GIS\Codes\New_Branch\outputs\audit\dataset_location_audit\text_references.csv,New_Branch\outputs\audit\dataset_location_audit\text_references.csv,"11,sequence,D:\47\472\New-Papers\GIS\Codes\src\train_sacu.py,src\train_sacu.py,""SEQ_DIR = os.path.join(ROOT, """"data"""", """"sim"""", """"sequences"""")"""
1,seq_|sequences_dir,D:\47\472\New-Papers\GIS\Codes\New_Branch\outputs\core_validation\sacu_v2_20260821-181537\splits\test_files.txt,New_Branch\outputs\core_validation\sacu_v2_20260821-181537\splits\test_files.txt,D:\47\472\New-Papers\GIS\Codes\data\sim\sequences\seq_000085.npz
2,seq_|sequences_dir,D:\47\472\New-Papers\GIS\Codes\New_Branch\outputs\core_validation\sacu_v2_20260821-181537\splits\test_files.txt,New_Branch\outputs\core_validation\sacu_v2_20260821-181537\splits\test_files.txt,D:\47\472\New-Papers\GIS\Codes\data\sim\sequences\seq_000086.npz
3,seq_|sequences_dir,D:\47\472\New-Papers\GIS\Codes\New_Branch\outputs\core_validation\sacu_v2_20260821-181537\splits\test_files.txt,New_Branch\outputs\core_validation\sacu_v2_20260821-181537\splits\test_files.txt,D:\47\472\New-Papers\GIS\Codes\data\sim\sequences\seq_000087.npz
4,seq_|sequences_dir,D:\47\472\New-Papers\GIS\Codes\New_Branch\outputs\core_validation\sacu_v2_20260821-181537\splits\test_files.txt,New_Branch\outputs\core_validation\sacu_v2_20260821-181537\splits\test_files.txt,D:\47\472\New-Papers\GIS\Codes\data\sim\sequences\seq_000088.npz
5,seq_|sequences_dir,D:\47\472\New-Papers\GIS\Codes\New_Branch\outputs\core_validation\sacu_v2_20260821-181537\splits\test_files.txt,New_Branch\outputs\core_validation\sacu_v2_20260821-181537\splits\test_files.txt,D:\47\472\New-Papers\GIS\Codes\data\sim\sequences\seq_000089.npz
6,seq_|sequences_dir,D:\47\472\New-Papers\GIS\Codes\New_Branch\outputs\core_validation\sacu_v2_20260821-181537\splits\test_files.txt,New_Branch\outputs\core_validation\sacu_v2_20260821-181537\splits\test_files.txt,D:\47\472\New-Papers\GIS\Codes\data\sim\sequences\seq_000090.npz
7,seq_|sequences_dir,D:\47\472\New-Papers\GIS\Codes\New_Branch\outputs\core_validation\sacu_v2_20260821-181537\splits\test_files.txt,New_Branch\outputs\core_validation\sacu_v2_20260821-181537\splits\test_files.txt,D:\47\472\New-Papers\GIS\Codes\data\sim\sequences\seq_000091.npz
8,seq_|sequences_dir,D:\47\472\New-Papers\GIS\Codes\New_Branch\outputs\core_validation\sacu_v2_20260821-181537\splits\test_files.txt,New_Branch\outputs\core_validation\sacu_v2_20260821-181537\splits\test_files.txt,D:\47\472\New-Papers\GIS\Codes\data\sim\sequences\seq_000092.npz
9,seq_|sequences_dir,D:\47\472\New-Papers\GIS\Codes\New_Branch\outputs\core_validation\sacu_v2_20260821-181537\splits\test_files.txt,New_Branch\outputs\core_validation\sacu_v2_20260821-181537\splits\test_files.txt,D:\47\472\New-Papers\GIS\Codes\data\sim\sequences\seq_000093.npz
10,seq_|sequences_dir,D:\47\472\New-Papers\GIS\Codes\New_Branch\outputs\core_validation\sacu_v2_20260821-181537\splits\test_files.txt,New_Branch\outputs\core_validation\sacu_v2_20260821-181537\splits\test_files.txt,D:\47\472\New-Papers\GIS\Codes\data\sim\sequences\seq_000094.npz
11,seq_|sequences_dir,D:\47\472\New-Papers\GIS\Codes\New_Branch\outputs\core_validation\sacu_v2_20260821-181537\splits\test_files.txt,New_Branch\outputs\core_validation\sacu_v2_20260821-181537\splits\test_files.txt,D:\47\472\New-Papers\GIS\Codes\data\sim\sequences\seq_000095.npz
12,seq_|sequences_dir,D:\47\472\New-Papers\GIS\Codes\New_Branch\outputs\core_validation\sacu_v2_20260821-181537\splits\test_files.txt,New_Branch\outputs\core_validation\sacu_v2_20260821-181537\splits\test_files.txt,D:\47\472\New-Papers\GIS\Codes\data\sim\sequences\seq_000096.npz
13,seq_|sequences_dir,D:\47\472\New-Papers\GIS\Codes\New_Branch\outputs\core_validation\sacu_v2_20260821-181537\splits\test_files.txt,New_Branch\outputs\core_validation\sacu_v2_20260821-181537\splits\test_files.txt,D:\47\472\New-Papers\GIS\Codes\data\sim\sequences\seq_000097.npz
14,seq_|sequences_dir,D:\47\472\New-Papers\GIS\Codes\New_Branch\outputs\core_validation\sacu_v2_20260821-181537\splits\test_files.txt,New_Branch\outputs\core_validation\sacu_v2_20260821-181537\splits\test_files.txt,D:\47\472\New-Papers\GIS\Codes\data\sim\sequences\seq_000098.npz
15,seq_|sequences_dir,D:\47\472\New-Papers\GIS\Codes\New_Branch\outputs\core_validation\sacu_v2_20260821-181537\splits\test_files.txt,New_Branch\outputs\core_validation\sacu_v2_20260821-181537\splits\test_files.txt,D:\47\472\New-Papers\GIS\Codes\data\sim\sequences\seq_000099.npz
1,seq_|sequences_dir,D:\47\472\New-Papers\GIS\Codes\New_Branch\outputs\core_validation\sacu_v2_20260821-181537\splits\train_files.txt,New_Branch\outputs\core_validation\sacu_v2_20260821-181537\splits\train_files.txt,D:\47\472\New-Papers\GIS\Codes\data\sim\sequences\seq_000000.npz
2,seq_|sequences_dir,D:\47\472\New-Papers\GIS\Codes\New_Branch\outputs\core_validation\sacu_v2_20260821-181537\splits\train_files.txt,New_Branch\outputs\core_validation\sacu_v2_20260821-181537\splits\train_files.txt,D:\47\472\New-Papers\GIS\Codes\data\sim\sequences\seq_000001.npz
3,seq_|sequences_dir,D:\47\472\New-Papers\GIS\Codes\New_Branch\outputs\core_validation\sacu_v2_20260821-181537\splits\train_files.txt,New_Branch\outputs\core_validation\sacu_v2_20260821-181537\splits\train_files.txt,D:\47\472\New-Papers\GIS\Codes\data\sim\sequences\seq_000002.npz
4,seq_|sequences_dir,D:\47\472\New-Papers\GIS\Codes\New_Branch\outputs\core_validation\sacu_v2_20260821-181537\splits\train_files.txt,New_Branch\outputs\core_validation\sacu_v2_20260821-181537\splits\train_files.txt,D:\47\472\New-Papers\GIS\Codes\data\sim\sequences\seq_000003.npz
5,seq_|sequences_dir,D:\47\472\New-Papers\GIS\Codes\New_Branch\outputs\core_validation\sacu_v2_20260821-181537\splits\train_files.txt,New_Branch\outputs\core_validation\sacu_v2_20260821-181537\splits\train_files.txt,D:\47\472\New-Papers\GIS\Codes\data\sim\sequences\seq_000004.npz
6,seq_|sequences_dir,D:\47\472\New-Papers\GIS\Codes\New_Branch\outputs\core_validation\sacu_v2_20260821-181537\splits\train_files.txt,New_Branch\outputs\core_validation\sacu_v2_20260821-181537\splits\train_files.txt,D:\47\472\New-Papers\GIS\Codes\data\sim\sequences\seq_000005.npz
7,seq_|sequences_dir,D:\47\472\New-Papers\GIS\Codes\New_Branch\outputs\core_validation\sacu_v2_20260821-181537\splits\train_files.txt,New_Branch\outputs\core_validation\sacu_v2_20260821-181537\splits\train_files.txt,D:\47\472\New-Papers\GIS\Codes\data\sim\sequences\seq_000006.npz
8,seq_|sequences_dir,D:\47\472\New-Papers\GIS\Codes\New_Branch\outputs\core_validation\sacu_v2_20260821-181537\splits\train_files.txt,New_Branch\outputs\core_validation\sacu_v2_20260821-181537\splits\train_files.txt,D:\47\472\New-Papers\GIS\Codes\data\sim\sequences\seq_000007.npz
9,seq_|sequences_dir,D:\47\472\New-Papers\GIS\Codes\New_Branch\outputs\core_validation\sacu_v2_20260821-181537\splits\train_files.txt,New_Branch\outputs\core_validation\sacu_v2_20260821-181537\splits\train_files.txt,D:\47\472\New-Papers\GIS\Codes\data\sim\sequences\seq_000008.npz
10,seq_|sequences_dir,D:\47\472\New-Papers\GIS\Codes\New_Branch\outputs\core_validation\sacu_v2_20260821-181537\splits\train_files.txt,New_Branch\outputs\core_validation\sacu_v2_20260821-181537\splits\train_files.txt,D:\47\472\New-Papers\GIS\Codes\data\sim\sequences\seq_000009.npz
11,seq_|sequences_dir,D:\47\472\New-Papers\GIS\Codes\New_Branch\outputs\core_validation\sacu_v2_20260821-181537\splits\train_files.txt,New_Branch\outputs\core_validation\sacu_v2_20260821-181537\splits\train_files.txt,D:\47\472\New-Papers\GIS\Codes\data\sim\sequences\seq_000010.npz
12,seq_|sequences_dir,D:\47\472\New-Papers\GIS\Codes\New_Branch\outputs\core_validation\sacu_v2_20260821-181537\splits\train_files.txt,New_Branch\outputs\core_validation\sacu_v2_20260821-181537\splits\train_files.txt,D:\47\472\New-Papers\GIS\Codes\data\sim\sequences\seq_000011.npz
13,seq_|sequences_dir,D:\47\472\New-Papers\GIS\Codes\New_Branch\outputs\core_validation\sacu_v2_20260821-181537\splits\train_files.txt,New_Branch\outputs\core_validation\sacu_v2_20260821-181537\splits\train_files.txt,D:\47\472\New-Papers\GIS\Codes\data\sim\sequences\seq_000012.npz
14,seq_|sequences_dir,D:\47\472\New-Papers\GIS\Codes\New_Branch\outputs\core_validation\sacu_v2_20260821-181537\splits\train_files.txt,New_Branch\outputs\core_validation\sacu_v2_20260821-181537\splits\train_files.txt,D:\47\472\New-Papers\GIS\Codes\data\sim\sequences\seq_000013.npz
15,seq_|sequences_dir,D:\47\472\New-Papers\GIS\Codes\New_Branch\outputs\core_validation\sacu_v2_20260821-181537\splits\train_files.txt,New_Branch\outputs\core_validation\sacu_v2_20260821-181537\splits\train_files.txt,D:\47\472\New-Papers\GIS\Codes\data\sim\sequences\seq_000014.npz
16,seq_|sequences_dir,D:\47\472\New-Papers\GIS\Codes\New_Branch\outputs\core_validation\sacu_v2_20260821-181537\splits\train_files.txt,New_Branch\outputs\core_validation\sacu_v2_20260821-181537\splits\train_files.txt,D:\47\472\New-Papers\GIS\Codes\data\sim\sequences\seq_000015.npz
17,seq_|sequences_dir,D:\47\472\New-Papers\GIS\Codes\New_Branch\outputs\core_validation\sacu_v2_20260821-181537\splits\train_files.txt,New_Branch\outputs\core_validation\sacu_v2_20260821-181537\splits\train_files.txt,D:\47\472\New-Papers\GIS\Codes\data\sim\sequences\seq_000016.npz
18,seq_|sequences_dir,D:\47\472\New-Papers\GIS\Codes\New_Branch\outputs\core_validation\sacu_v2_20260821-181537\splits\train_files.txt,New_Branch\outputs\core_validation\sacu_v2_20260821-181537\splits\train_files.txt,D:\47\472\New-Papers\GIS\Codes\data\sim\sequences\seq_000017.npz
19,seq_|sequences_dir,D:\47\472\New-Papers\GIS\Codes\New_Branch\outputs\core_validation\sacu_v2_20260821-181537\splits\train_files.txt,New_Branch\outputs\core_validation\sacu_v2_20260821-181537\splits\train_files.txt,D:\47\472\New-Papers\GIS\Codes\data\sim\sequences\seq_000018.npz
20,seq_|sequences_dir,D:\47\472\New-Papers\GIS\Codes\New_Branch\outputs\core_validation\sacu_v2_20260821-181537\splits\train_files.txt,New_Branch\outputs\core_validation\sacu_v2_20260821-181537\splits\train_files.txt,D:\47\472\New-Papers\GIS\Codes\data\sim\sequences\seq_000019.npz
21,seq_|sequences_dir,D:\47\472\New-Papers\GIS\Codes\New_Branch\outputs\core_validation\sacu_v2_20260821-181537\splits\train_files.txt,New_Branch\outputs\core_validation\sacu_v2_20260821-181537\splits\train_files.txt,D:\47\472\New-Papers\GIS\Codes\data\sim\sequences\seq_000020.npz
22,seq_|sequences_dir,D:\47\472\New-Papers\GIS\Codes\New_Branch\outputs\core_validation\sacu_v2_20260821-181537\splits\train_files.txt,New_Branch\outputs\core_validation\sacu_v2_20260821-181537\splits\train_files.txt,D:\47\472\New-Papers\GIS\Codes\data\sim\sequences\seq_000021.npz
23,seq_|sequences_dir,D:\47\472\New-Papers\GIS\Codes\New_Branch\outputs\core_validation\sacu_v2_20260821-181537\splits\train_files.txt,New_Branch\outputs\core_validation\sacu_v2_20260821-181537\splits\train_files.txt,D:\47\472\New-Papers\GIS\Codes\data\sim\sequences\seq_000022.npz
24,seq_|sequences_dir,D:\47\472\New-Papers\GIS\Codes\New_Branch\outputs\core_validation\sacu_v2_20260821-181537\splits\train_files.txt,New_Branch\outputs\core_validation\sacu_v2_20260821-181537\splits\train_files.txt,D:\47\472\New-Papers\GIS\Codes\data\sim\sequences\seq_000023.npz
25,seq_|sequences_dir,D:\47\472\New-Papers\GIS\Codes\New_Branch\outputs\core_validation\sacu_v2_20260821-181537\splits\train_files.txt,New_Branch\outputs\core_validation\sacu_v2_20260821-181537\splits\train_files.txt,D:\47\472\New-Papers\GIS\Codes\data\sim\sequences\seq_000024.npz
26,seq_|sequences_dir,D:\47\472\New-Papers\GIS\Codes\New_Branch\outputs\core_validation\sacu_v2_20260821-181537\splits\train_files.txt,New_Branch\outputs\core_validation\sacu_v2_20260821-181537\splits\train_files.txt,D:\47\472\New-Papers\GIS\Codes\data\sim\sequences\seq_000025.npz
27,seq_|sequences_dir,D:\47\472\New-Papers\GIS\Codes\New_Branch\outputs\core_validation\sacu_v2_20260821-181537\splits\train_files.txt,New_Branch\outputs\core_validation\sacu_v2_20260821-181537\splits\train_files.txt,D:\47\472\New-Papers\GIS\Codes\data\sim\sequences\seq_000026.npz
28,seq_|sequences_dir,D:\47\472\New-Papers\GIS\Codes\New_Branch\outputs\core_validation\sacu_v2_20260821-181537\splits\train_files.txt,New_Branch\outputs\core_validation\sacu_v2_20260821-181537\splits\train_files.txt,D:\47\472\New-Papers\GIS\Codes\data\sim\sequences\seq_000027.npz
29,seq_|sequences_dir,D:\47\472\New-Papers\GIS\Codes\New_Branch\outputs\core_validation\sacu_v2_20260821-181537\splits\train_files.txt,New_Branch\outputs\core_validation\sacu_v2_20260821-181537\splits\train_files.txt,D:\47\472\New-Papers\GIS\Codes\data\sim\sequences\seq_000028.npz
30,seq_|sequences_dir,D:\47\472\New-Papers\GIS\Codes\New_Branch\outputs\core_validation\sacu_v2_20260821-181537\splits\train_files.txt,New_Branch\outputs\core_validation\sacu_v2_20260821-181537\splits\train_files.txt,D:\47\472\New-Papers\GIS\Codes\data\sim\sequences\seq_000029.npz
31,seq_|sequences_dir,D:\47\472\New-Papers\GIS\Codes\New_Branch\outputs\core_validation\sacu_v2_20260821-181537\splits\train_files.txt,New_Branch\outputs\core_validation\sacu_v2_20260821-181537\splits\train_files.txt,D:\47\472\New-Papers\GIS\Codes\data\sim\sequences\seq_000030.npz
32,seq_|sequences_dir,D:\47\472\New-Papers\GIS\Codes\New_Branch\outputs\core_validation\sacu_v2_20260821-181537\splits\train_files.txt,New_Branch\outputs\core_validation\sacu_v2_20260821-181537\splits\train_files.txt,D:\47\472\New-Papers\GIS\Codes\data\sim\sequences\seq_000031.npz
33,seq_|sequences_dir,D:\47\472\New-Papers\GIS\Codes\New_Branch\outputs\core_validation\sacu_v2_20260821-181537\splits\train_files.txt,New_Branch\outputs\core_validation\sacu_v2_20260821-181537\splits\train_files.txt,D:\47\472\New-Papers\GIS\Codes\data\sim\sequences\seq_000032.npz
34,seq_|sequences_dir,D:\47\472\New-Papers\GIS\Codes\New_Branch\outputs\core_validation\sacu_v2_20260821-181537\splits\train_files.txt,New_Branch\outputs\core_validation\sacu_v2_20260821-181537\splits\train_files.txt,D:\47\472\New-Papers\GIS\Codes\data\sim\sequences\seq_000033.npz
35,seq_|sequences_dir,D:\47\472\New-Papers\GIS\Codes\New_Branch\outputs\core_validation\sacu_v2_20260821-181537\splits\train_files.txt,New_Branch\outputs\core_validation\sacu_v2_20260821-181537\splits\train_files.txt,D:\47\472\New-Papers\GIS\Codes\data\sim\sequences\seq_000034.npz
36,seq_|sequences_dir,D:\47\472\New-Papers\GIS\Codes\New_Branch\outputs\core_validation\sacu_v2_20260821-181537\splits\train_files.txt,New_Branch\outputs\core_validation\sacu_v2_20260821-181537\splits\train_files.txt,D:\47\472\New-Papers\GIS\Codes\data\sim\sequences\seq_000035.npz
37,seq_|sequences_dir,D:\47\472\New-Papers\GIS\Codes\New_Branch\outputs\core_validation\sacu_v2_20260821-181537\splits\train_files.txt,New_Branch\outputs\core_validation\sacu_v2_20260821-181537\splits\train_files.txt,D:\47\472\New-Papers\GIS\Codes\data\sim\sequences\seq_000036.npz
38,seq_|sequences_dir,D:\47\472\New-Papers\GIS\Codes\New_Branch\outputs\core_validation\sacu_v2_20260821-181537\splits\train_files.txt,New_Branch\outputs\core_validation\sacu_v2_20260821-181537\splits\train_files.txt,D:\47\472\New-Papers\GIS\Codes\data\sim\sequences\seq_000037.npz
39,seq_|sequences_dir,D:\47\472\New-Papers\GIS\Codes\New_Branch\outputs\core_validation\sacu_v2_20260821-181537\splits\train_files.txt,New_Branch\outputs\core_validation\sacu_v2_20260821-181537\splits\train_files.txt,D:\47\472\New-Papers\GIS\Codes\data\sim\sequences\seq_000038.npz
40,seq_|sequences_dir,D:\47\472\New-Papers\GIS\Codes\New_Branch\outputs\core_validation\sacu_v2_20260821-181537\splits\train_files.txt,New_Branch\outputs\core_validation\sacu_v2_20260821-181537\splits\train_files.txt,D:\47\472\New-Papers\GIS\Codes\data\sim\sequences\seq_000039.npz
41,seq_|sequences_dir,D:\47\472\New-Papers\GIS\Codes\New_Branch\outputs\core_validation\sacu_v2_20260821-181537\splits\train_files.txt,New_Branch\outputs\core_validation\sacu_v2_20260821-181537\splits\train_files.txt,D:\47\472\New-Papers\GIS\Codes\data\sim\sequences\seq_000040.npz
42,seq_|sequences_dir,D:\47\472\New-Papers\GIS\Codes\New_Branch\outputs\core_validation\sacu_v2_20260821-181537\splits\train_files.txt,New_Branch\outputs\core_validation\sacu_v2_20260821-181537\splits\train_files.txt,D:\47\472\New-Papers\GIS\Codes\data\sim\sequences\seq_000041.npz
43,seq_|sequences_dir,D:\47\472\New-Papers\GIS\Codes\New_Branch\outputs\core_validation\sacu_v2_20260821-181537\splits\train_files.txt,New_Branch\outputs\core_validation\sacu_v2_20260821-181537\splits\train_files.txt,D:\47\472\New-Papers\GIS\Codes\data\sim\sequences\seq_000042.npz
44,seq_|sequences_dir,D:\47\472\New-Papers\GIS\Codes\New_Branch\outputs\core_validation\sacu_v2_20260821-181537\splits\train_files.txt,New_Branch\outputs\core_validation\sacu_v2_20260821-181537\splits\train_files.txt,D:\47\472\New-Papers\GIS\Codes\data\sim\sequences\seq_000043.npz
45,seq_|sequences_dir,D:\47\472\New-Papers\GIS\Codes\New_Branch\outputs\core_validation\sacu_v2_20260821-181537\splits\train_files.txt,New_Branch\outputs\core_validation\sacu_v2_20260821-181537\splits\train_files.txt,D:\47\472\New-Papers\GIS\Codes\data\sim\sequences\seq_000044.npz
46,seq_|sequences_dir,D:\47\472\New-Papers\GIS\Codes\New_Branch\outputs\core_validation\sacu_v2_20260821-181537\splits\train_files.txt,New_Branch\outputs\core_validation\sacu_v2_20260821-181537\splits\train_files.txt,D:\47\472\New-Papers\GIS\Codes\data\sim\sequences\seq_000045.npz
47,seq_|sequences_dir,D:\47\472\New-Papers\GIS\Codes\New_Branch\outputs\core_validation\sacu_v2_20260821-181537\splits\train_files.txt,New_Branch\outputs\core_validation\sacu_v2_20260821-181537\splits\train_files.txt,D:\47\472\New-Papers\GIS\Codes\data\sim\sequences\seq_000046.npz
48,seq_|sequences_dir,D:\47\472\New-Papers\GIS\Codes\New_Branch\outputs\core_validation\sacu_v2_20260821-181537\splits\train_files.txt,New_Branch\outputs\core_validation\sacu_v2_20260821-181537\splits\train_files.txt,D:\47\472\New-Papers\GIS\Codes\data\sim\sequences\seq_000047.npz
49,seq_|sequences_dir,D:\47\472\New-Papers\GIS\Codes\New_Branch\outputs\core_validation\sacu_v2_20260821-181537\splits\train_files.txt,New_Branch\outputs\core_validation\sacu_v2_20260821-181537\splits\train_files.txt,D:\47\472\New-Papers\GIS\Codes\data\sim\sequences\seq_000048.npz
50,seq_|sequences_dir,D:\47\472\New-Papers\GIS\Codes\New_Branch\outputs\core_validation\sacu_v2_20260821-181537\splits\train_files.txt,New_Branch\outputs\core_validation\sacu_v2_20260821-181537\splits\train_files.txt,D:\47\472\New-Papers\GIS\Codes\data\sim\sequences\seq_000049.npz
51,seq_|sequences_dir,D:\47\472\New-Papers\GIS\Codes\New_Branch\outputs\core_validation\sacu_v2_20260821-181537\splits\train_files.txt,New_Branch\outputs\core_validation\sacu_v2_20260821-181537\splits\train_files.txt,D:\47\472\New-Papers\GIS\Codes\data\sim\sequences\seq_000050.npz
52,seq_|sequences_dir,D:\47\472\New-Papers\GIS\Codes\New_Branch\outputs\core_validation\sacu_v2_20260821-181537\splits\train_files.txt,New_Branch\outputs\core_validation\sacu_v2_20260821-181537\splits\train_files.txt,D:\47\472\New-Papers\GIS\Codes\data\sim\sequences\seq_000051.npz
53,seq_|sequences_dir,D:\47\472\New-Papers\GIS\Codes\New_Branch\outputs\core_validation\sacu_v2_20260821-181537\splits\train_files.txt,New_Branch\outputs\core_validation\sacu_v2_20260821-181537\splits\train_files.txt,D:\47\472\New-Papers\GIS\Codes\data\sim\sequences\seq_000052.npz
54,seq_|sequences_dir,D:\47\472\New-Papers\GIS\Codes\New_Branch\outputs\core_validation\sacu_v2_20260821-181537\splits\train_files.txt,New_Branch\outputs\core_validation\sacu_v2_20260821-181537\splits\train_files.txt,D:\47\472\New-Papers\GIS\Codes\data\sim\sequences\seq_000053.npz
55,seq_|sequences_dir,D:\47\472\New-Papers\GIS\Codes\New_Branch\outputs\core_validation\sacu_v2_20260821-181537\splits\train_files.txt,New_Branch\outputs\core_validation\sacu_v2_20260821-181537\splits\train_files.txt,D:\47\472\New-Papers\GIS\Codes\data\sim\sequences\seq_000054.npz
56,seq_|sequences_dir,D:\47\472\New-Papers\GIS\Codes\New_Branch\outputs\core_validation\sacu_v2_20260821-181537\splits\train_files.txt,New_Branch\outputs\core_validation\sacu_v2_20260821-181537\splits\train_files.txt,D:\47\472\New-Papers\GIS\Codes\data\sim\sequences\seq_000055.npz
57,seq_|sequences_dir,D:\47\472\New-Papers\GIS\Codes\New_Branch\outputs\core_validation\sacu_v2_20260821-181537\splits\train_files.txt,New_Branch\outputs\core_validation\sacu_v2_20260821-181537\splits\train_files.txt,D:\47\472\New-Papers\GIS\Codes\data\sim\sequences\seq_000056.npz
58,seq_|sequences_dir,D:\47\472\New-Papers\GIS\Codes\New_Branch\outputs\core_validation\sacu_v2_20260821-181537\splits\train_files.txt,New_Branch\outputs\core_validation\sacu_v2_20260821-181537\splits\train_files.txt,D:\47\472\New-Papers\GIS\Codes\data\sim\sequences\seq_000057.npz
59,seq_|sequences_dir,D:\47\472\New-Papers\GIS\Codes\New_Branch\outputs\core_validation\sacu_v2_20260821-181537\splits\train_files.txt,New_Branch\outputs\core_validation\sacu_v2_20260821-181537\splits\train_files.txt,D:\47\472\New-Papers\GIS\Codes\data\sim\sequences\seq_000058.npz
60,seq_|sequences_dir,D:\47\472\New-Papers\GIS\Codes\New_Branch\outputs\core_validation\sacu_v2_20260821-181537\splits\train_files.txt,New_Branch\outputs\core_validation\sacu_v2_20260821-181537\splits\train_files.txt,D:\47\472\New-Papers\GIS\Codes\data\sim\sequences\seq_000059.npz
61,seq_|sequences_dir,D:\47\472\New-Papers\GIS\Codes\New_Branch\outputs\core_validation\sacu_v2_20260821-181537\splits\train_files.txt,New_Branch\outputs\core_validation\sacu_v2_20260821-181537\splits\train_files.txt,D:\47\472\New-Papers\GIS\Codes\data\sim\sequences\seq_000060.npz
62,seq_|sequences_dir,D:\47\472\New-Papers\GIS\Codes\New_Branch\outputs\core_validation\sacu_v2_20260821-181537\splits\train_files.txt,New_Branch\outputs\core_validation\sacu_v2_20260821-181537\splits\train_files.txt,D:\47\472\New-Papers\GIS\Codes\data\sim\sequences\seq_000061.npz
63,seq_|sequences_dir,D:\47\472\New-Papers\GIS\Codes\New_Branch\outputs\core_validation\sacu_v2_20260821-181537\splits\train_files.txt,New_Branch\outputs\core_validation\sacu_v2_20260821-181537\splits\train_files.txt,D:\47\472\New-Papers\GIS\Codes\data\sim\sequences\seq_000062.npz
64,seq_|sequences_dir,D:\47\472\New-Papers\GIS\Codes\New_Branch\outputs\core_validation\sacu_v2_20260821-181537\splits\train_files.txt,New_Branch\outputs\core_validation\sacu_v2_20260821-181537\splits\train_files.txt,D:\47\472\New-Papers\GIS\Codes\data\sim\sequences\seq_000063.npz
65,seq_|sequences_dir,D:\47\472\New-Papers\GIS\Codes\New_Branch\outputs\core_validation\sacu_v2_20260821-181537\splits\train_files.txt,New_Branch\outputs\core_validation\sacu_v2_20260821-181537\splits\train_files.txt,D:\47\472\New-Papers\GIS\Codes\data\sim\sequences\seq_000064.npz
66,seq_|sequences_dir,D:\47\472\New-Papers\GIS\Codes\New_Branch\outputs\core_validation\sacu_v2_20260821-181537\splits\train_files.txt,New_Branch\outputs\core_validation\sacu_v2_20260821-181537\splits\train_files.txt,D:\47\472\New-Papers\GIS\Codes\data\sim\sequences\seq_000065.npz
67,seq_|sequences_dir,D:\47\472\New-Papers\GIS\Codes\New_Branch\outputs\core_validation\sacu_v2_20260821-181537\splits\train_files.txt,New_Branch\outputs\core_validation\sacu_v2_20260821-181537\splits\train_files.txt,D:\47\472\New-Papers\GIS\Codes\data\sim\sequences\seq_000066.npz
68,seq_|sequences_dir,D:\47\472\New-Papers\GIS\Codes\New_Branch\outputs\core_validation\sacu_v2_20260821-181537\splits\train_files.txt,New_Branch\outputs\core_validation\sacu_v2_20260821-181537\splits\train_files.txt,D:\47\472\New-Papers\GIS\Codes\data\sim\sequences\seq_000067.npz
69,seq_|sequences_dir,D:\47\472\New-Papers\GIS\Codes\New_Branch\outputs\core_validation\sacu_v2_20260821-181537\splits\train_files.txt,New_Branch\outputs\core_validation\sacu_v2_20260821-181537\splits\train_files.txt,D:\47\472\New-Papers\GIS\Codes\data\sim\sequences\seq_000068.npz
70,seq_|sequences_dir,D:\47\472\New-Papers\GIS\Codes\New_Branch\outputs\core_validation\sacu_v2_20260821-181537\splits\train_files.txt,New_Branch\outputs\core_validation\sacu_v2_20260821-181537\splits\train_files.txt,D:\47\472\New-Papers\GIS\Codes\data\sim\sequences\seq_000069.npz
1,seq_|sequences_dir,D:\47\472\New-Papers\GIS\Codes\New_Branch\outputs\core_validation\sacu_v2_20260821-181537\splits\validation_files.txt,New_Branch\outputs\core_validation\sacu_v2_20260821-181537\splits\validation_files.txt,D:\47\472\New-Papers\GIS\Codes\data\sim\sequences\seq_000070.npz
2,seq_|sequences_dir,D:\47\472\New-Papers\GIS\Codes\New_Branch\outputs\core_validation\sacu_v2_20260821-181537\splits\validation_files.txt,New_Branch\outputs\core_validation\sacu_v2_20260821-181537\splits\validation_files.txt,D:\47\472\New-Papers\GIS\Codes\data\sim\sequences\seq_000071.npz
3,seq_|sequences_dir,D:\47\472\New-Papers\GIS\Codes\New_Branch\outputs\core_validation\sacu_v2_20260821-181537\splits\validation_files.txt,New_Branch\outputs\core_validation\sacu_v2_20260821-181537\splits\validation_files.txt,D:\47\472\New-Papers\GIS\Codes\data\sim\sequences\seq_000072.npz
4,seq_|sequences_dir,D:\47\472\New-Papers\GIS\Codes\New_Branch\outputs\core_validation\sacu_v2_20260821-181537\splits\validation_files.txt,New_Branch\outputs\core_validation\sacu_v2_20260821-181537\splits\validation_files.txt,D:\47\472\New-Papers\GIS\Codes\data\sim\sequences\seq_000073.npz
5,seq_|sequences_dir,D:\47\472\New-Papers\GIS\Codes\New_Branch\outputs\core_validation\sacu_v2_20260821-181537\splits\validation_files.txt,New_Branch\outputs\core_validation\sacu_v2_20260821-181537\splits\validation_files.txt,D:\47\472\New-Papers\GIS\Codes\data\sim\sequences\seq_000074.npz
6,seq_|sequences_dir,D:\47\472\New-Papers\GIS\Codes\New_Branch\outputs\core_validation\sacu_v2_20260821-181537\splits\validation_files.txt,New_Branch\outputs\core_validation\sacu_v2_20260821-181537\splits\validation_files.txt,D:\47\472\New-Papers\GIS\Codes\data\sim\sequences\seq_000075.npz
7,seq_|sequences_dir,D:\47\472\New-Papers\GIS\Codes\New_Branch\outputs\core_validation\sacu_v2_20260821-181537\splits\validation_files.txt,New_Branch\outputs\core_validation\sacu_v2_20260821-181537\splits\validation_files.txt,D:\47\472\New-Papers\GIS\Codes\data\sim\sequences\seq_000076.npz
8,seq_|sequences_dir,D:\47\472\New-Papers\GIS\Codes\New_Branch\outputs\core_validation\sacu_v2_20260821-181537\splits\validation_files.txt,New_Branch\outputs\core_validation\sacu_v2_20260821-181537\splits\validation_files.txt,D:\47\472\New-Papers\GIS\Codes\data\sim\sequences\seq_000077.npz
9,seq_|sequences_dir,D:\47\472\New-Papers\GIS\Codes\New_Branch\outputs\core_validation\sacu_v2_20260821-181537\splits\validation_files.txt,New_Branch\outputs\core_validation\sacu_v2_20260821-181537\splits\validation_files.txt,D:\47\472\New-Papers\GIS\Codes\data\sim\sequences\seq_000078.npz
10,seq_|sequences_dir,D:\47\472\New-Papers\GIS\Codes\New_Branch\outputs\core_validation\sacu_v2_20260821-181537\splits\validation_files.txt,New_Branch\outputs\core_validation\sacu_v2_20260821-181537\splits\validation_files.txt,D:\47\472\New-Papers\GIS\Codes\data\sim\sequences\seq_000079.npz
11,seq_|sequences_dir,D:\47\472\New-Papers\GIS\Codes\New_Branch\outputs\core_validation\sacu_v2_20260821-181537\splits\validation_files.txt,New_Branch\outputs\core_validation\sacu_v2_20260821-181537\splits\validation_files.txt,D:\47\472\New-Papers\GIS\Codes\data\sim\sequences\seq_000080.npz
12,seq_|sequences_dir,D:\47\472\New-Papers\GIS\Codes\New_Branch\outputs\core_validation\sacu_v2_20260821-181537\splits\validation_files.txt,New_Branch\outputs\core_validation\sacu_v2_20260821-181537\splits\validation_files.txt,D:\47\472\New-Papers\GIS\Codes\data\sim\sequences\seq_000081.npz
13,seq_|sequences_dir,D:\47\472\New-Papers\GIS\Codes\New_Branch\outputs\core_validation\sacu_v2_20260821-181537\splits\validation_files.txt,New_Branch\outputs\core_validation\sacu_v2_20260821-181537\splits\validation_files.txt,D:\47\472\New-Papers\GIS\Codes\data\sim\sequences\seq_000082.npz
14,seq_|sequences_dir,D:\47\472\New-Papers\GIS\Codes\New_Branch\outputs\core_validation\sacu_v2_20260821-181537\splits\validation_files.txt,New_Branch\outputs\core_validation\sacu_v2_20260821-181537\splits\validation_files.txt,D:\47\472\New-Papers\GIS\Codes\data\sim\sequences\seq_000083.npz
15,seq_|sequences_dir,D:\47\472\New-Papers\GIS\Codes\New_Branch\outputs\core_validation\sacu_v2_20260821-181537\splits\validation_files.txt,New_Branch\outputs\core_validation\sacu_v2_20260821-181537\splits\validation_files.txt,D:\47\472\New-Papers\GIS\Codes\data\sim\sequences\seq_000084.npz
8,sequences_dir,D:\47\472\New-Papers\GIS\Codes\New_Branch\scripts\01_validate_no_target_leakage.py,New_Branch\scripts\01_validate_no_target_leakage.py,"SEQ = OLD / ""data"" / ""sim"" / ""sequences"""
20,sequences_dir,D:\47\472\New-Papers\GIS\Codes\New_Branch\scripts\01_validate_no_target_leakage.py,New_Branch\scripts\01_validate_no_target_leakage.py,# 1. Load one real test sequence from the existing dataset
5,seq_|sequences_dir,D:\47\472\New-Papers\GIS\Codes\outputs\eval\baseline_eval_20260224-193450\results.json,outputs\eval\baseline_eval_20260224-193450\results.json,"""seq_dir"": ""D:\\47\\472\\New-Papers\\GIS\\Codes\\data\\sim\\sequences"","
2,seq_,D:\47\472\New-Papers\GIS\Codes\outputs\eval\baseline_eval_20260224-193450\tables\per_sequence_metrics.csv,outputs\eval\baseline_eval_20260224-193450\tables\per_sequence_metrics.csv,"seq_000085.npz,0.011827623471617699,0.02002764865756035,0.0022009145468473434,1.1831415666771743"
3,seq_,D:\47\472\New-Papers\GIS\Codes\outputs\eval\baseline_eval_20260224-193450\tables\per_sequence_metrics.csv,outputs\eval\baseline_eval_20260224-193450\tables\per_sequence_metrics.csv,"seq_000086.npz,0.012045435607433319,0.019587546586990356,0.0022420701570808887,1.1780221666558646"
4,seq_,D:\47\472\New-Papers\GIS\Codes\outputs\eval\baseline_eval_20260224-193450\tables\per_sequence_metrics.csv,outputs\eval\baseline_eval_20260224-193450\tables\per_sequence_metrics.csv,"seq_000087.npz,0.012013010680675507,0.018318897113204002,0.002443945500999689,1.1810838333331048"
5,seq_,D:\47\472\New-Papers\GIS\Codes\outputs\eval\baseline_eval_20260224-193450\tables\per_sequence_metrics.csv,outputs\eval\baseline_eval_20260224-193450\tables\per_sequence_metrics.csv,"seq_000088.npz,0.014089138247072697,0.021890565752983093,0.002619578270241618,1.1777708999967824"
6,seq_,D:\47\472\New-Papers\GIS\Codes\outputs\eval\baseline_eval_20260224-193450\tables\per_sequence_metrics.csv,outputs\eval\baseline_eval_20260224-193450\tables\per_sequence_metrics.csv,"seq_000089.npz,0.012091761454939842,0.017685389146208763,0.0024380069226026535,1.1804761666765746"
7,seq_,D:\47\472\New-Papers\GIS\Codes\outputs\eval\baseline_eval_20260224-193450\tables\per_sequence_metrics.csv,outputs\eval\baseline_eval_20260224-193450\tables\per_sequence_metrics.csv,"seq_000090.npz,0.016555218026041985,0.030092747882008553,0.002997918287292123,1.1839997666732718"
8,seq_,D:\47\472\New-Papers\GIS\Codes\outputs\eval\baseline_eval_20260224-193450\tables\per_sequence_metrics.csv,outputs\eval\baseline_eval_20260224-193450\tables\per_sequence_metrics.csv,"seq_000091.npz,0.012470708228647709,0.01910477504134178,0.002344985958188772,1.1801124666623461"
9,seq_,D:\47\472\New-Papers\GIS\Codes\outputs\eval\baseline_eval_20260224-193450\tables\per_sequence_metrics.csv,outputs\eval\baseline_eval_20260224-193450\tables\per_sequence_metrics.csv,"seq_000092.npz,0.013208111748099327,0.019615359604358673,0.00250564469024539,1.1812335333282438"
10,seq_,D:\47\472\New-Papers\GIS\Codes\outputs\eval\baseline_eval_20260224-193450\tables\per_sequence_metrics.csv,outputs\eval\baseline_eval_20260224-193450\tables\per_sequence_metrics.csv,"seq_000093.npz,0.014920414425432682,0.022098641842603683,0.0028145608957856894,1.1772239333367907"
11,seq_,D:\47\472\New-Papers\GIS\Codes\outputs\eval\baseline_eval_20260224-193450\tables\per_sequence_metrics.csv,outputs\eval\baseline_eval_20260224-193450\tables\per_sequence_metrics.csv,"seq_000094.npz,0.013296492397785187,0.02111433818936348,0.002579765859991312,1.1775128333247267"
12,seq_,D:\47\472\New-Papers\GIS\Codes\outputs\eval\baseline_eval_20260224-193450\tables\per_sequence_metrics.csv,outputs\eval\baseline_eval_20260224-193450\tables\per_sequence_metrics.csv,"seq_000095.npz,0.012743672356009483,0.019013945013284683,0.002445366233587265,1.220907066677076"
13,seq_,D:\47\472\New-Papers\GIS\Codes\outputs\eval\baseline_eval_20260224-193450\tables\per_sequence_metrics.csv,outputs\eval\baseline_eval_20260224-193450\tables\per_sequence_metrics.csv,"seq_000096.npz,0.014113809913396835,0.022881219163537025,0.002532096579670906,1.313024966667096"
14,seq_,D:\47\472\New-Papers\GIS\Codes\outputs\eval\baseline_eval_20260224-193450\tables\per_sequence_metrics.csv,outputs\eval\baseline_eval_20260224-193450\tables\per_sequence_metrics.csv,"seq_000097.npz,0.013248741626739502,0.020142879337072372,0.002507548313587904,1.2904431666635598"
15,seq_,D:\47\472\New-Papers\GIS\Codes\outputs\eval\baseline_eval_20260224-193450\tables\per_sequence_metrics.csv,outputs\eval\baseline_eval_20260224-193450\tables\per_sequence_metrics.csv,"seq_000098.npz,0.013981705531477928,0.021820079535245895,0.002515400294214487,1.252044366672635"
16,seq_,D:\47\472\New-Papers\GIS\Codes\outputs\eval\baseline_eval_20260224-193450\tables\per_sequence_metrics.csv,outputs\eval\baseline_eval_20260224-193450\tables\per_sequence_metrics.csv,"seq_000099.npz,0.015184974297881126,0.02357126772403717,0.0026887471321970224,1.2570655999976832"
3,seq_|sequences_dir,D:\47\472\New-Papers\GIS\Codes\outputs\runs\baseline_20260223-004312\complexity_report.json,outputs\runs\baseline_20260223-004312\complexity_report.json,"""seq_dir"": ""D:\\47\\472\\New-Papers\\GIS\\Codes\\data\\sim\\sequences"","
4,seq_|sequences_dir,D:\47\472\New-Papers\GIS\Codes\outputs\runs\baseline_20260223-004312\REPORT.txt,outputs\runs\baseline_20260223-004312\REPORT.txt,SEQ_DIR: D:\47\472\New-Papers\GIS\Codes\data\sim\sequences
4,seq_|sequences_dir,D:\47\472\New-Papers\GIS\Codes\outputs\stress\baseline_stress_20260225-122152\results.json,outputs\stress\baseline_stress_20260225-122152\results.json,"""seq_dir"": ""D:\\47\\472\\New-Papers\\GIS\\Codes\\data\\sim\\sequences"","
4,seq_|sequences_dir,D:\47\472\New-Papers\GIS\Codes\outputs\stress\sacu_stress_20260225-005847\results.json,outputs\stress\sacu_stress_20260225-005847\results.json,"""seq_dir"": ""D:\\47\\472\\New-Papers\\GIS\\Codes\\data\\sim\\sequences"","
4,seq_|sequences_dir,D:\47\472\New-Papers\GIS\Codes\outputs\stress\sacu_stress_20260225-154739\results.json,outputs\stress\sacu_stress_20260225-154739\results.json,"""seq_dir"": ""D:\\47\\472\\New-Papers\\GIS\\Codes\\data\\sim\\sequences"","
4,seq_|sequences_dir,D:\47\472\New-Papers\GIS\Codes\outputs\stress\sacu_stress_20260225-171227\results.json,outputs\stress\sacu_stress_20260225-171227\results.json,"""seq_dir"": ""D:\\47\\472\\New-Papers\\GIS\\Codes\\data\\sim\\sequences"","
4,seq_|sequences_dir,D:\47\472\New-Papers\GIS\Codes\outputs\stress\sacu_stress_20260225-171758\results.json,outputs\stress\sacu_stress_20260225-171758\results.json,"""seq_dir"": ""D:\\47\\472\\New-Papers\\GIS\\Codes\\data\\sim\\sequences"","
4,seq_|sequences_dir,D:\47\472\New-Papers\GIS\Codes\outputs\stress\sacu_stress_20260225-172052\results.json,outputs\stress\sacu_stress_20260225-172052\results.json,"""seq_dir"": ""D:\\47\\472\\New-Papers\\GIS\\Codes\\data\\sim\\sequences"","
61,generate,D:\47\472\New-Papers\GIS\Codes\src\build_new_branch.py,src\build_new_branch.py,- Revised manuscript results must be generated from executable experiments.
102,sequences_dir,D:\47\472\New-Papers\GIS\Codes\src\compare_eval.py,src\compare_eval.py,"""Latency Comparison (sec per sequence)"","
25,seq_|sequences_dir,D:\47\472\New-Papers\GIS\Codes\src\evaluate.py,src\evaluate.py,"SEQ_DIR = os.path.join(ROOT, ""data"", ""sim"", ""sequences"")"
66,seq_,D:\47\472\New-Papers\GIS\Codes\src\evaluate.py,src\evaluate.py,files = list_npz_files(SEQ_DIR)
10,seq_|sequences_dir,D:\47\472\New-Papers\GIS\Codes\src\run_ablations.py,src\run_ablations.py,"SEQ_DIR = os.path.join(ROOT, ""data"", ""sim"", ""sequences"")"
25,seq_,D:\47\472\New-Papers\GIS\Codes\src\run_ablations.py,src\run_ablations.py,files = list_npz_files(SEQ_DIR)
98,seq_,D:\47\472\New-Papers\GIS\Codes\src\run_ablations1.py,src\run_ablations1.py,"seq_dir: Path,"
114,seq_,D:\47\472\New-Papers\GIS\Codes\src\run_ablations1.py,src\run_ablations1.py,files = list_npz_files(str(seq_dir))
117,seq_|sequences_dir,D:\47\472\New-Papers\GIS\Codes\src\run_ablations1.py,src\run_ablations1.py,"raise RuntimeError(f""Not enough sequences in {seq_dir} (found {n})"")"
221,seq_|sequences_dir,D:\47\472\New-Papers\GIS\Codes\src\run_ablations1.py,src\run_ablations1.py,"seq_dir = root / ""data"" / ""sim"" / ""sequences"""
222,seq_,D:\47\472\New-Papers\GIS\Codes\src\run_ablations1.py,src\run_ablations1.py,if not seq_dir.exists():
223,seq_|sequences_dir,D:\47\472\New-Papers\GIS\Codes\src\run_ablations1.py,src\run_ablations1.py,"raise FileNotFoundError(f""Sequence directory not found: {seq_dir}"")"
241,seq_,D:\47\472\New-Papers\GIS\Codes\src\run_ablations1.py,src\run_ablations1.py,"seq_dir=seq_dir,"
24,seq_|sequences_dir,D:\47\472\New-Papers\GIS\Codes\src\stress_test.py,src\stress_test.py,"SEQ_DIR = os.path.join(ROOT, ""data"", ""sim"", ""sequences"")"
43,generate,D:\47\472\New-Papers\GIS\Codes\src\stress_test.py,src\stress_test.py,rng = tf.random.Generator.from_seed(seed)
128,seq_,D:\47\472\New-Papers\GIS\Codes\src\stress_test.py,src\stress_test.py,files = list_npz_files(SEQ_DIR)
130,seq_|sequences_dir,D:\47\472\New-Papers\GIS\Codes\src\stress_test.py,src\stress_test.py,"raise RuntimeError(f""No .npz sequences found in: {SEQ_DIR}"")"
224,seq_,D:\47\472\New-Papers\GIS\Codes\src\stress_test.py,src\stress_test.py,"""seq_dir"": SEQ_DIR,"
266,seq_|sequences_dir,D:\47\472\New-Papers\GIS\Codes\src\train_baseline.py,src\train_baseline.py,"seq_dir = root / ""data"" / ""sim"" / ""sequences"""
267,seq_,D:\47\472\New-Papers\GIS\Codes\src\train_baseline.py,src\train_baseline.py,if not seq_dir.exists():
268,seq_|sequences_dir,D:\47\472\New-Papers\GIS\Codes\src\train_baseline.py,src\train_baseline.py,"raise FileNotFoundError(f""Sequence directory not found: {seq_dir}"")"
274,seq_,D:\47\472\New-Papers\GIS\Codes\src\train_baseline.py,src\train_baseline.py,files = list_npz_files(str(seq_dir))
277,seq_|sequences_dir,D:\47\472\New-Papers\GIS\Codes\src\train_baseline.py,src\train_baseline.py,"raise RuntimeError(f""Not enough sequences in {seq_dir} (found {n})"")"
302,seq_,D:\47\472\New-Papers\GIS\Codes\src\train_baseline.py,src\train_baseline.py,"print(f""[INFO] SEQ_DIR  : {seq_dir}"")"
341,seq_,D:\47\472\New-Papers\GIS\Codes\src\train_baseline.py,src\train_baseline.py,"""seq_dir"": str(seq_dir),"
362,seq_,D:\47\472\New-Papers\GIS\Codes\src\train_baseline.py,src\train_baseline.py,"lines.append(f""SEQ_DIR: {seq_dir}"")"
11,seq_|sequences_dir,D:\47\472\New-Papers\GIS\Codes\src\train_sacu.py,src\train_sacu.py,"SEQ_DIR = os.path.join(ROOT, ""data"", ""sim"", ""sequences"")"
15,seq_,D:\47\472\New-Papers\GIS\Codes\src\train_sacu.py,src\train_sacu.py,files = list_npz_files(SEQ_DIR)
