{
  "avg_s": 1.2246027200075331,
  "p50_s": 1.2246194999897853,
  "p95_s": 1.2295406550198096,
  "throughput_batches_per_s": 0.8165913595176798
}