mode,MAE_mean_over_levels,RMSE_mean_over_levels,Residual_mean_over_levels
noise,0.033145904623799856,0.05674789771437646,0.0005579186564621826
dropout,0.0331461365852091,0.0567479535109467,0.0006176873776389079
drift,0.033146909582946034,0.05674762071834671,0.0006986811453114366
