line,matched_terms,path,relative_path,text
1005,sequence,D:\47\472\New-Papers\GIS\Codes\folder_structure.txt,folder_structure.txt,│   │       │   │   │   │   ├── sequence
1271,sequence,D:\47\472\New-Papers\GIS\Codes\folder_structure.txt,folder_structure.txt,│   │       │   │   ├── sequence
2033,sequence,D:\47\472\New-Papers\GIS\Codes\folder_structure.txt,folder_structure.txt,│   │       │   │   │   │   │   ├── sequence.cpython-312.pyc
2037,sequence,D:\47\472\New-Papers\GIS\Codes\folder_structure.txt,folder_structure.txt,│   │       │   │   │   │   ├── sequence.py
3523,npz,D:\47\472\New-Papers\GIS\Codes\folder_structure.txt,folder_structure.txt,│   │       │   │   │   │   ├── py2-objarr.npz
3525,npz,D:\47\472\New-Papers\GIS\Codes\folder_structure.txt,folder_structure.txt,│   │       │   │   │   │   ├── py3-objarr.npz
29392,sequence,D:\47\472\New-Papers\GIS\Codes\folder_structure.txt,folder_structure.txt,│       ├── sequences
29393,npz,D:\47\472\New-Papers\GIS\Codes\folder_structure.txt,folder_structure.txt,│       │   ├── seq_000000.npz
29394,npz,D:\47\472\New-Papers\GIS\Codes\folder_structure.txt,folder_structure.txt,│       │   ├── seq_000001.npz
29395,npz,D:\47\472\New-Papers\GIS\Codes\folder_structure.txt,folder_structure.txt,│       │   ├── seq_000002.npz
29396,npz,D:\47\472\New-Papers\GIS\Codes\folder_structure.txt,folder_structure.txt,│       │   ├── seq_000003.npz
29397,npz,D:\47\472\New-Papers\GIS\Codes\folder_structure.txt,folder_structure.txt,│       │   ├── seq_000004.npz
29398,npz,D:\47\472\New-Papers\GIS\Codes\folder_structure.txt,folder_structure.txt,│       │   ├── seq_000005.npz
29399,npz,D:\47\472\New-Papers\GIS\Codes\folder_structure.txt,folder_structure.txt,│       │   ├── seq_000006.npz
29400,npz,D:\47\472\New-Papers\GIS\Codes\folder_structure.txt,folder_structure.txt,│       │   ├── seq_000007.npz
29401,npz,D:\47\472\New-Papers\GIS\Codes\folder_structure.txt,folder_structure.txt,│       │   ├── seq_000008.npz
29402,npz,D:\47\472\New-Papers\GIS\Codes\folder_structure.txt,folder_structure.txt,│       │   ├── seq_000009.npz
29403,npz,D:\47\472\New-Papers\GIS\Codes\folder_structure.txt,folder_structure.txt,│       │   ├── seq_000010.npz
29404,npz,D:\47\472\New-Papers\GIS\Codes\folder_structure.txt,folder_structure.txt,│       │   ├── seq_000011.npz
29405,npz,D:\47\472\New-Papers\GIS\Codes\folder_structure.txt,folder_structure.txt,│       │   ├── seq_000012.npz
29406,npz,D:\47\472\New-Papers\GIS\Codes\folder_structure.txt,folder_structure.txt,│       │   ├── seq_000013.npz
29407,npz,D:\47\472\New-Papers\GIS\Codes\folder_structure.txt,folder_structure.txt,│       │   ├── seq_000014.npz
29408,npz,D:\47\472\New-Papers\GIS\Codes\folder_structure.txt,folder_structure.txt,│       │   ├── seq_000015.npz
29409,npz,D:\47\472\New-Papers\GIS\Codes\folder_structure.txt,folder_structure.txt,│       │   ├── seq_000016.npz
29410,npz,D:\47\472\New-Papers\GIS\Codes\folder_structure.txt,folder_structure.txt,│       │   ├── seq_000017.npz
29411,npz,D:\47\472\New-Papers\GIS\Codes\folder_structure.txt,folder_structure.txt,│       │   ├── seq_000018.npz
29412,npz,D:\47\472\New-Papers\GIS\Codes\folder_structure.txt,folder_structure.txt,│       │   ├── seq_000019.npz
29413,npz,D:\47\472\New-Papers\GIS\Codes\folder_structure.txt,folder_structure.txt,│       │   ├── seq_000020.npz
29414,npz,D:\47\472\New-Papers\GIS\Codes\folder_structure.txt,folder_structure.txt,│       │   ├── seq_000021.npz
29415,npz,D:\47\472\New-Papers\GIS\Codes\folder_structure.txt,folder_structure.txt,│       │   ├── seq_000022.npz
29416,npz,D:\47\472\New-Papers\GIS\Codes\folder_structure.txt,folder_structure.txt,│       │   ├── seq_000023.npz
29417,npz,D:\47\472\New-Papers\GIS\Codes\folder_structure.txt,folder_structure.txt,│       │   ├── seq_000024.npz
29418,npz,D:\47\472\New-Papers\GIS\Codes\folder_structure.txt,folder_structure.txt,│       │   ├── seq_000025.npz
29419,npz,D:\47\472\New-Papers\GIS\Codes\folder_structure.txt,folder_structure.txt,│       │   ├── seq_000026.npz
29420,npz,D:\47\472\New-Papers\GIS\Codes\folder_structure.txt,folder_structure.txt,│       │   ├── seq_000027.npz
29421,npz,D:\47\472\New-Papers\GIS\Codes\folder_structure.txt,folder_structure.txt,│       │   ├── seq_000028.npz
29422,npz,D:\47\472\New-Papers\GIS\Codes\folder_structure.txt,folder_structure.txt,│       │   ├── seq_000029.npz
29423,npz,D:\47\472\New-Papers\GIS\Codes\folder_structure.txt,folder_structure.txt,│       │   ├── seq_000030.npz
29424,npz,D:\47\472\New-Papers\GIS\Codes\folder_structure.txt,folder_structure.txt,│       │   ├── seq_000031.npz
29425,npz,D:\47\472\New-Papers\GIS\Codes\folder_structure.txt,folder_structure.txt,│       │   ├── seq_000032.npz
29426,npz,D:\47\472\New-Papers\GIS\Codes\folder_structure.txt,folder_structure.txt,│       │   ├── seq_000033.npz
29427,npz,D:\47\472\New-Papers\GIS\Codes\folder_structure.txt,folder_structure.txt,│       │   ├── seq_000034.npz
29428,npz,D:\47\472\New-Papers\GIS\Codes\folder_structure.txt,folder_structure.txt,│       │   ├── seq_000035.npz
29429,npz,D:\47\472\New-Papers\GIS\Codes\folder_structure.txt,folder_structure.txt,│       │   ├── seq_000036.npz
29430,npz,D:\47\472\New-Papers\GIS\Codes\folder_structure.txt,folder_structure.txt,│       │   ├── seq_000037.npz
29431,npz,D:\47\472\New-Papers\GIS\Codes\folder_structure.txt,folder_structure.txt,│       │   ├── seq_000038.npz
29432,npz,D:\47\472\New-Papers\GIS\Codes\folder_structure.txt,folder_structure.txt,│       │   ├── seq_000039.npz
29433,npz,D:\47\472\New-Papers\GIS\Codes\folder_structure.txt,folder_structure.txt,│       │   ├── seq_000040.npz
29434,npz,D:\47\472\New-Papers\GIS\Codes\folder_structure.txt,folder_structure.txt,│       │   ├── seq_000041.npz
29435,npz,D:\47\472\New-Papers\GIS\Codes\folder_structure.txt,folder_structure.txt,│       │   ├── seq_000042.npz
29436,npz,D:\47\472\New-Papers\GIS\Codes\folder_structure.txt,folder_structure.txt,│       │   ├── seq_000043.npz
29437,npz,D:\47\472\New-Papers\GIS\Codes\folder_structure.txt,folder_structure.txt,│       │   ├── seq_000044.npz
29438,npz,D:\47\472\New-Papers\GIS\Codes\folder_structure.txt,folder_structure.txt,│       │   ├── seq_000045.npz
29439,npz,D:\47\472\New-Papers\GIS\Codes\folder_structure.txt,folder_structure.txt,│       │   ├── seq_000046.npz
29440,npz,D:\47\472\New-Papers\GIS\Codes\folder_structure.txt,folder_structure.txt,│       │   ├── seq_000047.npz
29441,npz,D:\47\472\New-Papers\GIS\Codes\folder_structure.txt,folder_structure.txt,│       │   ├── seq_000048.npz
29442,npz,D:\47\472\New-Papers\GIS\Codes\folder_structure.txt,folder_structure.txt,│       │   ├── seq_000049.npz
29443,npz,D:\47\472\New-Papers\GIS\Codes\folder_structure.txt,folder_structure.txt,│       │   ├── seq_000050.npz
29444,npz,D:\47\472\New-Papers\GIS\Codes\folder_structure.txt,folder_structure.txt,│       │   ├── seq_000051.npz
29445,npz,D:\47\472\New-Papers\GIS\Codes\folder_structure.txt,folder_structure.txt,│       │   ├── seq_000052.npz
29446,npz,D:\47\472\New-Papers\GIS\Codes\folder_structure.txt,folder_structure.txt,│       │   ├── seq_000053.npz
29447,npz,D:\47\472\New-Papers\GIS\Codes\folder_structure.txt,folder_structure.txt,│       │   ├── seq_000054.npz
29448,npz,D:\47\472\New-Papers\GIS\Codes\folder_structure.txt,folder_structure.txt,│       │   ├── seq_000055.npz
29449,npz,D:\47\472\New-Papers\GIS\Codes\folder_structure.txt,folder_structure.txt,│       │   ├── seq_000056.npz
29450,npz,D:\47\472\New-Papers\GIS\Codes\folder_structure.txt,folder_structure.txt,│       │   ├── seq_000057.npz
29451,npz,D:\47\472\New-Papers\GIS\Codes\folder_structure.txt,folder_structure.txt,│       │   ├── seq_000058.npz
29452,npz,D:\47\472\New-Papers\GIS\Codes\folder_structure.txt,folder_structure.txt,│       │   ├── seq_000059.npz
29453,npz,D:\47\472\New-Papers\GIS\Codes\folder_structure.txt,folder_structure.txt,│       │   ├── seq_000060.npz
29454,npz,D:\47\472\New-Papers\GIS\Codes\folder_structure.txt,folder_structure.txt,│       │   ├── seq_000061.npz
29455,npz,D:\47\472\New-Papers\GIS\Codes\folder_structure.txt,folder_structure.txt,│       │   ├── seq_000062.npz
29456,npz,D:\47\472\New-Papers\GIS\Codes\folder_structure.txt,folder_structure.txt,│       │   ├── seq_000063.npz
29457,npz,D:\47\472\New-Papers\GIS\Codes\folder_structure.txt,folder_structure.txt,│       │   ├── seq_000064.npz
29458,npz,D:\47\472\New-Papers\GIS\Codes\folder_structure.txt,folder_structure.txt,│       │   ├── seq_000065.npz
29459,npz,D:\47\472\New-Papers\GIS\Codes\folder_structure.txt,folder_structure.txt,│       │   ├── seq_000066.npz
29460,npz,D:\47\472\New-Papers\GIS\Codes\folder_structure.txt,folder_structure.txt,│       │   ├── seq_000067.npz
29461,npz,D:\47\472\New-Papers\GIS\Codes\folder_structure.txt,folder_structure.txt,│       │   ├── seq_000068.npz
29462,npz,D:\47\472\New-Papers\GIS\Codes\folder_structure.txt,folder_structure.txt,│       │   ├── seq_000069.npz
29463,npz,D:\47\472\New-Papers\GIS\Codes\folder_structure.txt,folder_structure.txt,│       │   ├── seq_000070.npz
29464,npz,D:\47\472\New-Papers\GIS\Codes\folder_structure.txt,folder_structure.txt,│       │   ├── seq_000071.npz
29465,npz,D:\47\472\New-Papers\GIS\Codes\folder_structure.txt,folder_structure.txt,│       │   ├── seq_000072.npz
29466,npz,D:\47\472\New-Papers\GIS\Codes\folder_structure.txt,folder_structure.txt,│       │   ├── seq_000073.npz
29467,npz,D:\47\472\New-Papers\GIS\Codes\folder_structure.txt,folder_structure.txt,│       │   ├── seq_000074.npz
29468,npz,D:\47\472\New-Papers\GIS\Codes\folder_structure.txt,folder_structure.txt,│       │   ├── seq_000075.npz
29469,npz,D:\47\472\New-Papers\GIS\Codes\folder_structure.txt,folder_structure.txt,│       │   ├── seq_000076.npz
29470,npz,D:\47\472\New-Papers\GIS\Codes\folder_structure.txt,folder_structure.txt,│       │   ├── seq_000077.npz
29471,npz,D:\47\472\New-Papers\GIS\Codes\folder_structure.txt,folder_structure.txt,│       │   ├── seq_000078.npz
29472,npz,D:\47\472\New-Papers\GIS\Codes\folder_structure.txt,folder_structure.txt,│       │   ├── seq_000079.npz
29473,npz,D:\47\472\New-Papers\GIS\Codes\folder_structure.txt,folder_structure.txt,│       │   ├── seq_000080.npz
29474,npz,D:\47\472\New-Papers\GIS\Codes\folder_structure.txt,folder_structure.txt,│       │   ├── seq_000081.npz
29475,npz,D:\47\472\New-Papers\GIS\Codes\folder_structure.txt,folder_structure.txt,│       │   ├── seq_000082.npz
29476,npz,D:\47\472\New-Papers\GIS\Codes\folder_structure.txt,folder_structure.txt,│       │   ├── seq_000083.npz
29477,npz,D:\47\472\New-Papers\GIS\Codes\folder_structure.txt,folder_structure.txt,│       │   ├── seq_000084.npz
29478,npz,D:\47\472\New-Papers\GIS\Codes\folder_structure.txt,folder_structure.txt,│       │   ├── seq_000085.npz
29479,npz,D:\47\472\New-Papers\GIS\Codes\folder_structure.txt,folder_structure.txt,│       │   ├── seq_000086.npz
29480,npz,D:\47\472\New-Papers\GIS\Codes\folder_structure.txt,folder_structure.txt,│       │   ├── seq_000087.npz
29481,npz,D:\47\472\New-Papers\GIS\Codes\folder_structure.txt,folder_structure.txt,│       │   ├── seq_000088.npz
29482,npz,D:\47\472\New-Papers\GIS\Codes\folder_structure.txt,folder_structure.txt,│       │   ├── seq_000089.npz
29483,npz,D:\47\472\New-Papers\GIS\Codes\folder_structure.txt,folder_structure.txt,│       │   ├── seq_000090.npz
29484,npz,D:\47\472\New-Papers\GIS\Codes\folder_structure.txt,folder_structure.txt,│       │   ├── seq_000091.npz
29485,npz,D:\47\472\New-Papers\GIS\Codes\folder_structure.txt,folder_structure.txt,│       │   ├── seq_000092.npz
29486,npz,D:\47\472\New-Papers\GIS\Codes\folder_structure.txt,folder_structure.txt,│       │   ├── seq_000093.npz
29487,npz,D:\47\472\New-Papers\GIS\Codes\folder_structure.txt,folder_structure.txt,│       │   ├── seq_000094.npz
29488,npz,D:\47\472\New-Papers\GIS\Codes\folder_structure.txt,folder_structure.txt,│       │   ├── seq_000095.npz
29489,npz,D:\47\472\New-Papers\GIS\Codes\folder_structure.txt,folder_structure.txt,│       │   ├── seq_000096.npz
29490,npz,D:\47\472\New-Papers\GIS\Codes\folder_structure.txt,folder_structure.txt,│       │   ├── seq_000097.npz
29491,npz,D:\47\472\New-Papers\GIS\Codes\folder_structure.txt,folder_structure.txt,│       │   ├── seq_000098.npz
29492,npz,D:\47\472\New-Papers\GIS\Codes\folder_structure.txt,folder_structure.txt,│       │   └── seq_000099.npz
29810,pdebench,D:\47\472\New-Papers\GIS\Codes\folder_structure.txt,folder_structure.txt,├── PDEBench-main
32328,npz,D:\47\472\New-Papers\GIS\Codes\folder_structure.txt,folder_structure.txt,│   │   │       │   │   │   ├── goog.npz
32330,npz,D:\47\472\New-Papers\GIS\Codes\folder_structure.txt,folder_structure.txt,│   │   │       │   │   │   ├── jacksboro_fault_dem.npz
32338,npz,D:\47\472\New-Papers\GIS\Codes\folder_structure.txt,folder_structure.txt,│   │   │       │   │   │   └── topobathy.npz
33872,npz,D:\47\472\New-Papers\GIS\Codes\folder_structure.txt,folder_structure.txt,│   │   │       │   │   │   │   ├── py2-objarr.npz
33874,npz,D:\47\472\New-Papers\GIS\Codes\folder_structure.txt,folder_structure.txt,│   │   │       │   │   │   │   ├── py3-objarr.npz
37919,pdebench,D:\47\472\New-Papers\GIS\Codes\folder_structure.txt,folder_structure.txt,│   │   │       ├── pdebench-0.1.0.dist-info
41308,npz,D:\47\472\New-Papers\GIS\Codes\folder_structure.txt,folder_structure.txt,│   │   │       │   │   │   ├── fftw_double_ref.npz
41309,npz,D:\47\472\New-Papers\GIS\Codes\folder_structure.txt,folder_structure.txt,│   │   │       │   │   │   ├── fftw_longdouble_ref.npz
41310,npz,D:\47\472\New-Papers\GIS\Codes\folder_structure.txt,folder_structure.txt,│   │   │       │   │   │   ├── fftw_single_ref.npz
41311,npz,D:\47\472\New-Papers\GIS\Codes\folder_structure.txt,folder_structure.txt,│   │   │       │   │   │   ├── test.npz
41479,npz,D:\47\472\New-Papers\GIS\Codes\folder_structure.txt,folder_structure.txt,│   │   │       │   │   │   │   ├── bug-1310.npz
41481,npz,D:\47\472\New-Papers\GIS\Codes\folder_structure.txt,folder_structure.txt,│   │   │       │   │   │   │   └── gcvspl.npz
41956,npz,D:\47\472\New-Papers\GIS\Codes\folder_structure.txt,folder_structure.txt,│   │   │       │   │   │   │   ├── carex_15_data.npz
41957,npz,D:\47\472\New-Papers\GIS\Codes\folder_structure.txt,folder_structure.txt,│   │   │       │   │   │   │   ├── carex_18_data.npz
41958,npz,D:\47\472\New-Papers\GIS\Codes\folder_structure.txt,folder_structure.txt,│   │   │       │   │   │   │   ├── carex_19_data.npz
41959,npz,D:\47\472\New-Papers\GIS\Codes\folder_structure.txt,folder_structure.txt,│   │   │       │   │   │   │   ├── carex_20_data.npz
41960,npz,D:\47\472\New-Papers\GIS\Codes\folder_structure.txt,folder_structure.txt,│   │   │       │   │   │   │   ├── carex_6_data.npz
41961,npz,D:\47\472\New-Papers\GIS\Codes\folder_structure.txt,folder_structure.txt,│   │   │       │   │   │   │   └── gendare_20170120_data.npz
42815,npz,D:\47\472\New-Papers\GIS\Codes\folder_structure.txt,folder_structure.txt,│   │   │       │   │   │   │   ├── propack_test_data.npz
42857,npz,D:\47\472\New-Papers\GIS\Codes\folder_structure.txt,folder_structure.txt,│   │   │       │   │   │   │   ├── csc_py2.npz
42858,npz,D:\47\472\New-Papers\GIS\Codes\folder_structure.txt,folder_structure.txt,│   │   │       │   │   │   │   └── csc_py3.npz
42941,npz,D:\47\472\New-Papers\GIS\Codes\folder_structure.txt,folder_structure.txt,│   │   │       │   │   │   │   ├── degenerate_pointset.npz
43146,npz,D:\47\472\New-Papers\GIS\Codes\folder_structure.txt,folder_structure.txt,│   │   │       │   │   │   │   ├── boost.npz
43147,npz,D:\47\472\New-Papers\GIS\Codes\folder_structure.txt,folder_structure.txt,│   │   │       │   │   │   │   ├── gsl.npz
43148,npz,D:\47\472\New-Papers\GIS\Codes\folder_structure.txt,folder_structure.txt,│   │   │       │   │   │   │   └── local.npz
43549,npz,D:\47\472\New-Papers\GIS\Codes\folder_structure.txt,folder_structure.txt,│   │   │       │   │   ├── _sobol_direction_numbers.npz
11,npz,D:\47\472\New-Papers\GIS\Codes\OutPut_Struct.py,OutPut_Struct.py,""".npz"","
257,sequence,D:\47\472\New-Papers\GIS\Codes\simulator.py,simulator.py,"SEQ_DIR = OUT_ROOT / ""data"" / ""sim"" / ""sequences"""
279,sequence,D:\47\472\New-Papers\GIS\Codes\simulator.py,simulator.py,"print(f""Generating {NUM_SEQUENCES} sequences into: {SEQ_DIR}"")"
292,npz,D:\47\472\New-Papers\GIS\Codes\simulator.py,simulator.py,"out_path = SEQ_DIR / f""{seq_id}.npz"""
32,pdebench,D:\47\472\New-Papers\GIS\Codes\data\READ.md,data\READ.md,The experiments are based on propagation-field simulations generated using the PDEBench framework.
34,pdebench,D:\47\472\New-Papers\GIS\Codes\data\READ.md,data\READ.md,**Official PDEBench Repository**
36,pdebench,D:\47\472\New-Papers\GIS\Codes\data\READ.md,data\READ.md,https://github.com/pdebench/PDEBench
40,pdebench,D:\47\472\New-Papers\GIS\Codes\data\READ.md,data\READ.md,"Please refer to the PDEBench documentation for licensing terms, download procedures, and dataset descriptions."
83,pdebench,D:\47\472\New-Papers\GIS\Codes\data\READ.md,data\READ.md,1. Download the original PDEBench dataset.
2,sequence|sim_sequences_path|npz,D:\47\472\New-Papers\GIS\Codes\data\sim\metadata.csv,data\sim\metadata.csv,"seq_000000,2103139804,0.9262677431106567,0.2782846987247467,0.06007436662912369,D:\47\472\New-Papers\Frontiers\Codes\data\sim\sequences\seq_000000.npz"
3,sequence|sim_sequences_path|npz,D:\47\472\New-Papers\GIS\Codes\data\sim\metadata.csv,data\sim\metadata.csv,"seq_000001,2097446776,1.256947636604309,0.12770695984363556,0.04988883063197136,D:\47\472\New-Papers\Frontiers\Codes\data\sim\sequences\seq_000001.npz"
4,sequence|sim_sequences_path|npz,D:\47\472\New-Papers\GIS\Codes\data\sim\metadata.csv,data\sim\metadata.csv,"seq_000002,2121586239,1.2113215923309326,0.2143273502588272,0.0029093585908412933,D:\47\472\New-Papers\Frontiers\Codes\data\sim\sequences\seq_000002.npz"
5,sequence|sim_sequences_path|npz,D:\47\472\New-Papers\GIS\Codes\data\sim\metadata.csv,data\sim\metadata.csv,"seq_000003,816464123,1.2391399145126343,0.02123384363949299,0.05467250570654869,D:\47\472\New-Papers\Frontiers\Codes\data\sim\sequences\seq_000003.npz"
6,sequence|sim_sequences_path|npz,D:\47\472\New-Papers\GIS\Codes\data\sim\metadata.csv,data\sim\metadata.csv,"seq_000004,367992409,1.268934965133667,0.0520707406103611,0.050787534564733505,D:\47\472\New-Papers\Frontiers\Codes\data\sim\sequences\seq_000004.npz"
7,sequence|sim_sequences_path|npz,D:\47\472\New-Papers\GIS\Codes\data\sim\metadata.csv,data\sim\metadata.csv,"seq_000005,1982656189,0.9426007270812988,0.29518988728523254,0.007849318906664848,D:\47\472\New-Papers\Frontiers\Codes\data\sim\sequences\seq_000005.npz"
8,sequence|sim_sequences_path|npz,D:\47\472\New-Papers\GIS\Codes\data\sim\metadata.csv,data\sim\metadata.csv,"seq_000006,225255238,0.9960834383964539,0.07366520911455154,0.0481109619140625,D:\47\472\New-Papers\Frontiers\Codes\data\sim\sequences\seq_000006.npz"
9,sequence|sim_sequences_path|npz,D:\47\472\New-Papers\GIS\Codes\data\sim\metadata.csv,data\sim\metadata.csv,"seq_000007,561980200,1.3852753639221191,0.14616091549396515,0.02179279737174511,D:\47\472\New-Papers\Frontiers\Codes\data\sim\sequences\seq_000007.npz"
10,sequence|sim_sequences_path|npz,D:\47\472\New-Papers\GIS\Codes\data\sim\metadata.csv,data\sim\metadata.csv,"seq_000008,298028865,1.2739454507827759,0.22237028181552887,0.01219872571527958,D:\47\472\New-Papers\Frontiers\Codes\data\sim\sequences\seq_000008.npz"
11,sequence|sim_sequences_path|npz,D:\47\472\New-Papers\GIS\Codes\data\sim\metadata.csv,data\sim\metadata.csv,"seq_000009,685255714,1.1433424949645996,0.08349870890378952,0.055252112448215485,D:\47\472\New-Papers\Frontiers\Codes\data\sim\sequences\seq_000009.npz"
12,sequence|sim_sequences_path|npz,D:\47\472\New-Papers\GIS\Codes\data\sim\metadata.csv,data\sim\metadata.csv,"seq_000010,1151155068,1.1511088609695435,0.34526219964027405,0.027567032724618912,D:\47\472\New-Papers\Frontiers\Codes\data\sim\sequences\seq_000010.npz"
13,sequence|sim_sequences_path|npz,D:\47\472\New-Papers\GIS\Codes\data\sim\metadata.csv,data\sim\metadata.csv,"seq_000011,253598991,1.0381696224212646,0.08356625586748123,0.049223050475120544,D:\47\472\New-Papers\Frontiers\Codes\data\sim\sequences\seq_000011.npz"
14,sequence|sim_sequences_path|npz,D:\47\472\New-Papers\GIS\Codes\data\sim\metadata.csv,data\sim\metadata.csv,"seq_000012,1709091010,0.9495834708213806,0.3363509476184845,0.004375031683593988,D:\47\472\New-Papers\Frontiers\Codes\data\sim\sequences\seq_000012.npz"
15,sequence|sim_sequences_path|npz,D:\47\472\New-Papers\GIS\Codes\data\sim\metadata.csv,data\sim\metadata.csv,"seq_000013,519189160,0.8000837564468384,0.33644941449165344,0.016361109912395477,D:\47\472\New-Papers\Frontiers\Codes\data\sim\sequences\seq_000013.npz"
16,sequence|sim_sequences_path|npz,D:\47\472\New-Papers\GIS\Codes\data\sim\metadata.csv,data\sim\metadata.csv,"seq_000014,1688041804,1.2745150327682495,0.07259516417980194,0.024138567969202995,D:\47\472\New-Papers\Frontiers\Codes\data\sim\sequences\seq_000014.npz"
17,sequence|sim_sequences_path|npz,D:\47\472\New-Papers\GIS\Codes\data\sim\metadata.csv,data\sim\metadata.csv,"seq_000015,684046402,0.9782142043113708,0.3380890488624573,0.0013669567415490746,D:\47\472\New-Papers\Frontiers\Codes\data\sim\sequences\seq_000015.npz"
18,sequence|sim_sequences_path|npz,D:\47\472\New-Papers\GIS\Codes\data\sim\metadata.csv,data\sim\metadata.csv,"seq_000016,1704011245,1.2743513584136963,0.20533180236816406,0.0636662170290947,D:\47\472\New-Papers\Frontiers\Codes\data\sim\sequences\seq_000016.npz"
19,sequence|sim_sequences_path|npz,D:\47\472\New-Papers\GIS\Codes\data\sim\metadata.csv,data\sim\metadata.csv,"seq_000017,2070344413,0.952673077583313,0.3334907293319702,0.00044383248314261436,D:\47\472\New-Papers\Frontiers\Codes\data\sim\sequences\seq_000017.npz"
20,sequence|sim_sequences_path|npz,D:\47\472\New-Papers\GIS\Codes\data\sim\metadata.csv,data\sim\metadata.csv,"seq_000018,2057996156,1.0171613693237305,0.14342494308948517,0.09501679986715317,D:\47\472\New-Papers\Frontiers\Codes\data\sim\sequences\seq_000018.npz"
21,sequence|sim_sequences_path|npz,D:\47\472\New-Papers\GIS\Codes\data\sim\metadata.csv,data\sim\metadata.csv,"seq_000019,566183642,1.1833505630493164,0.2234497368335724,0.07785829901695251,D:\47\472\New-Papers\Frontiers\Codes\data\sim\sequences\seq_000019.npz"
22,sequence|sim_sequences_path|npz,D:\47\472\New-Papers\GIS\Codes\data\sim\metadata.csv,data\sim\metadata.csv,"seq_000020,1193176983,0.8545838594436646,0.2747625410556793,0.00874356273561716,D:\47\472\New-Papers\Frontiers\Codes\data\sim\sequences\seq_000020.npz"
23,sequence|sim_sequences_path|npz,D:\47\472\New-Papers\GIS\Codes\data\sim\metadata.csv,data\sim\metadata.csv,"seq_000021,947053435,0.9981678128242493,0.3399973511695862,0.06874999403953552,D:\47\472\New-Papers\Frontiers\Codes\data\sim\sequences\seq_000021.npz"
24,sequence|sim_sequences_path|npz,D:\47\472\New-Papers\GIS\Codes\data\sim\metadata.csv,data\sim\metadata.csv,"seq_000022,547003392,0.9839304089546204,0.12423645704984665,0.018620919436216354,D:\47\472\New-Papers\Frontiers\Codes\data\sim\sequences\seq_000022.npz"
25,sequence|sim_sequences_path|npz,D:\47\472\New-Papers\GIS\Codes\data\sim\metadata.csv,data\sim\metadata.csv,"seq_000023,1309687589,1.1276668310165405,0.3381047248840332,0.028950728476047516,D:\47\472\New-Papers\Frontiers\Codes\data\sim\sequences\seq_000023.npz"
26,sequence|sim_sequences_path|npz,D:\47\472\New-Papers\GIS\Codes\data\sim\metadata.csv,data\sim\metadata.csv,"seq_000024,1926505261,1.0211809873580933,0.03066687472164631,0.0028547802940011024,D:\47\472\New-Papers\Frontiers\Codes\data\sim\sequences\seq_000024.npz"
27,sequence|sim_sequences_path|npz,D:\47\472\New-Papers\GIS\Codes\data\sim\metadata.csv,data\sim\metadata.csv,"seq_000025,1854612611,1.2125110626220703,0.12636972963809967,0.03359905630350113,D:\47\472\New-Papers\Frontiers\Codes\data\sim\sequences\seq_000025.npz"
28,sequence|sim_sequences_path|npz,D:\47\472\New-Papers\GIS\Codes\data\sim\metadata.csv,data\sim\metadata.csv,"seq_000026,1387222073,0.9032015204429626,0.19748727977275848,0.017408443614840508,D:\47\472\New-Papers\Frontiers\Codes\data\sim\sequences\seq_000026.npz"
29,sequence|sim_sequences_path|npz,D:\47\472\New-Papers\GIS\Codes\data\sim\metadata.csv,data\sim\metadata.csv,"seq_000027,1854905472,0.9029915928840637,0.2214425951242447,6.46870830678381e-05,D:\47\472\New-Papers\Frontiers\Codes\data\sim\sequences\seq_000027.npz"
30,sequence|sim_sequences_path|npz,D:\47\472\New-Papers\GIS\Codes\data\sim\metadata.csv,data\sim\metadata.csv,"seq_000028,1113402597,1.1799403429031372,0.25063174962997437,0.044129833579063416,D:\47\472\New-Papers\Frontiers\Codes\data\sim\sequences\seq_000028.npz"
31,sequence|sim_sequences_path|npz,D:\47\472\New-Papers\GIS\Codes\data\sim\metadata.csv,data\sim\metadata.csv,"seq_000029,1449296583,0.8863927125930786,0.12146373093128204,0.09363031387329102,D:\47\472\New-Papers\Frontiers\Codes\data\sim\sequences\seq_000029.npz"
32,sequence|sim_sequences_path|npz,D:\47\472\New-Papers\GIS\Codes\data\sim\metadata.csv,data\sim\metadata.csv,"seq_000030,2051021141,1.198885440826416,0.11613795906305313,0.08841346204280853,D:\47\472\New-Papers\Frontiers\Codes\data\sim\sequences\seq_000030.npz"
33,sequence|sim_sequences_path|npz,D:\47\472\New-Papers\GIS\Codes\data\sim\metadata.csv,data\sim\metadata.csv,"seq_000031,1417069370,1.3466047048568726,0.13469785451889038,0.05214914306998253,D:\47\472\New-Papers\Frontiers\Codes\data\sim\sequences\seq_000031.npz"
34,sequence|sim_sequences_path|npz,D:\47\472\New-Papers\GIS\Codes\data\sim\metadata.csv,data\sim\metadata.csv,"seq_000032,101487543,1.0057450532913208,0.024725554510951042,0.09955833852291107,D:\47\472\New-Papers\Frontiers\Codes\data\sim\sequences\seq_000032.npz"
35,sequence|sim_sequences_path|npz,D:\47\472\New-Papers\GIS\Codes\data\sim\metadata.csv,data\sim\metadata.csv,"seq_000033,1580027625,0.8297961950302124,0.13042692840099335,0.024628911167383194,D:\47\472\New-Papers\Frontiers\Codes\data\sim\sequences\seq_000033.npz"
36,sequence|sim_sequences_path|npz,D:\47\472\New-Papers\GIS\Codes\data\sim\metadata.csv,data\sim\metadata.csv,"seq_000034,1586287864,1.0090335607528687,0.23705975711345673,0.06429662555456161,D:\47\472\New-Papers\Frontiers\Codes\data\sim\sequences\seq_000034.npz"
37,sequence|sim_sequences_path|npz,D:\47\472\New-Papers\GIS\Codes\data\sim\metadata.csv,data\sim\metadata.csv,"seq_000035,478359837,1.2314883470535278,0.02468300051987171,0.02698465622961521,D:\47\472\New-Papers\Frontiers\Codes\data\sim\sequences\seq_000035.npz"
38,sequence|sim_sequences_path|npz,D:\47\472\New-Papers\GIS\Codes\data\sim\metadata.csv,data\sim\metadata.csv,"seq_000036,1862054947,1.379553198814392,0.11901693046092987,0.011043725535273552,D:\47\472\New-Papers\Frontiers\Codes\data\sim\sequences\seq_000036.npz"
39,sequence|sim_sequences_path|npz,D:\47\472\New-Papers\GIS\Codes\data\sim\metadata.csv,data\sim\metadata.csv,"seq_000037,369509317,1.1832146644592285,0.22496463358402252,0.09942640364170074,D:\47\472\New-Papers\Frontiers\Codes\data\sim\sequences\seq_000037.npz"
40,sequence|sim_sequences_path|npz,D:\47\472\New-Papers\GIS\Codes\data\sim\metadata.csv,data\sim\metadata.csv,"seq_000038,1693758289,1.3225829601287842,0.28108784556388855,0.08055076003074646,D:\47\472\New-Papers\Frontiers\Codes\data\sim\sequences\seq_000038.npz"
41,sequence|sim_sequences_path|npz,D:\47\472\New-Papers\GIS\Codes\data\sim\metadata.csv,data\sim\metadata.csv,"seq_000039,1869201919,1.181283950805664,0.08432011306285858,0.0949791967868805,D:\47\472\New-Papers\Frontiers\Codes\data\sim\sequences\seq_000039.npz"
42,sequence|sim_sequences_path|npz,D:\47\472\New-Papers\GIS\Codes\data\sim\metadata.csv,data\sim\metadata.csv,"seq_000040,1036897054,0.9223626852035522,0.007307552732527256,0.09876511991024017,D:\47\472\New-Papers\Frontiers\Codes\data\sim\sequences\seq_000040.npz"
43,sequence|sim_sequences_path|npz,D:\47\472\New-Papers\GIS\Codes\data\sim\metadata.csv,data\sim\metadata.csv,"seq_000041,129146783,1.2921186685562134,0.3049294054508209,0.08477911353111267,D:\47\472\New-Papers\Frontiers\Codes\data\sim\sequences\seq_000041.npz"
44,sequence|sim_sequences_path|npz,D:\47\472\New-Papers\GIS\Codes\data\sim\metadata.csv,data\sim\metadata.csv,"seq_000042,348608485,1.1215208768844604,0.08745662868022919,0.07539312541484833,D:\47\472\New-Papers\Frontiers\Codes\data\sim\sequences\seq_000042.npz"
45,sequence|sim_sequences_path|npz,D:\47\472\New-Papers\GIS\Codes\data\sim\metadata.csv,data\sim\metadata.csv,"seq_000043,1468210751,0.9422464370727539,0.06301657855510712,0.07553621381521225,D:\47\472\New-Papers\Frontiers\Codes\data\sim\sequences\seq_000043.npz"
46,sequence|sim_sequences_path|npz,D:\47\472\New-Papers\GIS\Codes\data\sim\metadata.csv,data\sim\metadata.csv,"seq_000044,89257227,0.905543863773346,0.30773597955703735,0.08631013333797455,D:\47\472\New-Papers\Frontiers\Codes\data\sim\sequences\seq_000044.npz"
47,sequence|sim_sequences_path|npz,D:\47\472\New-Papers\GIS\Codes\data\sim\metadata.csv,data\sim\metadata.csv,"seq_000045,1441472669,0.8227388262748718,0.21652626991271973,0.0929311215877533,D:\47\472\New-Papers\Frontiers\Codes\data\sim\sequences\seq_000045.npz"
48,sequence|sim_sequences_path|npz,D:\47\472\New-Papers\GIS\Codes\data\sim\metadata.csv,data\sim\metadata.csv,"seq_000046,300078609,1.2737258672714233,0.09318122267723083,0.02184893935918808,D:\47\472\New-Papers\Frontiers\Codes\data\sim\sequences\seq_000046.npz"
49,sequence|sim_sequences_path|npz,D:\47\472\New-Papers\GIS\Codes\data\sim\metadata.csv,data\sim\metadata.csv,"seq_000047,1312151122,0.9857739210128784,0.2566070258617401,0.015925053507089615,D:\47\472\New-Papers\Frontiers\Codes\data\sim\sequences\seq_000047.npz"
50,sequence|sim_sequences_path|npz,D:\47\472\New-Papers\GIS\Codes\data\sim\metadata.csv,data\sim\metadata.csv,"seq_000048,1178406769,1.2271428108215332,0.09571055322885513,0.0008541529532521963,D:\47\472\New-Papers\Frontiers\Codes\data\sim\sequences\seq_000048.npz"
51,sequence|sim_sequences_path|npz,D:\47\472\New-Papers\GIS\Codes\data\sim\metadata.csv,data\sim\metadata.csv,"seq_000049,129143895,1.0514092445373535,0.06197492778301239,0.08367618173360825,D:\47\472\New-Papers\Frontiers\Codes\data\sim\sequences\seq_000049.npz"
52,sequence|sim_sequences_path|npz,D:\47\472\New-Papers\GIS\Codes\data\sim\metadata.csv,data\sim\metadata.csv,"seq_000050,383297718,1.3041146993637085,0.09026282280683517,0.022611306980252266,D:\47\472\New-Papers\Frontiers\Codes\data\sim\sequences\seq_000050.npz"
53,sequence|sim_sequences_path|npz,D:\47\472\New-Papers\GIS\Codes\data\sim\metadata.csv,data\sim\metadata.csv,"seq_000051,2099743525,1.1820377111434937,0.015957996249198914,0.0700492337346077,D:\47\472\New-Papers\Frontiers\Codes\data\sim\sequences\seq_000051.npz"
54,sequence|sim_sequences_path|npz,D:\47\472\New-Papers\GIS\Codes\data\sim\metadata.csv,data\sim\metadata.csv,"seq_000052,866354994,1.222565770149231,0.26879408955574036,0.003778190119192004,D:\47\472\New-Papers\Frontiers\Codes\data\sim\sequences\seq_000052.npz"
55,sequence|sim_sequences_path|npz,D:\47\472\New-Papers\GIS\Codes\data\sim\metadata.csv,data\sim\metadata.csv,"seq_000053,942641440,1.0543670654296875,0.14768126606941223,0.01562575064599514,D:\47\472\New-Papers\Frontiers\Codes\data\sim\sequences\seq_000053.npz"
56,sequence|sim_sequences_path|npz,D:\47\472\New-Papers\GIS\Codes\data\sim\metadata.csv,data\sim\metadata.csv,"seq_000054,973428785,1.2087301015853882,0.14524532854557037,0.020987410098314285,D:\47\472\New-Papers\Frontiers\Codes\data\sim\sequences\seq_000054.npz"
57,sequence|sim_sequences_path|npz,D:\47\472\New-Papers\GIS\Codes\data\sim\metadata.csv,data\sim\metadata.csv,"seq_000055,1143739098,1.0812569856643677,0.0015239845961332321,0.03309670835733414,D:\47\472\New-Papers\Frontiers\Codes\data\sim\sequences\seq_000055.npz"
58,sequence|sim_sequences_path|npz,D:\47\472\New-Papers\GIS\Codes\data\sim\metadata.csv,data\sim\metadata.csv,"seq_000056,414567853,1.165247917175293,0.20839790999889374,0.08171271532773972,D:\47\472\New-Papers\Frontiers\Codes\data\sim\sequences\seq_000056.npz"
59,sequence|sim_sequences_path|npz,D:\47\472\New-Papers\GIS\Codes\data\sim\metadata.csv,data\sim\metadata.csv,"seq_000057,6726535,0.9354630708694458,0.292459636926651,0.021144365891814232,D:\47\472\New-Papers\Frontiers\Codes\data\sim\sequences\seq_000057.npz"
60,sequence|sim_sequences_path|npz,D:\47\472\New-Papers\GIS\Codes\data\sim\metadata.csv,data\sim\metadata.csv,"seq_000058,1386703661,1.341176152229309,0.10476424545049667,0.08588506281375885,D:\47\472\New-Papers\Frontiers\Codes\data\sim\sequences\seq_000058.npz"
61,sequence|sim_sequences_path|npz,D:\47\472\New-Papers\GIS\Codes\data\sim\metadata.csv,data\sim\metadata.csv,"seq_000059,539591999,1.12308931350708,0.11349035054445267,0.09874916076660156,D:\47\472\New-Papers\Frontiers\Codes\data\sim\sequences\seq_000059.npz"
62,sequence|sim_sequences_path|npz,D:\47\472\New-Papers\GIS\Codes\data\sim\metadata.csv,data\sim\metadata.csv,"seq_000060,1412280717,0.937975287437439,0.21251770853996277,0.03314865007996559,D:\47\472\New-Papers\Frontiers\Codes\data\sim\sequences\seq_000060.npz"
63,sequence|sim_sequences_path|npz,D:\47\472\New-Papers\GIS\Codes\data\sim\metadata.csv,data\sim\metadata.csv,"seq_000061,1843594175,0.8832371830940247,0.148421511054039,0.046084560453891754,D:\47\472\New-Papers\Frontiers\Codes\data\sim\sequences\seq_000061.npz"
64,sequence|sim_sequences_path|npz,D:\47\472\New-Papers\GIS\Codes\data\sim\metadata.csv,data\sim\metadata.csv,"seq_000062,925365952,1.2893790006637573,0.28111809492111206,0.06662002205848694,D:\47\472\New-Papers\Frontiers\Codes\data\sim\sequences\seq_000062.npz"
65,sequence|sim_sequences_path|npz,D:\47\472\New-Papers\GIS\Codes\data\sim\metadata.csv,data\sim\metadata.csv,"seq_000063,913321254,1.1486479043960571,0.17262667417526245,0.036728352308273315,D:\47\472\New-Papers\Frontiers\Codes\data\sim\sequences\seq_000063.npz"
66,sequence|sim_sequences_path|npz,D:\47\472\New-Papers\GIS\Codes\data\sim\metadata.csv,data\sim\metadata.csv,"seq_000064,377934397,0.9068941473960876,0.2927379906177521,0.03567381948232651,D:\47\472\New-Papers\Frontiers\Codes\data\sim\sequences\seq_000064.npz"
67,sequence|sim_sequences_path|npz,D:\47\472\New-Papers\GIS\Codes\data\sim\metadata.csv,data\sim\metadata.csv,"seq_000065,1580159256,0.9103425741195679,0.08308396488428116,0.06088486686348915,D:\47\472\New-Papers\Frontiers\Codes\data\sim\sequences\seq_000065.npz"
68,sequence|sim_sequences_path|npz,D:\47\472\New-Papers\GIS\Codes\data\sim\metadata.csv,data\sim\metadata.csv,"seq_000066,1500877065,0.9075226187705994,0.17861472070217133,0.09457290917634964,D:\47\472\New-Papers\Frontiers\Codes\data\sim\sequences\seq_000066.npz"
69,sequence|sim_sequences_path|npz,D:\47\472\New-Papers\GIS\Codes\data\sim\metadata.csv,data\sim\metadata.csv,"seq_000067,1980072729,0.8263316750526428,0.07718540728092194,0.020016686990857124,D:\47\472\New-Papers\Frontiers\Codes\data\sim\sequences\seq_000067.npz"
70,sequence|sim_sequences_path|npz,D:\47\472\New-Papers\GIS\Codes\data\sim\metadata.csv,data\sim\metadata.csv,"seq_000068,1666370531,1.357067584991455,0.1328849196434021,0.05142609775066376,D:\47\472\New-Papers\Frontiers\Codes\data\sim\sequences\seq_000068.npz"
71,sequence|sim_sequences_path|npz,D:\47\472\New-Papers\GIS\Codes\data\sim\metadata.csv,data\sim\metadata.csv,"seq_000069,329583272,0.9740155339241028,0.33530399203300476,0.015004942193627357,D:\47\472\New-Papers\Frontiers\Codes\data\sim\sequences\seq_000069.npz"
72,sequence|sim_sequences_path|npz,D:\47\472\New-Papers\GIS\Codes\data\sim\metadata.csv,data\sim\metadata.csv,"seq_000070,1725467126,1.1722438335418701,0.05948270112276077,0.05513106659054756,D:\47\472\New-Papers\Frontiers\Codes\data\sim\sequences\seq_000070.npz"
73,sequence|sim_sequences_path|npz,D:\47\472\New-Papers\GIS\Codes\data\sim\metadata.csv,data\sim\metadata.csv,"seq_000071,2130860468,0.9199134111404419,0.02225080318748951,0.09989570081233978,D:\47\472\New-Papers\Frontiers\Codes\data\sim\sequences\seq_000071.npz"
74,sequence|sim_sequences_path|npz,D:\47\472\New-Papers\GIS\Codes\data\sim\metadata.csv,data\sim\metadata.csv,"seq_000072,768001753,1.1768096685409546,0.30616506934165955,0.07996317744255066,D:\47\472\New-Papers\Frontiers\Codes\data\sim\sequences\seq_000072.npz"
75,sequence|sim_sequences_path|npz,D:\47\472\New-Papers\GIS\Codes\data\sim\metadata.csv,data\sim\metadata.csv,"seq_000073,391554521,1.3742263317108154,0.2798694968223572,0.09559042751789093,D:\47\472\New-Papers\Frontiers\Codes\data\sim\sequences\seq_000073.npz"
76,sequence|sim_sequences_path|npz,D:\47\472\New-Papers\GIS\Codes\data\sim\metadata.csv,data\sim\metadata.csv,"seq_000074,1829539479,1.0012387037277222,0.06776662915945053,0.07809770107269287,D:\47\472\New-Papers\Frontiers\Codes\data\sim\sequences\seq_000074.npz"
77,sequence|sim_sequences_path|npz,D:\47\472\New-Papers\GIS\Codes\data\sim\metadata.csv,data\sim\metadata.csv,"seq_000075,2018877083,1.3187068700790405,0.14338146150112152,0.016958247870206833,D:\47\472\New-Papers\Frontiers\Codes\data\sim\sequences\seq_000075.npz"
78,sequence|sim_sequences_path|npz,D:\47\472\New-Papers\GIS\Codes\data\sim\metadata.csv,data\sim\metadata.csv,"seq_000076,2093573588,1.2679640054702759,0.022181646898388863,0.06375584006309509,D:\47\472\New-Papers\Frontiers\Codes\data\sim\sequences\seq_000076.npz"
79,sequence|sim_sequences_path|npz,D:\47\472\New-Papers\GIS\Codes\data\sim\metadata.csv,data\sim\metadata.csv,"seq_000077,186579939,0.8653308153152466,0.04197751358151436,0.08505874127149582,D:\47\472\New-Papers\Frontiers\Codes\data\sim\sequences\seq_000077.npz"
80,sequence|sim_sequences_path|npz,D:\47\472\New-Papers\GIS\Codes\data\sim\metadata.csv,data\sim\metadata.csv,"seq_000078,1887561680,1.2960169315338135,0.29971471428871155,0.036030739545822144,D:\47\472\New-Papers\Frontiers\Codes\data\sim\sequences\seq_000078.npz"
81,sequence|sim_sequences_path|npz,D:\47\472\New-Papers\GIS\Codes\data\sim\metadata.csv,data\sim\metadata.csv,"seq_000079,1005474853,1.1923969984054565,0.30891141295433044,0.04064185917377472,D:\47\472\New-Papers\Frontiers\Codes\data\sim\sequences\seq_000079.npz"
82,sequence|sim_sequences_path|npz,D:\47\472\New-Papers\GIS\Codes\data\sim\metadata.csv,data\sim\metadata.csv,"seq_000080,927209518,0.8376967906951904,0.3351176381111145,0.09852344542741776,D:\47\472\New-Papers\Frontiers\Codes\data\sim\sequences\seq_000080.npz"
83,sequence|sim_sequences_path|npz,D:\47\472\New-Papers\GIS\Codes\data\sim\metadata.csv,data\sim\metadata.csv,"seq_000081,1780240750,0.9883927702903748,0.13423548638820648,0.034190304577350616,D:\47\472\New-Papers\Frontiers\Codes\data\sim\sequences\seq_000081.npz"
84,sequence|sim_sequences_path|npz,D:\47\472\New-Papers\GIS\Codes\data\sim\metadata.csv,data\sim\metadata.csv,"seq_000082,1943969432,0.951781690120697,0.25337475538253784,0.0026341998018324375,D:\47\472\New-Papers\Frontiers\Codes\data\sim\sequences\seq_000082.npz"
85,sequence|sim_sequences_path|npz,D:\47\472\New-Papers\GIS\Codes\data\sim\metadata.csv,data\sim\metadata.csv,"seq_000083,603555138,1.185312271118164,0.21131061017513275,0.07192295789718628,D:\47\472\New-Papers\Frontiers\Codes\data\sim\sequences\seq_000083.npz"
86,sequence|sim_sequences_path|npz,D:\47\472\New-Papers\GIS\Codes\data\sim\metadata.csv,data\sim\metadata.csv,"seq_000084,1632314064,1.3159613609313965,0.31515011191368103,0.008444180712103844,D:\47\472\New-Papers\Frontiers\Codes\data\sim\sequences\seq_000084.npz"
87,sequence|sim_sequences_path|npz,D:\47\472\New-Papers\GIS\Codes\data\sim\metadata.csv,data\sim\metadata.csv,"seq_000085,1866359807,0.8307343125343323,0.22183889150619507,0.036127567291259766,D:\47\472\New-Papers\Frontiers\Codes\data\sim\sequences\seq_000085.npz"
88,sequence|sim_sequences_path|npz,D:\47\472\New-Papers\GIS\Codes\data\sim\metadata.csv,data\sim\metadata.csv,"seq_000086,1858296263,0.935068666934967,0.11890207976102829,0.06858756393194199,D:\47\472\New-Papers\Frontiers\Codes\data\sim\sequences\seq_000086.npz"
89,sequence|sim_sequences_path|npz,D:\47\472\New-Papers\GIS\Codes\data\sim\metadata.csv,data\sim\metadata.csv,"seq_000087,2096838625,1.3008760213851929,0.3347622752189636,0.05038600414991379,D:\47\472\New-Papers\Frontiers\Codes\data\sim\sequences\seq_000087.npz"
90,sequence|sim_sequences_path|npz,D:\47\472\New-Papers\GIS\Codes\data\sim\metadata.csv,data\sim\metadata.csv,"seq_000088,707707778,1.2096662521362305,0.11119366437196732,0.032978471368551254,D:\47\472\New-Papers\Frontiers\Codes\data\sim\sequences\seq_000088.npz"
91,sequence|sim_sequences_path|npz,D:\47\472\New-Papers\GIS\Codes\data\sim\metadata.csv,data\sim\metadata.csv,"seq_000089,1807566314,1.3047542572021484,0.29277563095092773,0.058415014296770096,D:\47\472\New-Papers\Frontiers\Codes\data\sim\sequences\seq_000089.npz"
92,sequence|sim_sequences_path|npz,D:\47\472\New-Papers\GIS\Codes\data\sim\metadata.csv,data\sim\metadata.csv,"seq_000090,913214295,1.086050033569336,0.33827701210975647,0.027305858209729195,D:\47\472\New-Papers\Frontiers\Codes\data\sim\sequences\seq_000090.npz"
93,sequence|sim_sequences_path|npz,D:\47\472\New-Papers\GIS\Codes\data\sim\metadata.csv,data\sim\metadata.csv,"seq_000091,963948716,1.3335115909576416,0.2543812394142151,0.017984949052333832,D:\47\472\New-Papers\Frontiers\Codes\data\sim\sequences\seq_000091.npz"
94,sequence|sim_sequences_path|npz,D:\47\472\New-Papers\GIS\Codes\data\sim\metadata.csv,data\sim\metadata.csv,"seq_000092,1626547649,1.1633931398391724,0.33210816979408264,0.08927403390407562,D:\47\472\New-Papers\Frontiers\Codes\data\sim\sequences\seq_000092.npz"
95,sequence|sim_sequences_path|npz,D:\47\472\New-Papers\GIS\Codes\data\sim\metadata.csv,data\sim\metadata.csv,"seq_000093,795660793,1.3074029684066772,0.014330682344734669,0.0375482514500618,D:\47\472\New-Papers\Frontiers\Codes\data\sim\sequences\seq_000093.npz"
96,sequence|sim_sequences_path|npz,D:\47\472\New-Papers\GIS\Codes\data\sim\metadata.csv,data\sim\metadata.csv,"seq_000094,1617523540,1.263079285621643,0.24207890033721924,0.029386304318904877,D:\47\472\New-Papers\Frontiers\Codes\data\sim\sequences\seq_000094.npz"
97,sequence|sim_sequences_path|npz,D:\47\472\New-Papers\GIS\Codes\data\sim\metadata.csv,data\sim\metadata.csv,"seq_000095,1036524722,1.375153660774231,0.33978843688964844,0.08821335434913635,D:\47\472\New-Papers\Frontiers\Codes\data\sim\sequences\seq_000095.npz"
98,sequence|sim_sequences_path|npz,D:\47\472\New-Papers\GIS\Codes\data\sim\metadata.csv,data\sim\metadata.csv,"seq_000096,17296264,1.0207509994506836,0.32340899109840393,0.06320265680551529,D:\47\472\New-Papers\Frontiers\Codes\data\sim\sequences\seq_000096.npz"
99,sequence|sim_sequences_path|npz,D:\47\472\New-Papers\GIS\Codes\data\sim\metadata.csv,data\sim\metadata.csv,"seq_000097,197958364,0.8806352615356445,0.1478816121816635,0.09227919578552246,D:\47\472\New-Papers\Frontiers\Codes\data\sim\sequences\seq_000097.npz"
100,sequence|sim_sequences_path|npz,D:\47\472\New-Papers\GIS\Codes\data\sim\metadata.csv,data\sim\metadata.csv,"seq_000098,1640198371,0.8123493790626526,0.21721696853637695,0.016256799921393394,D:\47\472\New-Papers\Frontiers\Codes\data\sim\sequences\seq_000098.npz"
101,sequence|sim_sequences_path|npz,D:\47\472\New-Papers\GIS\Codes\data\sim\metadata.csv,data\sim\metadata.csv,"seq_000099,486798260,1.1476658582687378,0.3461039662361145,0.0425972044467926,D:\47\472\New-Papers\Frontiers\Codes\data\sim\sequences\seq_000099.npz"
27,sequence,D:\47\472\New-Papers\GIS\Codes\New_Branch\experiments\01_core_validation\00_audit_dataset_locations.py,New_Branch\experiments\01_core_validation\00_audit_dataset_locations.py,"/ ""sequences"""
74,10000,D:\47\472\New-Papers\GIS\Codes\New_Branch\experiments\01_core_validation\00_audit_dataset_locations.py,New_Branch\experiments\01_core_validation\00_audit_dataset_locations.py,"""10000"": re.compile(r""\b10000\b"", re.IGNORECASE),"
75,"10,000",D:\47\472\New-Papers\GIS\Codes\New_Branch\experiments\01_core_validation\00_audit_dataset_locations.py,New_Branch\experiments\01_core_validation\00_audit_dataset_locations.py,"""10,000"": re.compile(r""\b10,000\b"", re.IGNORECASE),"
76,sequence,D:\47\472\New-Papers\GIS\Codes\New_Branch\experiments\01_core_validation\00_audit_dataset_locations.py,New_Branch\experiments\01_core_validation\00_audit_dataset_locations.py,"""sequence"": re.compile(r""\bsequences?\b"", re.IGNORECASE),"
77,pdebench,D:\47\472\New-Papers\GIS\Codes\New_Branch\experiments\01_core_validation\00_audit_dataset_locations.py,New_Branch\experiments\01_core_validation\00_audit_dataset_locations.py,"""pdebench"": re.compile(r""\bpdebench\b"", re.IGNORECASE),"
79,sequence,D:\47\472\New-Papers\GIS\Codes\New_Branch\experiments\01_core_validation\00_audit_dataset_locations.py,New_Branch\experiments\01_core_validation\00_audit_dataset_locations.py,"r""data[\\/]+sim[\\/]+sequences"","
82,npz,D:\47\472\New-Papers\GIS\Codes\New_Branch\experiments\01_core_validation\00_audit_dataset_locations.py,New_Branch\experiments\01_core_validation\00_audit_dataset_locations.py,"""npz"": re.compile(r""\.npz\b"", re.IGNORECASE),"
257,npz,D:\47\472\New-Papers\GIS\Codes\New_Branch\experiments\01_core_validation\00_audit_dataset_locations.py,New_Branch\experiments\01_core_validation\00_audit_dataset_locations.py,"if row[""extension""] == "".npz"""
261,npz,D:\47\472\New-Papers\GIS\Codes\New_Branch\experiments\01_core_validation\00_audit_dataset_locations.py,New_Branch\experiments\01_core_validation\00_audit_dataset_locations.py,"f""Total .npz files under project: """
320,npz,D:\47\472\New-Papers\GIS\Codes\New_Branch\experiments\01_core_validation\00_audit_dataset_locations.py,New_Branch\experiments\01_core_validation\00_audit_dataset_locations.py,"""*.npz"""
335,npz,D:\47\472\New-Papers\GIS\Codes\New_Branch\experiments\01_core_validation\00_audit_dataset_locations.py,New_Branch\experiments\01_core_validation\00_audit_dataset_locations.py,"""Direct .npz count:"","
367,npz,D:\47\472\New-Papers\GIS\Codes\New_Branch\experiments\01_core_validation\00_audit_dataset_locations.py,New_Branch\experiments\01_core_validation\00_audit_dataset_locations.py,"folder.glob(""*.npz"")"
487,npz,D:\47\472\New-Papers\GIS\Codes\New_Branch\experiments\01_core_validation\00_audit_dataset_locations.py,New_Branch\experiments\01_core_validation\00_audit_dataset_locations.py,""".npz"""
599,sequence,D:\47\472\New-Papers\GIS\Codes\New_Branch\experiments\01_core_validation\00_audit_dataset_locations.py,New_Branch\experiments\01_core_validation\00_audit_dataset_locations.py,"""sequence"","
600,sequence,D:\47\472\New-Papers\GIS\Codes\New_Branch\experiments\01_core_validation\00_audit_dataset_locations.py,New_Branch\experiments\01_core_validation\00_audit_dataset_locations.py,"""sequences"","
604,pdebench,D:\47\472\New-Papers\GIS\Codes\New_Branch\experiments\01_core_validation\00_audit_dataset_locations.py,New_Branch\experiments\01_core_validation\00_audit_dataset_locations.py,"""pdebench"","
646,npz,D:\47\472\New-Papers\GIS\Codes\New_Branch\experiments\01_core_validation\00_audit_dataset_locations.py,New_Branch\experiments\01_core_validation\00_audit_dataset_locations.py,"== "".npz"""
810,sequence|sim_sequences_path,D:\47\472\New-Papers\GIS\Codes\New_Branch\experiments\01_core_validation\00_audit_dataset_locations.py,New_Branch\experiments\01_core_validation\00_audit_dataset_locations.py,"""Does data\\sim\\sequences contain only 100 sequences?"","
821,10000,D:\47\472\New-Papers\GIS\Codes\New_Branch\experiments\01_core_validation\00_audit_dataset_locations.py,New_Branch\experiments\01_core_validation\00_audit_dataset_locations.py,elif expected_count == 10000:
825,"10,000|sequence|sim_sequences_path",D:\47\472\New-Papers\GIS\Codes\New_Branch\experiments\01_core_validation\00_audit_dataset_locations.py,New_Branch\experiments\01_core_validation\00_audit_dataset_locations.py,"""Does data\\sim\\sequences contain the full 10,000 sequences?"","
840,sequence|sim_sequences_path,D:\47\472\New-Papers\GIS\Codes\New_Branch\experiments\01_core_validation\00_audit_dataset_locations.py,New_Branch\experiments\01_core_validation\00_audit_dataset_locations.py,"""How many sequences are in data\\sim\\sequences?"","
870,10000,D:\47\472\New-Papers\GIS\Codes\New_Branch\experiments\01_core_validation\00_audit_dataset_locations.py,New_Branch\experiments\01_core_validation\00_audit_dataset_locations.py,"if row[""npz_count""] == 10000"
877,"10,000|sequence",D:\47\472\New-Papers\GIS\Codes\New_Branch\experiments\01_core_validation\00_audit_dataset_locations.py,New_Branch\experiments\01_core_validation\00_audit_dataset_locations.py,"""Do 10,000 NPZ sequences exist elsewhere?"","
912,"10,000|sequence",D:\47\472\New-Papers\GIS\Codes\New_Branch\experiments\01_core_validation\00_audit_dataset_locations.py,New_Branch\experiments\01_core_validation\00_audit_dataset_locations.py,"""Do 10,000 NPZ sequences exist elsewhere under Codes?"","
917,"10,000",D:\47\472\New-Papers\GIS\Codes\New_Branch\experiments\01_core_validation\00_audit_dataset_locations.py,New_Branch\experiments\01_core_validation\00_audit_dataset_locations.py,"""No directory containing 10,000 NPZ files """
983,10000,D:\47\472\New-Papers\GIS\Codes\New_Branch\experiments\01_core_validation\00_audit_dataset_locations.py,New_Branch\experiments\01_core_validation\00_audit_dataset_locations.py,"""10000"""
987,"10,000",D:\47\472\New-Papers\GIS\Codes\New_Branch\experiments\01_core_validation\00_audit_dataset_locations.py,New_Branch\experiments\01_core_validation\00_audit_dataset_locations.py,"or ""10,000"""
997,"10,000",D:\47\472\New-Papers\GIS\Codes\New_Branch\experiments\01_core_validation\00_audit_dataset_locations.py,New_Branch\experiments\01_core_validation\00_audit_dataset_locations.py,"""How many source/code/document references mention 10,000?"","
1038,sequence,D:\47\472\New-Papers\GIS\Codes\New_Branch\experiments\01_core_validation\00_audit_dataset_locations.py,New_Branch\experiments\01_core_validation\00_audit_dataset_locations.py,"""Expected training sequence directory:"""
26,sequence,D:\47\472\New-Papers\GIS\Codes\New_Branch\experiments\01_core_validation\train_sacu_v2.py,New_Branch\experiments\01_core_validation\train_sacu_v2.py,"SEQ_DIR = DATA_ROOT / ""sim"" / ""sequences"""
170,npz,D:\47\472\New-Papers\GIS\Codes\New_Branch\experiments\01_core_validation\train_sacu_v2.py,New_Branch\experiments\01_core_validation\train_sacu_v2.py,"for p in SEQ_DIR.glob(""*.npz"")"
175,sequence|npz,D:\47\472\New-Papers\GIS\Codes\New_Branch\experiments\01_core_validation\train_sacu_v2.py,New_Branch\experiments\01_core_validation\train_sacu_v2.py,"f""No .npz sequence files found in:\n{SEQ_DIR}"""
833,sequence,D:\47\472\New-Papers\GIS\Codes\New_Branch\experiments\01_core_validation\train_sacu_v2.py,New_Branch\experiments\01_core_validation\train_sacu_v2.py,"f""Total sequences : {len(files)}"""
837,sequence,D:\47\472\New-Papers\GIS\Codes\New_Branch\experiments\01_core_validation\train_sacu_v2.py,New_Branch\experiments\01_core_validation\train_sacu_v2.py,"f""Train sequences : {len(train_files)}"""
1,sequence|sim_sequences_path|npz,D:\47\472\New-Papers\GIS\Codes\New_Branch\outputs\core_validation\sacu_v2_20260821-181537\splits\test_files.txt,New_Branch\outputs\core_validation\sacu_v2_20260821-181537\splits\test_files.txt,D:\47\472\New-Papers\GIS\Codes\data\sim\sequences\seq_000085.npz
2,sequence|sim_sequences_path|npz,D:\47\472\New-Papers\GIS\Codes\New_Branch\outputs\core_validation\sacu_v2_20260821-181537\splits\test_files.txt,New_Branch\outputs\core_validation\sacu_v2_20260821-181537\splits\test_files.txt,D:\47\472\New-Papers\GIS\Codes\data\sim\sequences\seq_000086.npz
3,sequence|sim_sequences_path|npz,D:\47\472\New-Papers\GIS\Codes\New_Branch\outputs\core_validation\sacu_v2_20260821-181537\splits\test_files.txt,New_Branch\outputs\core_validation\sacu_v2_20260821-181537\splits\test_files.txt,D:\47\472\New-Papers\GIS\Codes\data\sim\sequences\seq_000087.npz
4,sequence|sim_sequences_path|npz,D:\47\472\New-Papers\GIS\Codes\New_Branch\outputs\core_validation\sacu_v2_20260821-181537\splits\test_files.txt,New_Branch\outputs\core_validation\sacu_v2_20260821-181537\splits\test_files.txt,D:\47\472\New-Papers\GIS\Codes\data\sim\sequences\seq_000088.npz
5,sequence|sim_sequences_path|npz,D:\47\472\New-Papers\GIS\Codes\New_Branch\outputs\core_validation\sacu_v2_20260821-181537\splits\test_files.txt,New_Branch\outputs\core_validation\sacu_v2_20260821-181537\splits\test_files.txt,D:\47\472\New-Papers\GIS\Codes\data\sim\sequences\seq_000089.npz
6,sequence|sim_sequences_path|npz,D:\47\472\New-Papers\GIS\Codes\New_Branch\outputs\core_validation\sacu_v2_20260821-181537\splits\test_files.txt,New_Branch\outputs\core_validation\sacu_v2_20260821-181537\splits\test_files.txt,D:\47\472\New-Papers\GIS\Codes\data\sim\sequences\seq_000090.npz
7,sequence|sim_sequences_path|npz,D:\47\472\New-Papers\GIS\Codes\New_Branch\outputs\core_validation\sacu_v2_20260821-181537\splits\test_files.txt,New_Branch\outputs\core_validation\sacu_v2_20260821-181537\splits\test_files.txt,D:\47\472\New-Papers\GIS\Codes\data\sim\sequences\seq_000091.npz
8,sequence|sim_sequences_path|npz,D:\47\472\New-Papers\GIS\Codes\New_Branch\outputs\core_validation\sacu_v2_20260821-181537\splits\test_files.txt,New_Branch\outputs\core_validation\sacu_v2_20260821-181537\splits\test_files.txt,D:\47\472\New-Papers\GIS\Codes\data\sim\sequences\seq_000092.npz
9,sequence|sim_sequences_path|npz,D:\47\472\New-Papers\GIS\Codes\New_Branch\outputs\core_validation\sacu_v2_20260821-181537\splits\test_files.txt,New_Branch\outputs\core_validation\sacu_v2_20260821-181537\splits\test_files.txt,D:\47\472\New-Papers\GIS\Codes\data\sim\sequences\seq_000093.npz
10,sequence|sim_sequences_path|npz,D:\47\472\New-Papers\GIS\Codes\New_Branch\outputs\core_validation\sacu_v2_20260821-181537\splits\test_files.txt,New_Branch\outputs\core_validation\sacu_v2_20260821-181537\splits\test_files.txt,D:\47\472\New-Papers\GIS\Codes\data\sim\sequences\seq_000094.npz
11,sequence|sim_sequences_path|npz,D:\47\472\New-Papers\GIS\Codes\New_Branch\outputs\core_validation\sacu_v2_20260821-181537\splits\test_files.txt,New_Branch\outputs\core_validation\sacu_v2_20260821-181537\splits\test_files.txt,D:\47\472\New-Papers\GIS\Codes\data\sim\sequences\seq_000095.npz
12,sequence|sim_sequences_path|npz,D:\47\472\New-Papers\GIS\Codes\New_Branch\outputs\core_validation\sacu_v2_20260821-181537\splits\test_files.txt,New_Branch\outputs\core_validation\sacu_v2_20260821-181537\splits\test_files.txt,D:\47\472\New-Papers\GIS\Codes\data\sim\sequences\seq_000096.npz
13,sequence|sim_sequences_path|npz,D:\47\472\New-Papers\GIS\Codes\New_Branch\outputs\core_validation\sacu_v2_20260821-181537\splits\test_files.txt,New_Branch\outputs\core_validation\sacu_v2_20260821-181537\splits\test_files.txt,D:\47\472\New-Papers\GIS\Codes\data\sim\sequences\seq_000097.npz
14,sequence|sim_sequences_path|npz,D:\47\472\New-Papers\GIS\Codes\New_Branch\outputs\core_validation\sacu_v2_20260821-181537\splits\test_files.txt,New_Branch\outputs\core_validation\sacu_v2_20260821-181537\splits\test_files.txt,D:\47\472\New-Papers\GIS\Codes\data\sim\sequences\seq_000098.npz
15,sequence|sim_sequences_path|npz,D:\47\472\New-Papers\GIS\Codes\New_Branch\outputs\core_validation\sacu_v2_20260821-181537\splits\test_files.txt,New_Branch\outputs\core_validation\sacu_v2_20260821-181537\splits\test_files.txt,D:\47\472\New-Papers\GIS\Codes\data\sim\sequences\seq_000099.npz
1,sequence|sim_sequences_path|npz,D:\47\472\New-Papers\GIS\Codes\New_Branch\outputs\core_validation\sacu_v2_20260821-181537\splits\train_files.txt,New_Branch\outputs\core_validation\sacu_v2_20260821-181537\splits\train_files.txt,D:\47\472\New-Papers\GIS\Codes\data\sim\sequences\seq_000000.npz
2,sequence|sim_sequences_path|npz,D:\47\472\New-Papers\GIS\Codes\New_Branch\outputs\core_validation\sacu_v2_20260821-181537\splits\train_files.txt,New_Branch\outputs\core_validation\sacu_v2_20260821-181537\splits\train_files.txt,D:\47\472\New-Papers\GIS\Codes\data\sim\sequences\seq_000001.npz
3,sequence|sim_sequences_path|npz,D:\47\472\New-Papers\GIS\Codes\New_Branch\outputs\core_validation\sacu_v2_20260821-181537\splits\train_files.txt,New_Branch\outputs\core_validation\sacu_v2_20260821-181537\splits\train_files.txt,D:\47\472\New-Papers\GIS\Codes\data\sim\sequences\seq_000002.npz
4,sequence|sim_sequences_path|npz,D:\47\472\New-Papers\GIS\Codes\New_Branch\outputs\core_validation\sacu_v2_20260821-181537\splits\train_files.txt,New_Branch\outputs\core_validation\sacu_v2_20260821-181537\splits\train_files.txt,D:\47\472\New-Papers\GIS\Codes\data\sim\sequences\seq_000003.npz
5,sequence|sim_sequences_path|npz,D:\47\472\New-Papers\GIS\Codes\New_Branch\outputs\core_validation\sacu_v2_20260821-181537\splits\train_files.txt,New_Branch\outputs\core_validation\sacu_v2_20260821-181537\splits\train_files.txt,D:\47\472\New-Papers\GIS\Codes\data\sim\sequences\seq_000004.npz
6,sequence|sim_sequences_path|npz,D:\47\472\New-Papers\GIS\Codes\New_Branch\outputs\core_validation\sacu_v2_20260821-181537\splits\train_files.txt,New_Branch\outputs\core_validation\sacu_v2_20260821-181537\splits\train_files.txt,D:\47\472\New-Papers\GIS\Codes\data\sim\sequences\seq_000005.npz
7,sequence|sim_sequences_path|npz,D:\47\472\New-Papers\GIS\Codes\New_Branch\outputs\core_validation\sacu_v2_20260821-181537\splits\train_files.txt,New_Branch\outputs\core_validation\sacu_v2_20260821-181537\splits\train_files.txt,D:\47\472\New-Papers\GIS\Codes\data\sim\sequences\seq_000006.npz
8,sequence|sim_sequences_path|npz,D:\47\472\New-Papers\GIS\Codes\New_Branch\outputs\core_validation\sacu_v2_20260821-181537\splits\train_files.txt,New_Branch\outputs\core_validation\sacu_v2_20260821-181537\splits\train_files.txt,D:\47\472\New-Papers\GIS\Codes\data\sim\sequences\seq_000007.npz
9,sequence|sim_sequences_path|npz,D:\47\472\New-Papers\GIS\Codes\New_Branch\outputs\core_validation\sacu_v2_20260821-181537\splits\train_files.txt,New_Branch\outputs\core_validation\sacu_v2_20260821-181537\splits\train_files.txt,D:\47\472\New-Papers\GIS\Codes\data\sim\sequences\seq_000008.npz
10,sequence|sim_sequences_path|npz,D:\47\472\New-Papers\GIS\Codes\New_Branch\outputs\core_validation\sacu_v2_20260821-181537\splits\train_files.txt,New_Branch\outputs\core_validation\sacu_v2_20260821-181537\splits\train_files.txt,D:\47\472\New-Papers\GIS\Codes\data\sim\sequences\seq_000009.npz
11,sequence|sim_sequences_path|npz,D:\47\472\New-Papers\GIS\Codes\New_Branch\outputs\core_validation\sacu_v2_20260821-181537\splits\train_files.txt,New_Branch\outputs\core_validation\sacu_v2_20260821-181537\splits\train_files.txt,D:\47\472\New-Papers\GIS\Codes\data\sim\sequences\seq_000010.npz
12,sequence|sim_sequences_path|npz,D:\47\472\New-Papers\GIS\Codes\New_Branch\outputs\core_validation\sacu_v2_20260821-181537\splits\train_files.txt,New_Branch\outputs\core_validation\sacu_v2_20260821-181537\splits\train_files.txt,D:\47\472\New-Papers\GIS\Codes\data\sim\sequences\seq_000011.npz
13,sequence|sim_sequences_path|npz,D:\47\472\New-Papers\GIS\Codes\New_Branch\outputs\core_validation\sacu_v2_20260821-181537\splits\train_files.txt,New_Branch\outputs\core_validation\sacu_v2_20260821-181537\splits\train_files.txt,D:\47\472\New-Papers\GIS\Codes\data\sim\sequences\seq_000012.npz
14,sequence|sim_sequences_path|npz,D:\47\472\New-Papers\GIS\Codes\New_Branch\outputs\core_validation\sacu_v2_20260821-181537\splits\train_files.txt,New_Branch\outputs\core_validation\sacu_v2_20260821-181537\splits\train_files.txt,D:\47\472\New-Papers\GIS\Codes\data\sim\sequences\seq_000013.npz
15,sequence|sim_sequences_path|npz,D:\47\472\New-Papers\GIS\Codes\New_Branch\outputs\core_validation\sacu_v2_20260821-181537\splits\train_files.txt,New_Branch\outputs\core_validation\sacu_v2_20260821-181537\splits\train_files.txt,D:\47\472\New-Papers\GIS\Codes\data\sim\sequences\seq_000014.npz
16,sequence|sim_sequences_path|npz,D:\47\472\New-Papers\GIS\Codes\New_Branch\outputs\core_validation\sacu_v2_20260821-181537\splits\train_files.txt,New_Branch\outputs\core_validation\sacu_v2_20260821-181537\splits\train_files.txt,D:\47\472\New-Papers\GIS\Codes\data\sim\sequences\seq_000015.npz
17,sequence|sim_sequences_path|npz,D:\47\472\New-Papers\GIS\Codes\New_Branch\outputs\core_validation\sacu_v2_20260821-181537\splits\train_files.txt,New_Branch\outputs\core_validation\sacu_v2_20260821-181537\splits\train_files.txt,D:\47\472\New-Papers\GIS\Codes\data\sim\sequences\seq_000016.npz
18,sequence|sim_sequences_path|npz,D:\47\472\New-Papers\GIS\Codes\New_Branch\outputs\core_validation\sacu_v2_20260821-181537\splits\train_files.txt,New_Branch\outputs\core_validation\sacu_v2_20260821-181537\splits\train_files.txt,D:\47\472\New-Papers\GIS\Codes\data\sim\sequences\seq_000017.npz
19,sequence|sim_sequences_path|npz,D:\47\472\New-Papers\GIS\Codes\New_Branch\outputs\core_validation\sacu_v2_20260821-181537\splits\train_files.txt,New_Branch\outputs\core_validation\sacu_v2_20260821-181537\splits\train_files.txt,D:\47\472\New-Papers\GIS\Codes\data\sim\sequences\seq_000018.npz
20,sequence|sim_sequences_path|npz,D:\47\472\New-Papers\GIS\Codes\New_Branch\outputs\core_validation\sacu_v2_20260821-181537\splits\train_files.txt,New_Branch\outputs\core_validation\sacu_v2_20260821-181537\splits\train_files.txt,D:\47\472\New-Papers\GIS\Codes\data\sim\sequences\seq_000019.npz
21,sequence|sim_sequences_path|npz,D:\47\472\New-Papers\GIS\Codes\New_Branch\outputs\core_validation\sacu_v2_20260821-181537\splits\train_files.txt,New_Branch\outputs\core_validation\sacu_v2_20260821-181537\splits\train_files.txt,D:\47\472\New-Papers\GIS\Codes\data\sim\sequences\seq_000020.npz
22,sequence|sim_sequences_path|npz,D:\47\472\New-Papers\GIS\Codes\New_Branch\outputs\core_validation\sacu_v2_20260821-181537\splits\train_files.txt,New_Branch\outputs\core_validation\sacu_v2_20260821-181537\splits\train_files.txt,D:\47\472\New-Papers\GIS\Codes\data\sim\sequences\seq_000021.npz
23,sequence|sim_sequences_path|npz,D:\47\472\New-Papers\GIS\Codes\New_Branch\outputs\core_validation\sacu_v2_20260821-181537\splits\train_files.txt,New_Branch\outputs\core_validation\sacu_v2_20260821-181537\splits\train_files.txt,D:\47\472\New-Papers\GIS\Codes\data\sim\sequences\seq_000022.npz
24,sequence|sim_sequences_path|npz,D:\47\472\New-Papers\GIS\Codes\New_Branch\outputs\core_validation\sacu_v2_20260821-181537\splits\train_files.txt,New_Branch\outputs\core_validation\sacu_v2_20260821-181537\splits\train_files.txt,D:\47\472\New-Papers\GIS\Codes\data\sim\sequences\seq_000023.npz
25,sequence|sim_sequences_path|npz,D:\47\472\New-Papers\GIS\Codes\New_Branch\outputs\core_validation\sacu_v2_20260821-181537\splits\train_files.txt,New_Branch\outputs\core_validation\sacu_v2_20260821-181537\splits\train_files.txt,D:\47\472\New-Papers\GIS\Codes\data\sim\sequences\seq_000024.npz
26,sequence|sim_sequences_path|npz,D:\47\472\New-Papers\GIS\Codes\New_Branch\outputs\core_validation\sacu_v2_20260821-181537\splits\train_files.txt,New_Branch\outputs\core_validation\sacu_v2_20260821-181537\splits\train_files.txt,D:\47\472\New-Papers\GIS\Codes\data\sim\sequences\seq_000025.npz
27,sequence|sim_sequences_path|npz,D:\47\472\New-Papers\GIS\Codes\New_Branch\outputs\core_validation\sacu_v2_20260821-181537\splits\train_files.txt,New_Branch\outputs\core_validation\sacu_v2_20260821-181537\splits\train_files.txt,D:\47\472\New-Papers\GIS\Codes\data\sim\sequences\seq_000026.npz
28,sequence|sim_sequences_path|npz,D:\47\472\New-Papers\GIS\Codes\New_Branch\outputs\core_validation\sacu_v2_20260821-181537\splits\train_files.txt,New_Branch\outputs\core_validation\sacu_v2_20260821-181537\splits\train_files.txt,D:\47\472\New-Papers\GIS\Codes\data\sim\sequences\seq_000027.npz
29,sequence|sim_sequences_path|npz,D:\47\472\New-Papers\GIS\Codes\New_Branch\outputs\core_validation\sacu_v2_20260821-181537\splits\train_files.txt,New_Branch\outputs\core_validation\sacu_v2_20260821-181537\splits\train_files.txt,D:\47\472\New-Papers\GIS\Codes\data\sim\sequences\seq_000028.npz
30,sequence|sim_sequences_path|npz,D:\47\472\New-Papers\GIS\Codes\New_Branch\outputs\core_validation\sacu_v2_20260821-181537\splits\train_files.txt,New_Branch\outputs\core_validation\sacu_v2_20260821-181537\splits\train_files.txt,D:\47\472\New-Papers\GIS\Codes\data\sim\sequences\seq_000029.npz
31,sequence|sim_sequences_path|npz,D:\47\472\New-Papers\GIS\Codes\New_Branch\outputs\core_validation\sacu_v2_20260821-181537\splits\train_files.txt,New_Branch\outputs\core_validation\sacu_v2_20260821-181537\splits\train_files.txt,D:\47\472\New-Papers\GIS\Codes\data\sim\sequences\seq_000030.npz
32,sequence|sim_sequences_path|npz,D:\47\472\New-Papers\GIS\Codes\New_Branch\outputs\core_validation\sacu_v2_20260821-181537\splits\train_files.txt,New_Branch\outputs\core_validation\sacu_v2_20260821-181537\splits\train_files.txt,D:\47\472\New-Papers\GIS\Codes\data\sim\sequences\seq_000031.npz
33,sequence|sim_sequences_path|npz,D:\47\472\New-Papers\GIS\Codes\New_Branch\outputs\core_validation\sacu_v2_20260821-181537\splits\train_files.txt,New_Branch\outputs\core_validation\sacu_v2_20260821-181537\splits\train_files.txt,D:\47\472\New-Papers\GIS\Codes\data\sim\sequences\seq_000032.npz
34,sequence|sim_sequences_path|npz,D:\47\472\New-Papers\GIS\Codes\New_Branch\outputs\core_validation\sacu_v2_20260821-181537\splits\train_files.txt,New_Branch\outputs\core_validation\sacu_v2_20260821-181537\splits\train_files.txt,D:\47\472\New-Papers\GIS\Codes\data\sim\sequences\seq_000033.npz
35,sequence|sim_sequences_path|npz,D:\47\472\New-Papers\GIS\Codes\New_Branch\outputs\core_validation\sacu_v2_20260821-181537\splits\train_files.txt,New_Branch\outputs\core_validation\sacu_v2_20260821-181537\splits\train_files.txt,D:\47\472\New-Papers\GIS\Codes\data\sim\sequences\seq_000034.npz
36,sequence|sim_sequences_path|npz,D:\47\472\New-Papers\GIS\Codes\New_Branch\outputs\core_validation\sacu_v2_20260821-181537\splits\train_files.txt,New_Branch\outputs\core_validation\sacu_v2_20260821-181537\splits\train_files.txt,D:\47\472\New-Papers\GIS\Codes\data\sim\sequences\seq_000035.npz
37,sequence|sim_sequences_path|npz,D:\47\472\New-Papers\GIS\Codes\New_Branch\outputs\core_validation\sacu_v2_20260821-181537\splits\train_files.txt,New_Branch\outputs\core_validation\sacu_v2_20260821-181537\splits\train_files.txt,D:\47\472\New-Papers\GIS\Codes\data\sim\sequences\seq_000036.npz
38,sequence|sim_sequences_path|npz,D:\47\472\New-Papers\GIS\Codes\New_Branch\outputs\core_validation\sacu_v2_20260821-181537\splits\train_files.txt,New_Branch\outputs\core_validation\sacu_v2_20260821-181537\splits\train_files.txt,D:\47\472\New-Papers\GIS\Codes\data\sim\sequences\seq_000037.npz
39,sequence|sim_sequences_path|npz,D:\47\472\New-Papers\GIS\Codes\New_Branch\outputs\core_validation\sacu_v2_20260821-181537\splits\train_files.txt,New_Branch\outputs\core_validation\sacu_v2_20260821-181537\splits\train_files.txt,D:\47\472\New-Papers\GIS\Codes\data\sim\sequences\seq_000038.npz
40,sequence|sim_sequences_path|npz,D:\47\472\New-Papers\GIS\Codes\New_Branch\outputs\core_validation\sacu_v2_20260821-181537\splits\train_files.txt,New_Branch\outputs\core_validation\sacu_v2_20260821-181537\splits\train_files.txt,D:\47\472\New-Papers\GIS\Codes\data\sim\sequences\seq_000039.npz
41,sequence|sim_sequences_path|npz,D:\47\472\New-Papers\GIS\Codes\New_Branch\outputs\core_validation\sacu_v2_20260821-181537\splits\train_files.txt,New_Branch\outputs\core_validation\sacu_v2_20260821-181537\splits\train_files.txt,D:\47\472\New-Papers\GIS\Codes\data\sim\sequences\seq_000040.npz
42,sequence|sim_sequences_path|npz,D:\47\472\New-Papers\GIS\Codes\New_Branch\outputs\core_validation\sacu_v2_20260821-181537\splits\train_files.txt,New_Branch\outputs\core_validation\sacu_v2_20260821-181537\splits\train_files.txt,D:\47\472\New-Papers\GIS\Codes\data\sim\sequences\seq_000041.npz
43,sequence|sim_sequences_path|npz,D:\47\472\New-Papers\GIS\Codes\New_Branch\outputs\core_validation\sacu_v2_20260821-181537\splits\train_files.txt,New_Branch\outputs\core_validation\sacu_v2_20260821-181537\splits\train_files.txt,D:\47\472\New-Papers\GIS\Codes\data\sim\sequences\seq_000042.npz
44,sequence|sim_sequences_path|npz,D:\47\472\New-Papers\GIS\Codes\New_Branch\outputs\core_validation\sacu_v2_20260821-181537\splits\train_files.txt,New_Branch\outputs\core_validation\sacu_v2_20260821-181537\splits\train_files.txt,D:\47\472\New-Papers\GIS\Codes\data\sim\sequences\seq_000043.npz
45,sequence|sim_sequences_path|npz,D:\47\472\New-Papers\GIS\Codes\New_Branch\outputs\core_validation\sacu_v2_20260821-181537\splits\train_files.txt,New_Branch\outputs\core_validation\sacu_v2_20260821-181537\splits\train_files.txt,D:\47\472\New-Papers\GIS\Codes\data\sim\sequences\seq_000044.npz
46,sequence|sim_sequences_path|npz,D:\47\472\New-Papers\GIS\Codes\New_Branch\outputs\core_validation\sacu_v2_20260821-181537\splits\train_files.txt,New_Branch\outputs\core_validation\sacu_v2_20260821-181537\splits\train_files.txt,D:\47\472\New-Papers\GIS\Codes\data\sim\sequences\seq_000045.npz
47,sequence|sim_sequences_path|npz,D:\47\472\New-Papers\GIS\Codes\New_Branch\outputs\core_validation\sacu_v2_20260821-181537\splits\train_files.txt,New_Branch\outputs\core_validation\sacu_v2_20260821-181537\splits\train_files.txt,D:\47\472\New-Papers\GIS\Codes\data\sim\sequences\seq_000046.npz
48,sequence|sim_sequences_path|npz,D:\47\472\New-Papers\GIS\Codes\New_Branch\outputs\core_validation\sacu_v2_20260821-181537\splits\train_files.txt,New_Branch\outputs\core_validation\sacu_v2_20260821-181537\splits\train_files.txt,D:\47\472\New-Papers\GIS\Codes\data\sim\sequences\seq_000047.npz
49,sequence|sim_sequences_path|npz,D:\47\472\New-Papers\GIS\Codes\New_Branch\outputs\core_validation\sacu_v2_20260821-181537\splits\train_files.txt,New_Branch\outputs\core_validation\sacu_v2_20260821-181537\splits\train_files.txt,D:\47\472\New-Papers\GIS\Codes\data\sim\sequences\seq_000048.npz
50,sequence|sim_sequences_path|npz,D:\47\472\New-Papers\GIS\Codes\New_Branch\outputs\core_validation\sacu_v2_20260821-181537\splits\train_files.txt,New_Branch\outputs\core_validation\sacu_v2_20260821-181537\splits\train_files.txt,D:\47\472\New-Papers\GIS\Codes\data\sim\sequences\seq_000049.npz
51,sequence|sim_sequences_path|npz,D:\47\472\New-Papers\GIS\Codes\New_Branch\outputs\core_validation\sacu_v2_20260821-181537\splits\train_files.txt,New_Branch\outputs\core_validation\sacu_v2_20260821-181537\splits\train_files.txt,D:\47\472\New-Papers\GIS\Codes\data\sim\sequences\seq_000050.npz
52,sequence|sim_sequences_path|npz,D:\47\472\New-Papers\GIS\Codes\New_Branch\outputs\core_validation\sacu_v2_20260821-181537\splits\train_files.txt,New_Branch\outputs\core_validation\sacu_v2_20260821-181537\splits\train_files.txt,D:\47\472\New-Papers\GIS\Codes\data\sim\sequences\seq_000051.npz
53,sequence|sim_sequences_path|npz,D:\47\472\New-Papers\GIS\Codes\New_Branch\outputs\core_validation\sacu_v2_20260821-181537\splits\train_files.txt,New_Branch\outputs\core_validation\sacu_v2_20260821-181537\splits\train_files.txt,D:\47\472\New-Papers\GIS\Codes\data\sim\sequences\seq_000052.npz
54,sequence|sim_sequences_path|npz,D:\47\472\New-Papers\GIS\Codes\New_Branch\outputs\core_validation\sacu_v2_20260821-181537\splits\train_files.txt,New_Branch\outputs\core_validation\sacu_v2_20260821-181537\splits\train_files.txt,D:\47\472\New-Papers\GIS\Codes\data\sim\sequences\seq_000053.npz
55,sequence|sim_sequences_path|npz,D:\47\472\New-Papers\GIS\Codes\New_Branch\outputs\core_validation\sacu_v2_20260821-181537\splits\train_files.txt,New_Branch\outputs\core_validation\sacu_v2_20260821-181537\splits\train_files.txt,D:\47\472\New-Papers\GIS\Codes\data\sim\sequences\seq_000054.npz
56,sequence|sim_sequences_path|npz,D:\47\472\New-Papers\GIS\Codes\New_Branch\outputs\core_validation\sacu_v2_20260821-181537\splits\train_files.txt,New_Branch\outputs\core_validation\sacu_v2_20260821-181537\splits\train_files.txt,D:\47\472\New-Papers\GIS\Codes\data\sim\sequences\seq_000055.npz
57,sequence|sim_sequences_path|npz,D:\47\472\New-Papers\GIS\Codes\New_Branch\outputs\core_validation\sacu_v2_20260821-181537\splits\train_files.txt,New_Branch\outputs\core_validation\sacu_v2_20260821-181537\splits\train_files.txt,D:\47\472\New-Papers\GIS\Codes\data\sim\sequences\seq_000056.npz
58,sequence|sim_sequences_path|npz,D:\47\472\New-Papers\GIS\Codes\New_Branch\outputs\core_validation\sacu_v2_20260821-181537\splits\train_files.txt,New_Branch\outputs\core_validation\sacu_v2_20260821-181537\splits\train_files.txt,D:\47\472\New-Papers\GIS\Codes\data\sim\sequences\seq_000057.npz
59,sequence|sim_sequences_path|npz,D:\47\472\New-Papers\GIS\Codes\New_Branch\outputs\core_validation\sacu_v2_20260821-181537\splits\train_files.txt,New_Branch\outputs\core_validation\sacu_v2_20260821-181537\splits\train_files.txt,D:\47\472\New-Papers\GIS\Codes\data\sim\sequences\seq_000058.npz
60,sequence|sim_sequences_path|npz,D:\47\472\New-Papers\GIS\Codes\New_Branch\outputs\core_validation\sacu_v2_20260821-181537\splits\train_files.txt,New_Branch\outputs\core_validation\sacu_v2_20260821-181537\splits\train_files.txt,D:\47\472\New-Papers\GIS\Codes\data\sim\sequences\seq_000059.npz
61,sequence|sim_sequences_path|npz,D:\47\472\New-Papers\GIS\Codes\New_Branch\outputs\core_validation\sacu_v2_20260821-181537\splits\train_files.txt,New_Branch\outputs\core_validation\sacu_v2_20260821-181537\splits\train_files.txt,D:\47\472\New-Papers\GIS\Codes\data\sim\sequences\seq_000060.npz
62,sequence|sim_sequences_path|npz,D:\47\472\New-Papers\GIS\Codes\New_Branch\outputs\core_validation\sacu_v2_20260821-181537\splits\train_files.txt,New_Branch\outputs\core_validation\sacu_v2_20260821-181537\splits\train_files.txt,D:\47\472\New-Papers\GIS\Codes\data\sim\sequences\seq_000061.npz
63,sequence|sim_sequences_path|npz,D:\47\472\New-Papers\GIS\Codes\New_Branch\outputs\core_validation\sacu_v2_20260821-181537\splits\train_files.txt,New_Branch\outputs\core_validation\sacu_v2_20260821-181537\splits\train_files.txt,D:\47\472\New-Papers\GIS\Codes\data\sim\sequences\seq_000062.npz
64,sequence|sim_sequences_path|npz,D:\47\472\New-Papers\GIS\Codes\New_Branch\outputs\core_validation\sacu_v2_20260821-181537\splits\train_files.txt,New_Branch\outputs\core_validation\sacu_v2_20260821-181537\splits\train_files.txt,D:\47\472\New-Papers\GIS\Codes\data\sim\sequences\seq_000063.npz
65,sequence|sim_sequences_path|npz,D:\47\472\New-Papers\GIS\Codes\New_Branch\outputs\core_validation\sacu_v2_20260821-181537\splits\train_files.txt,New_Branch\outputs\core_validation\sacu_v2_20260821-181537\splits\train_files.txt,D:\47\472\New-Papers\GIS\Codes\data\sim\sequences\seq_000064.npz
66,sequence|sim_sequences_path|npz,D:\47\472\New-Papers\GIS\Codes\New_Branch\outputs\core_validation\sacu_v2_20260821-181537\splits\train_files.txt,New_Branch\outputs\core_validation\sacu_v2_20260821-181537\splits\train_files.txt,D:\47\472\New-Papers\GIS\Codes\data\sim\sequences\seq_000065.npz
67,sequence|sim_sequences_path|npz,D:\47\472\New-Papers\GIS\Codes\New_Branch\outputs\core_validation\sacu_v2_20260821-181537\splits\train_files.txt,New_Branch\outputs\core_validation\sacu_v2_20260821-181537\splits\train_files.txt,D:\47\472\New-Papers\GIS\Codes\data\sim\sequences\seq_000066.npz
68,sequence|sim_sequences_path|npz,D:\47\472\New-Papers\GIS\Codes\New_Branch\outputs\core_validation\sacu_v2_20260821-181537\splits\train_files.txt,New_Branch\outputs\core_validation\sacu_v2_20260821-181537\splits\train_files.txt,D:\47\472\New-Papers\GIS\Codes\data\sim\sequences\seq_000067.npz
69,sequence|sim_sequences_path|npz,D:\47\472\New-Papers\GIS\Codes\New_Branch\outputs\core_validation\sacu_v2_20260821-181537\splits\train_files.txt,New_Branch\outputs\core_validation\sacu_v2_20260821-181537\splits\train_files.txt,D:\47\472\New-Papers\GIS\Codes\data\sim\sequences\seq_000068.npz
70,sequence|sim_sequences_path|npz,D:\47\472\New-Papers\GIS\Codes\New_Branch\outputs\core_validation\sacu_v2_20260821-181537\splits\train_files.txt,New_Branch\outputs\core_validation\sacu_v2_20260821-181537\splits\train_files.txt,D:\47\472\New-Papers\GIS\Codes\data\sim\sequences\seq_000069.npz
1,sequence|sim_sequences_path|npz,D:\47\472\New-Papers\GIS\Codes\New_Branch\outputs\core_validation\sacu_v2_20260821-181537\splits\validation_files.txt,New_Branch\outputs\core_validation\sacu_v2_20260821-181537\splits\validation_files.txt,D:\47\472\New-Papers\GIS\Codes\data\sim\sequences\seq_000070.npz
2,sequence|sim_sequences_path|npz,D:\47\472\New-Papers\GIS\Codes\New_Branch\outputs\core_validation\sacu_v2_20260821-181537\splits\validation_files.txt,New_Branch\outputs\core_validation\sacu_v2_20260821-181537\splits\validation_files.txt,D:\47\472\New-Papers\GIS\Codes\data\sim\sequences\seq_000071.npz
3,sequence|sim_sequences_path|npz,D:\47\472\New-Papers\GIS\Codes\New_Branch\outputs\core_validation\sacu_v2_20260821-181537\splits\validation_files.txt,New_Branch\outputs\core_validation\sacu_v2_20260821-181537\splits\validation_files.txt,D:\47\472\New-Papers\GIS\Codes\data\sim\sequences\seq_000072.npz
4,sequence|sim_sequences_path|npz,D:\47\472\New-Papers\GIS\Codes\New_Branch\outputs\core_validation\sacu_v2_20260821-181537\splits\validation_files.txt,New_Branch\outputs\core_validation\sacu_v2_20260821-181537\splits\validation_files.txt,D:\47\472\New-Papers\GIS\Codes\data\sim\sequences\seq_000073.npz
5,sequence|sim_sequences_path|npz,D:\47\472\New-Papers\GIS\Codes\New_Branch\outputs\core_validation\sacu_v2_20260821-181537\splits\validation_files.txt,New_Branch\outputs\core_validation\sacu_v2_20260821-181537\splits\validation_files.txt,D:\47\472\New-Papers\GIS\Codes\data\sim\sequences\seq_000074.npz
6,sequence|sim_sequences_path|npz,D:\47\472\New-Papers\GIS\Codes\New_Branch\outputs\core_validation\sacu_v2_20260821-181537\splits\validation_files.txt,New_Branch\outputs\core_validation\sacu_v2_20260821-181537\splits\validation_files.txt,D:\47\472\New-Papers\GIS\Codes\data\sim\sequences\seq_000075.npz
7,sequence|sim_sequences_path|npz,D:\47\472\New-Papers\GIS\Codes\New_Branch\outputs\core_validation\sacu_v2_20260821-181537\splits\validation_files.txt,New_Branch\outputs\core_validation\sacu_v2_20260821-181537\splits\validation_files.txt,D:\47\472\New-Papers\GIS\Codes\data\sim\sequences\seq_000076.npz
8,sequence|sim_sequences_path|npz,D:\47\472\New-Papers\GIS\Codes\New_Branch\outputs\core_validation\sacu_v2_20260821-181537\splits\validation_files.txt,New_Branch\outputs\core_validation\sacu_v2_20260821-181537\splits\validation_files.txt,D:\47\472\New-Papers\GIS\Codes\data\sim\sequences\seq_000077.npz
9,sequence|sim_sequences_path|npz,D:\47\472\New-Papers\GIS\Codes\New_Branch\outputs\core_validation\sacu_v2_20260821-181537\splits\validation_files.txt,New_Branch\outputs\core_validation\sacu_v2_20260821-181537\splits\validation_files.txt,D:\47\472\New-Papers\GIS\Codes\data\sim\sequences\seq_000078.npz
10,sequence|sim_sequences_path|npz,D:\47\472\New-Papers\GIS\Codes\New_Branch\outputs\core_validation\sacu_v2_20260821-181537\splits\validation_files.txt,New_Branch\outputs\core_validation\sacu_v2_20260821-181537\splits\validation_files.txt,D:\47\472\New-Papers\GIS\Codes\data\sim\sequences\seq_000079.npz
11,sequence|sim_sequences_path|npz,D:\47\472\New-Papers\GIS\Codes\New_Branch\outputs\core_validation\sacu_v2_20260821-181537\splits\validation_files.txt,New_Branch\outputs\core_validation\sacu_v2_20260821-181537\splits\validation_files.txt,D:\47\472\New-Papers\GIS\Codes\data\sim\sequences\seq_000080.npz
12,sequence|sim_sequences_path|npz,D:\47\472\New-Papers\GIS\Codes\New_Branch\outputs\core_validation\sacu_v2_20260821-181537\splits\validation_files.txt,New_Branch\outputs\core_validation\sacu_v2_20260821-181537\splits\validation_files.txt,D:\47\472\New-Papers\GIS\Codes\data\sim\sequences\seq_000081.npz
13,sequence|sim_sequences_path|npz,D:\47\472\New-Papers\GIS\Codes\New_Branch\outputs\core_validation\sacu_v2_20260821-181537\splits\validation_files.txt,New_Branch\outputs\core_validation\sacu_v2_20260821-181537\splits\validation_files.txt,D:\47\472\New-Papers\GIS\Codes\data\sim\sequences\seq_000082.npz
14,sequence|sim_sequences_path|npz,D:\47\472\New-Papers\GIS\Codes\New_Branch\outputs\core_validation\sacu_v2_20260821-181537\splits\validation_files.txt,New_Branch\outputs\core_validation\sacu_v2_20260821-181537\splits\validation_files.txt,D:\47\472\New-Papers\GIS\Codes\data\sim\sequences\seq_000083.npz
15,sequence|sim_sequences_path|npz,D:\47\472\New-Papers\GIS\Codes\New_Branch\outputs\core_validation\sacu_v2_20260821-181537\splits\validation_files.txt,New_Branch\outputs\core_validation\sacu_v2_20260821-181537\splits\validation_files.txt,D:\47\472\New-Papers\GIS\Codes\data\sim\sequences\seq_000084.npz
8,sequence,D:\47\472\New-Papers\GIS\Codes\New_Branch\scripts\01_validate_no_target_leakage.py,New_Branch\scripts\01_validate_no_target_leakage.py,"SEQ = OLD / ""data"" / ""sim"" / ""sequences"""
20,sequence,D:\47\472\New-Papers\GIS\Codes\New_Branch\scripts\01_validate_no_target_leakage.py,New_Branch\scripts\01_validate_no_target_leakage.py,# 1. Load one real test sequence from the existing dataset
22,npz,D:\47\472\New-Papers\GIS\Codes\New_Branch\scripts\01_validate_no_target_leakage.py,New_Branch\scripts\01_validate_no_target_leakage.py,"files = sorted(str(p) for p in SEQ.glob(""*.npz""))"
25,npz,D:\47\472\New-Papers\GIS\Codes\New_Branch\scripts\01_validate_no_target_leakage.py,New_Branch\scripts\01_validate_no_target_leakage.py,"raise RuntimeError(f""No .npz files found in {SEQ}"")"
20,npz,D:\47\472\New-Papers\GIS\Codes\New_Branch\src\utils.py,New_Branch\src\utils.py,"files = sorted([str(p) for p in sequences_dir.glob(""*.npz"")])"
22,npz,D:\47\472\New-Papers\GIS\Codes\New_Branch\src\utils.py,New_Branch\src\utils.py,"raise FileNotFoundError(f""No .npz found in: {sequences_dir}"")"
5,sequence|sim_sequences_path,D:\47\472\New-Papers\GIS\Codes\outputs\eval\baseline_eval_20260224-193450\results.json,outputs\eval\baseline_eval_20260224-193450\results.json,"""seq_dir"": ""D:\\47\\472\\New-Papers\\GIS\\Codes\\data\\sim\\sequences"","
2,npz,D:\47\472\New-Papers\GIS\Codes\outputs\eval\baseline_eval_20260224-193450\tables\per_sequence_metrics.csv,outputs\eval\baseline_eval_20260224-193450\tables\per_sequence_metrics.csv,"seq_000085.npz,0.011827623471617699,0.02002764865756035,0.0022009145468473434,1.1831415666771743"
3,npz,D:\47\472\New-Papers\GIS\Codes\outputs\eval\baseline_eval_20260224-193450\tables\per_sequence_metrics.csv,outputs\eval\baseline_eval_20260224-193450\tables\per_sequence_metrics.csv,"seq_000086.npz,0.012045435607433319,0.019587546586990356,0.0022420701570808887,1.1780221666558646"
4,npz,D:\47\472\New-Papers\GIS\Codes\outputs\eval\baseline_eval_20260224-193450\tables\per_sequence_metrics.csv,outputs\eval\baseline_eval_20260224-193450\tables\per_sequence_metrics.csv,"seq_000087.npz,0.012013010680675507,0.018318897113204002,0.002443945500999689,1.1810838333331048"
5,npz,D:\47\472\New-Papers\GIS\Codes\outputs\eval\baseline_eval_20260224-193450\tables\per_sequence_metrics.csv,outputs\eval\baseline_eval_20260224-193450\tables\per_sequence_metrics.csv,"seq_000088.npz,0.014089138247072697,0.021890565752983093,0.002619578270241618,1.1777708999967824"
6,npz,D:\47\472\New-Papers\GIS\Codes\outputs\eval\baseline_eval_20260224-193450\tables\per_sequence_metrics.csv,outputs\eval\baseline_eval_20260224-193450\tables\per_sequence_metrics.csv,"seq_000089.npz,0.012091761454939842,0.017685389146208763,0.0024380069226026535,1.1804761666765746"
7,npz,D:\47\472\New-Papers\GIS\Codes\outputs\eval\baseline_eval_20260224-193450\tables\per_sequence_metrics.csv,outputs\eval\baseline_eval_20260224-193450\tables\per_sequence_metrics.csv,"seq_000090.npz,0.016555218026041985,0.030092747882008553,0.002997918287292123,1.1839997666732718"
8,npz,D:\47\472\New-Papers\GIS\Codes\outputs\eval\baseline_eval_20260224-193450\tables\per_sequence_metrics.csv,outputs\eval\baseline_eval_20260224-193450\tables\per_sequence_metrics.csv,"seq_000091.npz,0.012470708228647709,0.01910477504134178,0.002344985958188772,1.1801124666623461"
9,npz,D:\47\472\New-Papers\GIS\Codes\outputs\eval\baseline_eval_20260224-193450\tables\per_sequence_metrics.csv,outputs\eval\baseline_eval_20260224-193450\tables\per_sequence_metrics.csv,"seq_000092.npz,0.013208111748099327,0.019615359604358673,0.00250564469024539,1.1812335333282438"
10,npz,D:\47\472\New-Papers\GIS\Codes\outputs\eval\baseline_eval_20260224-193450\tables\per_sequence_metrics.csv,outputs\eval\baseline_eval_20260224-193450\tables\per_sequence_metrics.csv,"seq_000093.npz,0.014920414425432682,0.022098641842603683,0.0028145608957856894,1.1772239333367907"
11,npz,D:\47\472\New-Papers\GIS\Codes\outputs\eval\baseline_eval_20260224-193450\tables\per_sequence_metrics.csv,outputs\eval\baseline_eval_20260224-193450\tables\per_sequence_metrics.csv,"seq_000094.npz,0.013296492397785187,0.02111433818936348,0.002579765859991312,1.1775128333247267"
12,npz,D:\47\472\New-Papers\GIS\Codes\outputs\eval\baseline_eval_20260224-193450\tables\per_sequence_metrics.csv,outputs\eval\baseline_eval_20260224-193450\tables\per_sequence_metrics.csv,"seq_000095.npz,0.012743672356009483,0.019013945013284683,0.002445366233587265,1.220907066677076"
13,npz,D:\47\472\New-Papers\GIS\Codes\outputs\eval\baseline_eval_20260224-193450\tables\per_sequence_metrics.csv,outputs\eval\baseline_eval_20260224-193450\tables\per_sequence_metrics.csv,"seq_000096.npz,0.014113809913396835,0.022881219163537025,0.002532096579670906,1.313024966667096"
14,npz,D:\47\472\New-Papers\GIS\Codes\outputs\eval\baseline_eval_20260224-193450\tables\per_sequence_metrics.csv,outputs\eval\baseline_eval_20260224-193450\tables\per_sequence_metrics.csv,"seq_000097.npz,0.013248741626739502,0.020142879337072372,0.002507548313587904,1.2904431666635598"
15,npz,D:\47\472\New-Papers\GIS\Codes\outputs\eval\baseline_eval_20260224-193450\tables\per_sequence_metrics.csv,outputs\eval\baseline_eval_20260224-193450\tables\per_sequence_metrics.csv,"seq_000098.npz,0.013981705531477928,0.021820079535245895,0.002515400294214487,1.252044366672635"
16,npz,D:\47\472\New-Papers\GIS\Codes\outputs\eval\baseline_eval_20260224-193450\tables\per_sequence_metrics.csv,outputs\eval\baseline_eval_20260224-193450\tables\per_sequence_metrics.csv,"seq_000099.npz,0.015184974297881126,0.02357126772403717,0.0026887471321970224,1.2570655999976832"
3,sequence|sim_sequences_path,D:\47\472\New-Papers\GIS\Codes\outputs\runs\baseline_20260223-004312\complexity_report.json,outputs\runs\baseline_20260223-004312\complexity_report.json,"""seq_dir"": ""D:\\47\\472\\New-Papers\\GIS\\Codes\\data\\sim\\sequences"","
4,sequence|sim_sequences_path,D:\47\472\New-Papers\GIS\Codes\outputs\runs\baseline_20260223-004312\REPORT.txt,outputs\runs\baseline_20260223-004312\REPORT.txt,SEQ_DIR: D:\47\472\New-Papers\GIS\Codes\data\sim\sequences
4,sequence|sim_sequences_path,D:\47\472\New-Papers\GIS\Codes\outputs\stress\baseline_stress_20260225-122152\results.json,outputs\stress\baseline_stress_20260225-122152\results.json,"""seq_dir"": ""D:\\47\\472\\New-Papers\\GIS\\Codes\\data\\sim\\sequences"","
4,sequence|sim_sequences_path,D:\47\472\New-Papers\GIS\Codes\outputs\stress\sacu_stress_20260225-005847\results.json,outputs\stress\sacu_stress_20260225-005847\results.json,"""seq_dir"": ""D:\\47\\472\\New-Papers\\GIS\\Codes\\data\\sim\\sequences"","
4,sequence|sim_sequences_path,D:\47\472\New-Papers\GIS\Codes\outputs\stress\sacu_stress_20260225-154739\results.json,outputs\stress\sacu_stress_20260225-154739\results.json,"""seq_dir"": ""D:\\47\\472\\New-Papers\\GIS\\Codes\\data\\sim\\sequences"","
4,sequence|sim_sequences_path,D:\47\472\New-Papers\GIS\Codes\outputs\stress\sacu_stress_20260225-171227\results.json,outputs\stress\sacu_stress_20260225-171227\results.json,"""seq_dir"": ""D:\\47\\472\\New-Papers\\GIS\\Codes\\data\\sim\\sequences"","
4,sequence|sim_sequences_path,D:\47\472\New-Papers\GIS\Codes\outputs\stress\sacu_stress_20260225-171758\results.json,outputs\stress\sacu_stress_20260225-171758\results.json,"""seq_dir"": ""D:\\47\\472\\New-Papers\\GIS\\Codes\\data\\sim\\sequences"","
4,sequence|sim_sequences_path,D:\47\472\New-Papers\GIS\Codes\outputs\stress\sacu_stress_20260225-172052\results.json,outputs\stress\sacu_stress_20260225-172052\results.json,"""seq_dir"": ""D:\\47\\472\\New-Papers\\GIS\\Codes\\data\\sim\\sequences"","
1,pdebench,D:\47\472\New-Papers\GIS\Codes\PDEBench-main\all_files_with_paths.txt,PDEBench-main\all_files_with_paths.txt,D:\47\472\New-Papers\GIS\PDEBench-main\.gitignore
2,pdebench,D:\47\472\New-Papers\GIS\Codes\PDEBench-main\all_files_with_paths.txt,PDEBench-main\all_files_with_paths.txt,D:\47\472\New-Papers\GIS\PDEBench-main\.pre-commit-config.yaml
3,pdebench,D:\47\472\New-Papers\GIS\Codes\PDEBench-main\all_files_with_paths.txt,PDEBench-main\all_files_with_paths.txt,D:\47\472\New-Papers\GIS\PDEBench-main\LICENSE.txt
4,pdebench,D:\47\472\New-Papers\GIS\Codes\PDEBench-main\all_files_with_paths.txt,PDEBench-main\all_files_with_paths.txt,D:\47\472\New-Papers\GIS\PDEBench-main\noxfile.py
5,pdebench,D:\47\472\New-Papers\GIS\Codes\PDEBench-main\all_files_with_paths.txt,PDEBench-main\all_files_with_paths.txt,D:\47\472\New-Papers\GIS\PDEBench-main\pdebench_examples.PNG
6,pdebench,D:\47\472\New-Papers\GIS\Codes\PDEBench-main\all_files_with_paths.txt,PDEBench-main\all_files_with_paths.txt,D:\47\472\New-Papers\GIS\PDEBench-main\pyproject.toml
7,pdebench,D:\47\472\New-Papers\GIS\Codes\PDEBench-main\all_files_with_paths.txt,PDEBench-main\all_files_with_paths.txt,D:\47\472\New-Papers\GIS\PDEBench-main\README.md
8,pdebench,D:\47\472\New-Papers\GIS\Codes\PDEBench-main\all_files_with_paths.txt,PDEBench-main\all_files_with_paths.txt,D:\47\472\New-Papers\GIS\PDEBench-main\.devcontainer\devcontainer.json
9,pdebench,D:\47\472\New-Papers\GIS\Codes\PDEBench-main\all_files_with_paths.txt,PDEBench-main\all_files_with_paths.txt,D:\47\472\New-Papers\GIS\PDEBench-main\.github\dependabot.yml
10,pdebench,D:\47\472\New-Papers\GIS\Codes\PDEBench-main\all_files_with_paths.txt,PDEBench-main\all_files_with_paths.txt,D:\47\472\New-Papers\GIS\PDEBench-main\pdebench\_version.pyi
11,pdebench,D:\47\472\New-Papers\GIS\Codes\PDEBench-main\all_files_with_paths.txt,PDEBench-main\all_files_with_paths.txt,D:\47\472\New-Papers\GIS\PDEBench-main\pdebench\__init__.py
12,pdebench,D:\47\472\New-Papers\GIS\Codes\PDEBench-main\all_files_with_paths.txt,PDEBench-main\all_files_with_paths.txt,D:\47\472\New-Papers\GIS\PDEBench-main\tests\test_vorticity.py
13,pdebench,D:\47\472\New-Papers\GIS\Codes\PDEBench-main\all_files_with_paths.txt,PDEBench-main\all_files_with_paths.txt,D:\47\472\New-Papers\GIS\PDEBench-main\pdebench\data_download\1D_Advection_Sols_beta0.1.hdf5
14,pdebench,D:\47\472\New-Papers\GIS\Codes\PDEBench-main\all_files_with_paths.txt,PDEBench-main\all_files_with_paths.txt,D:\47\472\New-Papers\GIS\PDEBench-main\pdebench\data_download\1D_Advection_Sols_beta0.1.hdf5.crdownload
15,pdebench,D:\47\472\New-Papers\GIS\Codes\PDEBench-main\all_files_with_paths.txt,PDEBench-main\all_files_with_paths.txt,D:\47\472\New-Papers\GIS\PDEBench-main\pdebench\data_download\download_direct.py
16,pdebench,D:\47\472\New-Papers\GIS\Codes\PDEBench-main\all_files_with_paths.txt,PDEBench-main\all_files_with_paths.txt,D:\47\472\New-Papers\GIS\PDEBench-main\pdebench\data_download\download_easydataverse.py
17,pdebench,D:\47\472\New-Papers\GIS\Codes\PDEBench-main\all_files_with_paths.txt,PDEBench-main\all_files_with_paths.txt,D:\47\472\New-Papers\GIS\PDEBench-main\pdebench\data_download\pdebench_data_urls.csv
18,pdebench,D:\47\472\New-Papers\GIS\Codes\PDEBench-main\all_files_with_paths.txt,PDEBench-main\all_files_with_paths.txt,D:\47\472\New-Papers\GIS\PDEBench-main\pdebench\data_download\README.md
19,pdebench,D:\47\472\New-Papers\GIS\Codes\PDEBench-main\all_files_with_paths.txt,PDEBench-main\all_files_with_paths.txt,D:\47\472\New-Papers\GIS\PDEBench-main\pdebench\data_download\visualize_pdes.py
20,pdebench,D:\47\472\New-Papers\GIS\Codes\PDEBench-main\all_files_with_paths.txt,PDEBench-main\all_files_with_paths.txt,D:\47\472\New-Papers\GIS\PDEBench-main\pdebench\data_gen\example.env
21,pdebench,D:\47\472\New-Papers\GIS\Codes\PDEBench-main\all_files_with_paths.txt,PDEBench-main\all_files_with_paths.txt,D:\47\472\New-Papers\GIS\PDEBench-main\pdebench\data_gen\gen_diff_react.py
22,pdebench,D:\47\472\New-Papers\GIS\Codes\PDEBench-main\all_files_with_paths.txt,PDEBench-main\all_files_with_paths.txt,D:\47\472\New-Papers\GIS\PDEBench-main\pdebench\data_gen\gen_diff_sorp.py
23,pdebench,D:\47\472\New-Papers\GIS\Codes\PDEBench-main\all_files_with_paths.txt,PDEBench-main\all_files_with_paths.txt,D:\47\472\New-Papers\GIS\PDEBench-main\pdebench\data_gen\gen_ns_incomp.py
24,pdebench,D:\47\472\New-Papers\GIS\Codes\PDEBench-main\all_files_with_paths.txt,PDEBench-main\all_files_with_paths.txt,D:\47\472\New-Papers\GIS\PDEBench-main\pdebench\data_gen\gen_radial_dam_break.py
25,pdebench,D:\47\472\New-Papers\GIS\Codes\PDEBench-main\all_files_with_paths.txt,PDEBench-main\all_files_with_paths.txt,D:\47\472\New-Papers\GIS\PDEBench-main\pdebench\data_gen\plot.py
26,pdebench,D:\47\472\New-Papers\GIS\Codes\PDEBench-main\all_files_with_paths.txt,PDEBench-main\all_files_with_paths.txt,D:\47\472\New-Papers\GIS\PDEBench-main\pdebench\data_gen\uploader.py
27,pdebench,D:\47\472\New-Papers\GIS\Codes\PDEBench-main\all_files_with_paths.txt,PDEBench-main\all_files_with_paths.txt,D:\47\472\New-Papers\GIS\PDEBench-main\pdebench\data_gen\velocity2vorticity.py
28,pdebench,D:\47\472\New-Papers\GIS\Codes\PDEBench-main\all_files_with_paths.txt,PDEBench-main\all_files_with_paths.txt,D:\47\472\New-Papers\GIS\PDEBench-main\pdebench\models\analyse_result_forward.py
29,pdebench,D:\47\472\New-Papers\GIS\Codes\PDEBench-main\all_files_with_paths.txt,PDEBench-main\all_files_with_paths.txt,D:\47\472\New-Papers\GIS\PDEBench-main\pdebench\models\analyse_result_inverse.py
30,pdebench,D:\47\472\New-Papers\GIS\Codes\PDEBench-main\all_files_with_paths.txt,PDEBench-main\all_files_with_paths.txt,D:\47\472\New-Papers\GIS\PDEBench-main\pdebench\models\metrics.py
31,pdebench,D:\47\472\New-Papers\GIS\Codes\PDEBench-main\all_files_with_paths.txt,PDEBench-main\all_files_with_paths.txt,D:\47\472\New-Papers\GIS\PDEBench-main\pdebench\models\run_forward_1D.sh
32,pdebench,D:\47\472\New-Papers\GIS\Codes\PDEBench-main\all_files_with_paths.txt,PDEBench-main\all_files_with_paths.txt,D:\47\472\New-Papers\GIS\PDEBench-main\pdebench\models\run_inverse.sh
33,pdebench,D:\47\472\New-Papers\GIS\Codes\PDEBench-main\all_files_with_paths.txt,PDEBench-main\all_files_with_paths.txt,D:\47\472\New-Papers\GIS\PDEBench-main\pdebench\models\train_models_forward.py
34,pdebench,D:\47\472\New-Papers\GIS\Codes\PDEBench-main\all_files_with_paths.txt,PDEBench-main\all_files_with_paths.txt,D:\47\472\New-Papers\GIS\PDEBench-main\pdebench\models\train_models_inverse.py
35,pdebench,D:\47\472\New-Papers\GIS\Codes\PDEBench-main\all_files_with_paths.txt,PDEBench-main\all_files_with_paths.txt,D:\47\472\New-Papers\GIS\PDEBench-main\pdebench\models\config\config.yaml
36,pdebench,D:\47\472\New-Papers\GIS\Codes\PDEBench-main\all_files_with_paths.txt,PDEBench-main\all_files_with_paths.txt,D:\47\472\New-Papers\GIS\PDEBench-main\pdebench\models\config\config_darcy.yaml
37,pdebench,D:\47\472\New-Papers\GIS\Codes\PDEBench-main\all_files_with_paths.txt,PDEBench-main\all_files_with_paths.txt,D:\47\472\New-Papers\GIS\PDEBench-main\pdebench\models\config\config_rdb.yaml
38,pdebench,D:\47\472\New-Papers\GIS\Codes\PDEBench-main\all_files_with_paths.txt,PDEBench-main\all_files_with_paths.txt,D:\47\472\New-Papers\GIS\PDEBench-main\pdebench\models\config\README.md
39,pdebench,D:\47\472\New-Papers\GIS\Codes\PDEBench-main\all_files_with_paths.txt,PDEBench-main\all_files_with_paths.txt,D:\47\472\New-Papers\GIS\PDEBench-main\pdebench\models\config\results.yaml
40,pdebench,D:\47\472\New-Papers\GIS\Codes\PDEBench-main\all_files_with_paths.txt,PDEBench-main\all_files_with_paths.txt,D:\47\472\New-Papers\GIS\PDEBench-main\pdebench\models\fno\fno.py
41,pdebench,D:\47\472\New-Papers\GIS\Codes\PDEBench-main\all_files_with_paths.txt,PDEBench-main\all_files_with_paths.txt,D:\47\472\New-Papers\GIS\PDEBench-main\pdebench\models\fno\train.py
42,pdebench,D:\47\472\New-Papers\GIS\Codes\PDEBench-main\all_files_with_paths.txt,PDEBench-main\all_files_with_paths.txt,D:\47\472\New-Papers\GIS\PDEBench-main\pdebench\models\fno\utils.py
43,pdebench,D:\47\472\New-Papers\GIS\Codes\PDEBench-main\all_files_with_paths.txt,PDEBench-main\all_files_with_paths.txt,D:\47\472\New-Papers\GIS\PDEBench-main\pdebench\models\inverse\inverse.py
44,pdebench,D:\47\472\New-Papers\GIS\Codes\PDEBench-main\all_files_with_paths.txt,PDEBench-main\all_files_with_paths.txt,D:\47\472\New-Papers\GIS\PDEBench-main\pdebench\models\inverse\train.py
45,pdebench,D:\47\472\New-Papers\GIS\Codes\PDEBench-main\all_files_with_paths.txt,PDEBench-main\all_files_with_paths.txt,D:\47\472\New-Papers\GIS\PDEBench-main\pdebench\models\inverse\utils.py
46,pdebench,D:\47\472\New-Papers\GIS\Codes\PDEBench-main\all_files_with_paths.txt,PDEBench-main\all_files_with_paths.txt,D:\47\472\New-Papers\GIS\PDEBench-main\pdebench\models\pinn\pde_definitions.py
47,pdebench,D:\47\472\New-Papers\GIS\Codes\PDEBench-main\all_files_with_paths.txt,PDEBench-main\all_files_with_paths.txt,D:\47\472\New-Papers\GIS\PDEBench-main\pdebench\models\pinn\train.py
48,pdebench,D:\47\472\New-Papers\GIS\Codes\PDEBench-main\all_files_with_paths.txt,PDEBench-main\all_files_with_paths.txt,D:\47\472\New-Papers\GIS\PDEBench-main\pdebench\models\pinn\utils.py
49,pdebench,D:\47\472\New-Papers\GIS\Codes\PDEBench-main\all_files_with_paths.txt,PDEBench-main\all_files_with_paths.txt,D:\47\472\New-Papers\GIS\PDEBench-main\pdebench\models\unet\train.py
50,pdebench,D:\47\472\New-Papers\GIS\Codes\PDEBench-main\all_files_with_paths.txt,PDEBench-main\all_files_with_paths.txt,D:\47\472\New-Papers\GIS\PDEBench-main\pdebench\models\unet\unet.py
51,pdebench,D:\47\472\New-Papers\GIS\Codes\PDEBench-main\all_files_with_paths.txt,PDEBench-main\all_files_with_paths.txt,D:\47\472\New-Papers\GIS\PDEBench-main\pdebench\models\unet\utils.py
52,pdebench,D:\47\472\New-Papers\GIS\Codes\PDEBench-main\all_files_with_paths.txt,PDEBench-main\all_files_with_paths.txt,D:\47\472\New-Papers\GIS\PDEBench-main\pdebench\models\config\args\config_1DCFD.yaml
53,pdebench,D:\47\472\New-Papers\GIS\Codes\PDEBench-main\all_files_with_paths.txt,PDEBench-main\all_files_with_paths.txt,D:\47\472\New-Papers\GIS\PDEBench-main\pdebench\models\config\args\config_2DCFD.yaml
54,pdebench,D:\47\472\New-Papers\GIS\Codes\PDEBench-main\all_files_with_paths.txt,PDEBench-main\all_files_with_paths.txt,D:\47\472\New-Papers\GIS\PDEBench-main\pdebench\models\config\args\config_3DCFD.yaml
55,pdebench,D:\47\472\New-Papers\GIS\Codes\PDEBench-main\all_files_with_paths.txt,PDEBench-main\all_files_with_paths.txt,D:\47\472\New-Papers\GIS\PDEBench-main\pdebench\models\config\args\config_Adv.yaml
56,pdebench,D:\47\472\New-Papers\GIS\Codes\PDEBench-main\all_files_with_paths.txt,PDEBench-main\all_files_with_paths.txt,D:\47\472\New-Papers\GIS\PDEBench-main\pdebench\models\config\args\config_Bgs.yaml
57,pdebench,D:\47\472\New-Papers\GIS\Codes\PDEBench-main\all_files_with_paths.txt,PDEBench-main\all_files_with_paths.txt,D:\47\472\New-Papers\GIS\PDEBench-main\pdebench\models\config\args\config_Darcy.yaml
58,pdebench,D:\47\472\New-Papers\GIS\Codes\PDEBench-main\all_files_with_paths.txt,PDEBench-main\all_files_with_paths.txt,D:\47\472\New-Papers\GIS\PDEBench-main\pdebench\models\config\args\config_diff-react.yaml
59,pdebench,D:\47\472\New-Papers\GIS\Codes\PDEBench-main\all_files_with_paths.txt,PDEBench-main\all_files_with_paths.txt,D:\47\472\New-Papers\GIS\PDEBench-main\pdebench\models\config\args\config_diff-sorp.yaml
60,pdebench,D:\47\472\New-Papers\GIS\Codes\PDEBench-main\all_files_with_paths.txt,PDEBench-main\all_files_with_paths.txt,D:\47\472\New-Papers\GIS\PDEBench-main\pdebench\models\config\args\config_pinn_CFD1d.yaml
61,pdebench,D:\47\472\New-Papers\GIS\Codes\PDEBench-main\all_files_with_paths.txt,PDEBench-main\all_files_with_paths.txt,D:\47\472\New-Papers\GIS\PDEBench-main\pdebench\models\config\args\config_pinn_diff-react.yaml
62,pdebench,D:\47\472\New-Papers\GIS\Codes\PDEBench-main\all_files_with_paths.txt,PDEBench-main\all_files_with_paths.txt,D:\47\472\New-Papers\GIS\PDEBench-main\pdebench\models\config\args\config_pinn_diff-sorp.yaml
63,pdebench,D:\47\472\New-Papers\GIS\Codes\PDEBench-main\all_files_with_paths.txt,PDEBench-main\all_files_with_paths.txt,D:\47\472\New-Papers\GIS\PDEBench-main\pdebench\models\config\args\config_pinn_pde1d.yaml
64,pdebench,D:\47\472\New-Papers\GIS\Codes\PDEBench-main\all_files_with_paths.txt,PDEBench-main\all_files_with_paths.txt,D:\47\472\New-Papers\GIS\PDEBench-main\pdebench\models\config\args\config_pinn_swe2d.yaml
65,pdebench,D:\47\472\New-Papers\GIS\Codes\PDEBench-main\all_files_with_paths.txt,PDEBench-main\all_files_with_paths.txt,D:\47\472\New-Papers\GIS\PDEBench-main\pdebench\models\config\args\config_rdb.yaml
66,pdebench,D:\47\472\New-Papers\GIS\Codes\PDEBench-main\all_files_with_paths.txt,PDEBench-main\all_files_with_paths.txt,D:\47\472\New-Papers\GIS\PDEBench-main\pdebench\models\config\args\config_ReacDiff.yaml
67,pdebench,D:\47\472\New-Papers\GIS\Codes\PDEBench-main\all_files_with_paths.txt,PDEBench-main\all_files_with_paths.txt,D:\47\472\New-Papers\GIS\PDEBench-main\pdebench\data_gen\configs\diff-react.yaml
68,pdebench,D:\47\472\New-Papers\GIS\Codes\PDEBench-main\all_files_with_paths.txt,PDEBench-main\all_files_with_paths.txt,D:\47\472\New-Papers\GIS\PDEBench-main\pdebench\data_gen\configs\diff-sorp.yaml
69,pdebench,D:\47\472\New-Papers\GIS\Codes\PDEBench-main\all_files_with_paths.txt,PDEBench-main\all_files_with_paths.txt,D:\47\472\New-Papers\GIS\PDEBench-main\pdebench\data_gen\configs\ns_incomp.yaml
70,pdebench,D:\47\472\New-Papers\GIS\Codes\PDEBench-main\all_files_with_paths.txt,PDEBench-main\all_files_with_paths.txt,D:\47\472\New-Papers\GIS\PDEBench-main\pdebench\data_gen\configs\radial_dam_break.yaml
71,pdebench,D:\47\472\New-Papers\GIS\Codes\PDEBench-main\all_files_with_paths.txt,PDEBench-main\all_files_with_paths.txt,D:\47\472\New-Papers\GIS\PDEBench-main\pdebench\data_gen\data_gen_NLE\Data_Merge.py
72,pdebench,D:\47\472\New-Papers\GIS\Codes\PDEBench-main\all_files_with_paths.txt,PDEBench-main\all_files_with_paths.txt,D:\47\472\New-Papers\GIS\PDEBench-main\pdebench\data_gen\data_gen_NLE\README.md
73,pdebench,D:\47\472\New-Papers\GIS\Codes\PDEBench-main\all_files_with_paths.txt,PDEBench-main\all_files_with_paths.txt,D:\47\472\New-Papers\GIS\PDEBench-main\pdebench\data_gen\data_gen_NLE\utils.py
74,pdebench,D:\47\472\New-Papers\GIS\Codes\PDEBench-main\all_files_with_paths.txt,PDEBench-main\all_files_with_paths.txt,D:\47\472\New-Papers\GIS\PDEBench-main\pdebench\data_gen\notebooks\Analysis.ipynb
75,pdebench,D:\47\472\New-Papers\GIS\Codes\PDEBench-main\all_files_with_paths.txt,PDEBench-main\all_files_with_paths.txt,D:\47\472\New-Papers\GIS\PDEBench-main\pdebench\data_gen\src\data_io.py
76,pdebench,D:\47\472\New-Papers\GIS\Codes\PDEBench-main\all_files_with_paths.txt,PDEBench-main\all_files_with_paths.txt,D:\47\472\New-Papers\GIS\PDEBench-main\pdebench\data_gen\src\plots.py
77,pdebench,D:\47\472\New-Papers\GIS\Codes\PDEBench-main\all_files_with_paths.txt,PDEBench-main\all_files_with_paths.txt,D:\47\472\New-Papers\GIS\PDEBench-main\pdebench\data_gen\src\pytorch_dataset.py
78,pdebench,D:\47\472\New-Papers\GIS\Codes\PDEBench-main\all_files_with_paths.txt,PDEBench-main\all_files_with_paths.txt,D:\47\472\New-Papers\GIS\PDEBench-main\pdebench\data_gen\src\sim_diff_react.py
79,pdebench,D:\47\472\New-Papers\GIS\Codes\PDEBench-main\all_files_with_paths.txt,PDEBench-main\all_files_with_paths.txt,D:\47\472\New-Papers\GIS\PDEBench-main\pdebench\data_gen\src\sim_diff_sorp.py
80,pdebench,D:\47\472\New-Papers\GIS\Codes\PDEBench-main\all_files_with_paths.txt,PDEBench-main\all_files_with_paths.txt,D:\47\472\New-Papers\GIS\PDEBench-main\pdebench\data_gen\src\sim_ns_incomp_2d.py
81,pdebench,D:\47\472\New-Papers\GIS\Codes\PDEBench-main\all_files_with_paths.txt,PDEBench-main\all_files_with_paths.txt,D:\47\472\New-Papers\GIS\PDEBench-main\pdebench\data_gen\src\sim_radial_dam_break.py
82,pdebench,D:\47\472\New-Papers\GIS\Codes\PDEBench-main\all_files_with_paths.txt,PDEBench-main\all_files_with_paths.txt,D:\47\472\New-Papers\GIS\PDEBench-main\pdebench\data_gen\src\utils.py
83,pdebench,D:\47\472\New-Papers\GIS\Codes\PDEBench-main\all_files_with_paths.txt,PDEBench-main\all_files_with_paths.txt,D:\47\472\New-Papers\GIS\PDEBench-main\pdebench\data_gen\src\vorticity.py
84,pdebench,D:\47\472\New-Papers\GIS\Codes\PDEBench-main\all_files_with_paths.txt,PDEBench-main\all_files_with_paths.txt,D:\47\472\New-Papers\GIS\PDEBench-main\pdebench\data_gen\src\__init__.py
85,pdebench,D:\47\472\New-Papers\GIS\Codes\PDEBench-main\all_files_with_paths.txt,PDEBench-main\all_files_with_paths.txt,D:\47\472\New-Papers\GIS\PDEBench-main\pdebench\data_gen\src\_attic\grf.py
86,pdebench,D:\47\472\New-Papers\GIS\Codes\PDEBench-main\all_files_with_paths.txt,PDEBench-main\all_files_with_paths.txt,D:\47\472\New-Papers\GIS\PDEBench-main\pdebench\data_gen\data_gen_NLE\AdvectionEq\advection_exact_Hydra.py
87,pdebench,D:\47\472\New-Papers\GIS\Codes\PDEBench-main\all_files_with_paths.txt,PDEBench-main\all_files_with_paths.txt,D:\47\472\New-Papers\GIS\PDEBench-main\pdebench\data_gen\data_gen_NLE\AdvectionEq\advection_multi_solution_Hydra.py
88,pdebench,D:\47\472\New-Papers\GIS\Codes\PDEBench-main\all_files_with_paths.txt,PDEBench-main\all_files_with_paths.txt,D:\47\472\New-Papers\GIS\PDEBench-main\pdebench\data_gen\data_gen_NLE\AdvectionEq\run_testset.sh
89,pdebench,D:\47\472\New-Papers\GIS\Codes\PDEBench-main\all_files_with_paths.txt,PDEBench-main\all_files_with_paths.txt,D:\47\472\New-Papers\GIS\PDEBench-main\pdebench\data_gen\data_gen_NLE\AdvectionEq\run_trainset.sh
90,pdebench,D:\47\472\New-Papers\GIS\Codes\PDEBench-main\all_files_with_paths.txt,PDEBench-main\all_files_with_paths.txt,D:\47\472\New-Papers\GIS\PDEBench-main\pdebench\data_gen\data_gen_NLE\BurgersEq\burgers_Hydra.py
91,pdebench,D:\47\472\New-Papers\GIS\Codes\PDEBench-main\all_files_with_paths.txt,PDEBench-main\all_files_with_paths.txt,D:\47\472\New-Papers\GIS\PDEBench-main\pdebench\data_gen\data_gen_NLE\BurgersEq\burgers_multi_solution_Hydra.py
92,pdebench,D:\47\472\New-Papers\GIS\Codes\PDEBench-main\all_files_with_paths.txt,PDEBench-main\all_files_with_paths.txt,D:\47\472\New-Papers\GIS\PDEBench-main\pdebench\data_gen\data_gen_NLE\BurgersEq\run_testset.sh
93,pdebench,D:\47\472\New-Papers\GIS\Codes\PDEBench-main\all_files_with_paths.txt,PDEBench-main\all_files_with_paths.txt,D:\47\472\New-Papers\GIS\PDEBench-main\pdebench\data_gen\data_gen_NLE\BurgersEq\run_trainset.sh
94,pdebench,D:\47\472\New-Papers\GIS\Codes\PDEBench-main\all_files_with_paths.txt,PDEBench-main\all_files_with_paths.txt,D:\47\472\New-Papers\GIS\PDEBench-main\pdebench\data_gen\data_gen_NLE\CompressibleFluid\CFD_Hydra.py
95,pdebench,D:\47\472\New-Papers\GIS\Codes\PDEBench-main\all_files_with_paths.txt,PDEBench-main\all_files_with_paths.txt,D:\47\472\New-Papers\GIS\PDEBench-main\pdebench\data_gen\data_gen_NLE\CompressibleFluid\CFD_multi_Hydra.py
96,pdebench,D:\47\472\New-Papers\GIS\Codes\PDEBench-main\all_files_with_paths.txt,PDEBench-main\all_files_with_paths.txt,D:\47\472\New-Papers\GIS\PDEBench-main\pdebench\data_gen\data_gen_NLE\CompressibleFluid\run_testset.sh
97,pdebench,D:\47\472\New-Papers\GIS\Codes\PDEBench-main\all_files_with_paths.txt,PDEBench-main\all_files_with_paths.txt,D:\47\472\New-Papers\GIS\PDEBench-main\pdebench\data_gen\data_gen_NLE\CompressibleFluid\run_testset_3DTurb.sh
98,pdebench,D:\47\472\New-Papers\GIS\Codes\PDEBench-main\all_files_with_paths.txt,PDEBench-main\all_files_with_paths.txt,D:\47\472\New-Papers\GIS\PDEBench-main\pdebench\data_gen\data_gen_NLE\CompressibleFluid\run_testset_KHI.sh
99,pdebench,D:\47\472\New-Papers\GIS\Codes\PDEBench-main\all_files_with_paths.txt,PDEBench-main\all_files_with_paths.txt,D:\47\472\New-Papers\GIS\PDEBench-main\pdebench\data_gen\data_gen_NLE\CompressibleFluid\run_trainset_1D.sh
100,pdebench,D:\47\472\New-Papers\GIS\Codes\PDEBench-main\all_files_with_paths.txt,PDEBench-main\all_files_with_paths.txt,D:\47\472\New-Papers\GIS\PDEBench-main\pdebench\data_gen\data_gen_NLE\CompressibleFluid\run_trainset_1DShock.sh
101,pdebench,D:\47\472\New-Papers\GIS\Codes\PDEBench-main\all_files_with_paths.txt,PDEBench-main\all_files_with_paths.txt,D:\47\472\New-Papers\GIS\PDEBench-main\pdebench\data_gen\data_gen_NLE\CompressibleFluid\run_trainset_1D_trans.sh
102,pdebench,D:\47\472\New-Papers\GIS\Codes\PDEBench-main\all_files_with_paths.txt,PDEBench-main\all_files_with_paths.txt,D:\47\472\New-Papers\GIS\PDEBench-main\pdebench\data_gen\data_gen_NLE\CompressibleFluid\run_trainset_2D.sh
103,pdebench,D:\47\472\New-Papers\GIS\Codes\PDEBench-main\all_files_with_paths.txt,PDEBench-main\all_files_with_paths.txt,D:\47\472\New-Papers\GIS\PDEBench-main\pdebench\data_gen\data_gen_NLE\CompressibleFluid\run_trainset_2DTurb.sh
104,pdebench,D:\47\472\New-Papers\GIS\Codes\PDEBench-main\all_files_with_paths.txt,PDEBench-main\all_files_with_paths.txt,D:\47\472\New-Papers\GIS\PDEBench-main\pdebench\data_gen\data_gen_NLE\CompressibleFluid\run_trainset_3D.sh
105,pdebench,D:\47\472\New-Papers\GIS\Codes\PDEBench-main\all_files_with_paths.txt,PDEBench-main\all_files_with_paths.txt,D:\47\472\New-Papers\GIS\PDEBench-main\pdebench\data_gen\data_gen_NLE\CompressibleFluid\run_trainset_3DTurb.sh
106,pdebench,D:\47\472\New-Papers\GIS\Codes\PDEBench-main\all_files_with_paths.txt,PDEBench-main\all_files_with_paths.txt,D:\47\472\New-Papers\GIS\PDEBench-main\pdebench\data_gen\data_gen_NLE\config\config.yaml
107,pdebench,D:\47\472\New-Papers\GIS\Codes\PDEBench-main\all_files_with_paths.txt,PDEBench-main\all_files_with_paths.txt,D:\47\472\New-Papers\GIS\PDEBench-main\pdebench\data_gen\data_gen_NLE\ReactionDiffusionEq\reaction_diffusion_2D_multi_solution_Hydra.py
108,pdebench,D:\47\472\New-Papers\GIS\Codes\PDEBench-main\all_files_with_paths.txt,PDEBench-main\all_files_with_paths.txt,D:\47\472\New-Papers\GIS\PDEBench-main\pdebench\data_gen\data_gen_NLE\ReactionDiffusionEq\reaction_diffusion_Hydra.py
109,pdebench,D:\47\472\New-Papers\GIS\Codes\PDEBench-main\all_files_with_paths.txt,PDEBench-main\all_files_with_paths.txt,D:\47\472\New-Papers\GIS\PDEBench-main\pdebench\data_gen\data_gen_NLE\ReactionDiffusionEq\reaction_diffusion_multi_solution_Hydra.py
110,pdebench,D:\47\472\New-Papers\GIS\Codes\PDEBench-main\all_files_with_paths.txt,PDEBench-main\all_files_with_paths.txt,D:\47\472\New-Papers\GIS\PDEBench-main\pdebench\data_gen\data_gen_NLE\ReactionDiffusionEq\run_DarcyFlow2D.sh
111,pdebench,D:\47\472\New-Papers\GIS\Codes\PDEBench-main\all_files_with_paths.txt,PDEBench-main\all_files_with_paths.txt,D:\47\472\New-Papers\GIS\PDEBench-main\pdebench\data_gen\data_gen_NLE\ReactionDiffusionEq\run_testset.sh
112,pdebench,D:\47\472\New-Papers\GIS\Codes\PDEBench-main\all_files_with_paths.txt,PDEBench-main\all_files_with_paths.txt,D:\47\472\New-Papers\GIS\PDEBench-main\pdebench\data_gen\data_gen_NLE\ReactionDiffusionEq\run_trainset.sh
113,pdebench,D:\47\472\New-Papers\GIS\Codes\PDEBench-main\all_files_with_paths.txt,PDEBench-main\all_files_with_paths.txt,D:\47\472\New-Papers\GIS\PDEBench-main\pdebench\data_gen\data_gen_NLE\ReactionDiffusionEq\config\args\config.yaml
114,pdebench,D:\47\472\New-Papers\GIS\Codes\PDEBench-main\all_files_with_paths.txt,PDEBench-main\all_files_with_paths.txt,D:\47\472\New-Papers\GIS\PDEBench-main\pdebench\data_gen\data_gen_NLE\ReactionDiffusionEq\config\args\config_2D.yaml
115,pdebench,D:\47\472\New-Papers\GIS\Codes\PDEBench-main\all_files_with_paths.txt,PDEBench-main\all_files_with_paths.txt,D:\47\472\New-Papers\GIS\PDEBench-main\pdebench\data_gen\data_gen_NLE\ReactionDiffusionEq\config\args\Rho1e0_Nu1e0.yaml
116,pdebench,D:\47\472\New-Papers\GIS\Codes\PDEBench-main\all_files_with_paths.txt,PDEBench-main\all_files_with_paths.txt,D:\47\472\New-Papers\GIS\PDEBench-main\pdebench\data_gen\data_gen_NLE\ReactionDiffusionEq\config\args\Rho1e0_Nu2e0.yaml
117,pdebench,D:\47\472\New-Papers\GIS\Codes\PDEBench-main\all_files_with_paths.txt,PDEBench-main\all_files_with_paths.txt,D:\47\472\New-Papers\GIS\PDEBench-main\pdebench\data_gen\data_gen_NLE\ReactionDiffusionEq\config\args\Rho1e0_Nu5e-1.yaml
118,pdebench,D:\47\472\New-Papers\GIS\Codes\PDEBench-main\all_files_with_paths.txt,PDEBench-main\all_files_with_paths.txt,D:\47\472\New-Papers\GIS\PDEBench-main\pdebench\data_gen\data_gen_NLE\ReactionDiffusionEq\config\args\Rho1e0_Nu5e0.yaml
119,pdebench,D:\47\472\New-Papers\GIS\Codes\PDEBench-main\all_files_with_paths.txt,PDEBench-main\all_files_with_paths.txt,D:\47\472\New-Papers\GIS\PDEBench-main\pdebench\data_gen\data_gen_NLE\ReactionDiffusionEq\config\args\Rho1e1_Nu1e0.yaml
120,pdebench,D:\47\472\New-Papers\GIS\Codes\PDEBench-main\all_files_with_paths.txt,PDEBench-main\all_files_with_paths.txt,D:\47\472\New-Papers\GIS\PDEBench-main\pdebench\data_gen\data_gen_NLE\ReactionDiffusionEq\config\args\Rho1e1_Nu2e0.yaml
121,pdebench,D:\47\472\New-Papers\GIS\Codes\PDEBench-main\all_files_with_paths.txt,PDEBench-main\all_files_with_paths.txt,D:\47\472\New-Papers\GIS\PDEBench-main\pdebench\data_gen\data_gen_NLE\ReactionDiffusionEq\config\args\Rho1e1_Nu5e-1.yaml
122,pdebench,D:\47\472\New-Papers\GIS\Codes\PDEBench-main\all_files_with_paths.txt,PDEBench-main\all_files_with_paths.txt,D:\47\472\New-Papers\GIS\PDEBench-main\pdebench\data_gen\data_gen_NLE\ReactionDiffusionEq\config\args\Rho1e1_Nu5e0.yaml
123,pdebench,D:\47\472\New-Papers\GIS\Codes\PDEBench-main\all_files_with_paths.txt,PDEBench-main\all_files_with_paths.txt,D:\47\472\New-Papers\GIS\PDEBench-main\pdebench\data_gen\data_gen_NLE\ReactionDiffusionEq\config\args\Rho2e0_Nu1e0.yaml
124,pdebench,D:\47\472\New-Papers\GIS\Codes\PDEBench-main\all_files_with_paths.txt,PDEBench-main\all_files_with_paths.txt,D:\47\472\New-Papers\GIS\PDEBench-main\pdebench\data_gen\data_gen_NLE\ReactionDiffusionEq\config\args\Rho2e0_Nu2e0.yaml
125,pdebench,D:\47\472\New-Papers\GIS\Codes\PDEBench-main\all_files_with_paths.txt,PDEBench-main\all_files_with_paths.txt,D:\47\472\New-Papers\GIS\PDEBench-main\pdebench\data_gen\data_gen_NLE\ReactionDiffusionEq\config\args\Rho2e0_Nu5e-1.yaml
126,pdebench,D:\47\472\New-Papers\GIS\Codes\PDEBench-main\all_files_with_paths.txt,PDEBench-main\all_files_with_paths.txt,D:\47\472\New-Papers\GIS\PDEBench-main\pdebench\data_gen\data_gen_NLE\ReactionDiffusionEq\config\args\Rho2e0_Nu5e0.yaml
127,pdebench,D:\47\472\New-Papers\GIS\Codes\PDEBench-main\all_files_with_paths.txt,PDEBench-main\all_files_with_paths.txt,D:\47\472\New-Papers\GIS\PDEBench-main\pdebench\data_gen\data_gen_NLE\ReactionDiffusionEq\config\args\Rho5e0_Nu1e0.yaml
128,pdebench,D:\47\472\New-Papers\GIS\Codes\PDEBench-main\all_files_with_paths.txt,PDEBench-main\all_files_with_paths.txt,D:\47\472\New-Papers\GIS\PDEBench-main\pdebench\data_gen\data_gen_NLE\ReactionDiffusionEq\config\args\Rho5e0_Nu2e0.yaml
129,pdebench,D:\47\472\New-Papers\GIS\Codes\PDEBench-main\all_files_with_paths.txt,PDEBench-main\all_files_with_paths.txt,D:\47\472\New-Papers\GIS\PDEBench-main\pdebench\data_gen\data_gen_NLE\ReactionDiffusionEq\config\args\Rho5e0_Nu5e-1.yaml
130,pdebench,D:\47\472\New-Papers\GIS\Codes\PDEBench-main\all_files_with_paths.txt,PDEBench-main\all_files_with_paths.txt,D:\47\472\New-Papers\GIS\PDEBench-main\pdebench\data_gen\data_gen_NLE\ReactionDiffusionEq\config\args\Rho5e0_Nu5e0.yaml
131,pdebench,D:\47\472\New-Papers\GIS\Codes\PDEBench-main\all_files_with_paths.txt,PDEBench-main\all_files_with_paths.txt,D:\47\472\New-Papers\GIS\PDEBench-main\pdebench\data_gen\data_gen_NLE\ReactionDiffusionEq\config\multi\config.yaml
132,pdebench,D:\47\472\New-Papers\GIS\Codes\PDEBench-main\all_files_with_paths.txt,PDEBench-main\all_files_with_paths.txt,D:\47\472\New-Papers\GIS\PDEBench-main\pdebench\data_gen\data_gen_NLE\ReactionDiffusionEq\config\multi\config_2D.yaml
133,pdebench,D:\47\472\New-Papers\GIS\Codes\PDEBench-main\all_files_with_paths.txt,PDEBench-main\all_files_with_paths.txt,D:\47\472\New-Papers\GIS\PDEBench-main\pdebench\data_gen\data_gen_NLE\ReactionDiffusionEq\config\multi\Rho1e0_Nu1e0.yaml
134,pdebench,D:\47\472\New-Papers\GIS\Codes\PDEBench-main\all_files_with_paths.txt,PDEBench-main\all_files_with_paths.txt,D:\47\472\New-Papers\GIS\PDEBench-main\pdebench\data_gen\data_gen_NLE\ReactionDiffusionEq\config\multi\Rho1e0_Nu1e1.yaml
135,pdebench,D:\47\472\New-Papers\GIS\Codes\PDEBench-main\all_files_with_paths.txt,PDEBench-main\all_files_with_paths.txt,D:\47\472\New-Papers\GIS\PDEBench-main\pdebench\data_gen\data_gen_NLE\ReactionDiffusionEq\config\multi\Rho1e0_Nu2e0.yaml
136,pdebench,D:\47\472\New-Papers\GIS\Codes\PDEBench-main\all_files_with_paths.txt,PDEBench-main\all_files_with_paths.txt,D:\47\472\New-Papers\GIS\PDEBench-main\pdebench\data_gen\data_gen_NLE\ReactionDiffusionEq\config\multi\Rho1e0_Nu5e-1.yaml
137,pdebench,D:\47\472\New-Papers\GIS\Codes\PDEBench-main\all_files_with_paths.txt,PDEBench-main\all_files_with_paths.txt,D:\47\472\New-Papers\GIS\PDEBench-main\pdebench\data_gen\data_gen_NLE\ReactionDiffusionEq\config\multi\Rho1e0_Nu5e0.yaml
138,pdebench,D:\47\472\New-Papers\GIS\Codes\PDEBench-main\all_files_with_paths.txt,PDEBench-main\all_files_with_paths.txt,D:\47\472\New-Papers\GIS\PDEBench-main\pdebench\data_gen\data_gen_NLE\ReactionDiffusionEq\config\multi\Rho1e1_Nu1e0.yaml
139,pdebench,D:\47\472\New-Papers\GIS\Codes\PDEBench-main\all_files_with_paths.txt,PDEBench-main\all_files_with_paths.txt,D:\47\472\New-Papers\GIS\PDEBench-main\pdebench\data_gen\data_gen_NLE\ReactionDiffusionEq\config\multi\Rho1e1_Nu1e1.yaml
140,pdebench,D:\47\472\New-Papers\GIS\Codes\PDEBench-main\all_files_with_paths.txt,PDEBench-main\all_files_with_paths.txt,D:\47\472\New-Papers\GIS\PDEBench-main\pdebench\data_gen\data_gen_NLE\ReactionDiffusionEq\config\multi\Rho1e1_Nu2e0.yaml
141,pdebench,D:\47\472\New-Papers\GIS\Codes\PDEBench-main\all_files_with_paths.txt,PDEBench-main\all_files_with_paths.txt,D:\47\472\New-Papers\GIS\PDEBench-main\pdebench\data_gen\data_gen_NLE\ReactionDiffusionEq\config\multi\Rho1e1_Nu5e-1.yaml
142,pdebench,D:\47\472\New-Papers\GIS\Codes\PDEBench-main\all_files_with_paths.txt,PDEBench-main\all_files_with_paths.txt,D:\47\472\New-Papers\GIS\PDEBench-main\pdebench\data_gen\data_gen_NLE\ReactionDiffusionEq\config\multi\Rho1e1_Nu5e0.yaml
143,pdebench,D:\47\472\New-Papers\GIS\Codes\PDEBench-main\all_files_with_paths.txt,PDEBench-main\all_files_with_paths.txt,D:\47\472\New-Papers\GIS\PDEBench-main\pdebench\data_gen\data_gen_NLE\ReactionDiffusionEq\config\multi\Rho2e0_Nu1e0.yaml
144,pdebench,D:\47\472\New-Papers\GIS\Codes\PDEBench-main\all_files_with_paths.txt,PDEBench-main\all_files_with_paths.txt,D:\47\472\New-Papers\GIS\PDEBench-main\pdebench\data_gen\data_gen_NLE\ReactionDiffusionEq\config\multi\Rho2e0_Nu1e1.yaml
145,pdebench,D:\47\472\New-Papers\GIS\Codes\PDEBench-main\all_files_with_paths.txt,PDEBench-main\all_files_with_paths.txt,D:\47\472\New-Papers\GIS\PDEBench-main\pdebench\data_gen\data_gen_NLE\ReactionDiffusionEq\config\multi\Rho2e0_Nu2e0.yaml
146,pdebench,D:\47\472\New-Papers\GIS\Codes\PDEBench-main\all_files_with_paths.txt,PDEBench-main\all_files_with_paths.txt,D:\47\472\New-Papers\GIS\PDEBench-main\pdebench\data_gen\data_gen_NLE\ReactionDiffusionEq\config\multi\Rho2e0_Nu5e-1.yaml
147,pdebench,D:\47\472\New-Papers\GIS\Codes\PDEBench-main\all_files_with_paths.txt,PDEBench-main\all_files_with_paths.txt,D:\47\472\New-Papers\GIS\PDEBench-main\pdebench\data_gen\data_gen_NLE\ReactionDiffusionEq\config\multi\Rho2e0_Nu5e0.yaml
148,pdebench,D:\47\472\New-Papers\GIS\Codes\PDEBench-main\all_files_with_paths.txt,PDEBench-main\all_files_with_paths.txt,D:\47\472\New-Papers\GIS\PDEBench-main\pdebench\data_gen\data_gen_NLE\ReactionDiffusionEq\config\multi\Rho5e0_Nu1e0.yaml
149,pdebench,D:\47\472\New-Papers\GIS\Codes\PDEBench-main\all_files_with_paths.txt,PDEBench-main\all_files_with_paths.txt,D:\47\472\New-Papers\GIS\PDEBench-main\pdebench\data_gen\data_gen_NLE\ReactionDiffusionEq\config\multi\Rho5e0_Nu1e1.yaml
150,pdebench,D:\47\472\New-Papers\GIS\Codes\PDEBench-main\all_files_with_paths.txt,PDEBench-main\all_files_with_paths.txt,D:\47\472\New-Papers\GIS\PDEBench-main\pdebench\data_gen\data_gen_NLE\ReactionDiffusionEq\config\multi\Rho5e0_Nu2e0.yaml
151,pdebench,D:\47\472\New-Papers\GIS\Codes\PDEBench-main\all_files_with_paths.txt,PDEBench-main\all_files_with_paths.txt,D:\47\472\New-Papers\GIS\PDEBench-main\pdebench\data_gen\data_gen_NLE\ReactionDiffusionEq\config\multi\Rho5e0_Nu5e-1.yaml
152,pdebench,D:\47\472\New-Papers\GIS\Codes\PDEBench-main\all_files_with_paths.txt,PDEBench-main\all_files_with_paths.txt,D:\47\472\New-Papers\GIS\PDEBench-main\pdebench\data_gen\data_gen_NLE\ReactionDiffusionEq\config\multi\Rho5e0_Nu5e0.yaml
153,pdebench,D:\47\472\New-Papers\GIS\Codes\PDEBench-main\all_files_with_paths.txt,PDEBench-main\all_files_with_paths.txt,D:\47\472\New-Papers\GIS\PDEBench-main\pdebench\data_gen\data_gen_NLE\CompressibleFluid\config\config.yaml
154,pdebench,D:\47\472\New-Papers\GIS\Codes\PDEBench-main\all_files_with_paths.txt,PDEBench-main\all_files_with_paths.txt,D:\47\472\New-Papers\GIS\PDEBench-main\pdebench\data_gen\data_gen_NLE\CompressibleFluid\config\args\1D_Multi.yaml
155,pdebench,D:\47\472\New-Papers\GIS\Codes\PDEBench-main\all_files_with_paths.txt,PDEBench-main\all_files_with_paths.txt,D:\47\472\New-Papers\GIS\PDEBench-main\pdebench\data_gen\data_gen_NLE\CompressibleFluid\config\args\1D_Multi_shock.yaml
156,pdebench,D:\47\472\New-Papers\GIS\Codes\PDEBench-main\all_files_with_paths.txt,PDEBench-main\all_files_with_paths.txt,D:\47\472\New-Papers\GIS\PDEBench-main\pdebench\data_gen\data_gen_NLE\CompressibleFluid\config\args\1D_Multi_trans.yaml
157,pdebench,D:\47\472\New-Papers\GIS\Codes\PDEBench-main\all_files_with_paths.txt,PDEBench-main\all_files_with_paths.txt,D:\47\472\New-Papers\GIS\PDEBench-main\pdebench\data_gen\data_gen_NLE\CompressibleFluid\config\args\1D_ShockTube.yaml
158,pdebench,D:\47\472\New-Papers\GIS\Codes\PDEBench-main\all_files_with_paths.txt,PDEBench-main\all_files_with_paths.txt,D:\47\472\New-Papers\GIS\PDEBench-main\pdebench\data_gen\data_gen_NLE\CompressibleFluid\config\args\1D_ShockTube2.yaml
159,pdebench,D:\47\472\New-Papers\GIS\Codes\PDEBench-main\all_files_with_paths.txt,PDEBench-main\all_files_with_paths.txt,D:\47\472\New-Papers\GIS\PDEBench-main\pdebench\data_gen\data_gen_NLE\CompressibleFluid\config\args\1D_ShockTube3.yaml
160,pdebench,D:\47\472\New-Papers\GIS\Codes\PDEBench-main\all_files_with_paths.txt,PDEBench-main\all_files_with_paths.txt,D:\47\472\New-Papers\GIS\PDEBench-main\pdebench\data_gen\data_gen_NLE\CompressibleFluid\config\args\1D_ShockTube4.yaml
161,pdebench,D:\47\472\New-Papers\GIS\Codes\PDEBench-main\all_files_with_paths.txt,PDEBench-main\all_files_with_paths.txt,D:\47\472\New-Papers\GIS\PDEBench-main\pdebench\data_gen\data_gen_NLE\CompressibleFluid\config\args\1D_ShockTube5.yaml
162,pdebench,D:\47\472\New-Papers\GIS\Codes\PDEBench-main\all_files_with_paths.txt,PDEBench-main\all_files_with_paths.txt,D:\47\472\New-Papers\GIS\PDEBench-main\pdebench\data_gen\data_gen_NLE\CompressibleFluid\config\args\1D_ShockTube6.yaml
163,pdebench,D:\47\472\New-Papers\GIS\Codes\PDEBench-main\all_files_with_paths.txt,PDEBench-main\all_files_with_paths.txt,D:\47\472\New-Papers\GIS\PDEBench-main\pdebench\data_gen\data_gen_NLE\CompressibleFluid\config\args\1D_ShockTube7.yaml
164,pdebench,D:\47\472\New-Papers\GIS\Codes\PDEBench-main\all_files_with_paths.txt,PDEBench-main\all_files_with_paths.txt,D:\47\472\New-Papers\GIS\PDEBench-main\pdebench\data_gen\data_gen_NLE\CompressibleFluid\config\args\2D_KH_M01_dk1.yaml
165,pdebench,D:\47\472\New-Papers\GIS\Codes\PDEBench-main\all_files_with_paths.txt,PDEBench-main\all_files_with_paths.txt,D:\47\472\New-Papers\GIS\PDEBench-main\pdebench\data_gen\data_gen_NLE\CompressibleFluid\config\args\2D_KH_M01_dk10.yaml
166,pdebench,D:\47\472\New-Papers\GIS\Codes\PDEBench-main\all_files_with_paths.txt,PDEBench-main\all_files_with_paths.txt,D:\47\472\New-Papers\GIS\PDEBench-main\pdebench\data_gen\data_gen_NLE\CompressibleFluid\config\args\2D_KH_M01_dk2.yaml
167,pdebench,D:\47\472\New-Papers\GIS\Codes\PDEBench-main\all_files_with_paths.txt,PDEBench-main\all_files_with_paths.txt,D:\47\472\New-Papers\GIS\PDEBench-main\pdebench\data_gen\data_gen_NLE\CompressibleFluid\config\args\2D_KH_M01_dk5.yaml
168,pdebench,D:\47\472\New-Papers\GIS\Codes\PDEBench-main\all_files_with_paths.txt,PDEBench-main\all_files_with_paths.txt,D:\47\472\New-Papers\GIS\PDEBench-main\pdebench\data_gen\data_gen_NLE\CompressibleFluid\config\args\2D_KH_M02_dk1.yaml
169,pdebench,D:\47\472\New-Papers\GIS\Codes\PDEBench-main\all_files_with_paths.txt,PDEBench-main\all_files_with_paths.txt,D:\47\472\New-Papers\GIS\PDEBench-main\pdebench\data_gen\data_gen_NLE\CompressibleFluid\config\args\2D_KH_M04_dk1.yaml
170,pdebench,D:\47\472\New-Papers\GIS\Codes\PDEBench-main\all_files_with_paths.txt,PDEBench-main\all_files_with_paths.txt,D:\47\472\New-Papers\GIS\PDEBench-main\pdebench\data_gen\data_gen_NLE\CompressibleFluid\config\args\2D_KH_M1_dk1.yaml
171,pdebench,D:\47\472\New-Papers\GIS\Codes\PDEBench-main\all_files_with_paths.txt,PDEBench-main\all_files_with_paths.txt,D:\47\472\New-Papers\GIS\PDEBench-main\pdebench\data_gen\data_gen_NLE\CompressibleFluid\config\args\2D_KH_M2_dk1.yaml
172,pdebench,D:\47\472\New-Papers\GIS\Codes\PDEBench-main\all_files_with_paths.txt,PDEBench-main\all_files_with_paths.txt,D:\47\472\New-Papers\GIS\PDEBench-main\pdebench\data_gen\data_gen_NLE\CompressibleFluid\config\args\2D_Multi_KH.yaml
173,pdebench,D:\47\472\New-Papers\GIS\Codes\PDEBench-main\all_files_with_paths.txt,PDEBench-main\all_files_with_paths.txt,D:\47\472\New-Papers\GIS\PDEBench-main\pdebench\data_gen\data_gen_NLE\CompressibleFluid\config\args\2D_Multi_Rand.yaml
174,pdebench,D:\47\472\New-Papers\GIS\Codes\PDEBench-main\all_files_with_paths.txt,PDEBench-main\all_files_with_paths.txt,D:\47\472\New-Papers\GIS\PDEBench-main\pdebench\data_gen\data_gen_NLE\CompressibleFluid\config\args\2D_Multi_Rand_HR.yaml
175,pdebench,D:\47\472\New-Papers\GIS\Codes\PDEBench-main\all_files_with_paths.txt,PDEBench-main\all_files_with_paths.txt,D:\47\472\New-Papers\GIS\PDEBench-main\pdebench\data_gen\data_gen_NLE\CompressibleFluid\config\args\2D_Multi_Turb.yaml
176,pdebench,D:\47\472\New-Papers\GIS\Codes\PDEBench-main\all_files_with_paths.txt,PDEBench-main\all_files_with_paths.txt,D:\47\472\New-Papers\GIS\PDEBench-main\pdebench\data_gen\data_gen_NLE\CompressibleFluid\config\args\2D_ShockTube.yaml
177,pdebench,D:\47\472\New-Papers\GIS\Codes\PDEBench-main\all_files_with_paths.txt,PDEBench-main\all_files_with_paths.txt,D:\47\472\New-Papers\GIS\PDEBench-main\pdebench\data_gen\data_gen_NLE\CompressibleFluid\config\args\2D_TOV.yaml
178,pdebench,D:\47\472\New-Papers\GIS\Codes\PDEBench-main\all_files_with_paths.txt,PDEBench-main\all_files_with_paths.txt,D:\47\472\New-Papers\GIS\PDEBench-main\pdebench\data_gen\data_gen_NLE\CompressibleFluid\config\args\3D_BlastWave.yaml
179,pdebench,D:\47\472\New-Papers\GIS\Codes\PDEBench-main\all_files_with_paths.txt,PDEBench-main\all_files_with_paths.txt,D:\47\472\New-Papers\GIS\PDEBench-main\pdebench\data_gen\data_gen_NLE\CompressibleFluid\config\args\3D_Multi_Rand.yaml
180,pdebench,D:\47\472\New-Papers\GIS\Codes\PDEBench-main\all_files_with_paths.txt,PDEBench-main\all_files_with_paths.txt,D:\47\472\New-Papers\GIS\PDEBench-main\pdebench\data_gen\data_gen_NLE\CompressibleFluid\config\args\3D_Multi_TurbM1.yaml
181,pdebench,D:\47\472\New-Papers\GIS\Codes\PDEBench-main\all_files_with_paths.txt,PDEBench-main\all_files_with_paths.txt,D:\47\472\New-Papers\GIS\PDEBench-main\pdebench\data_gen\data_gen_NLE\CompressibleFluid\config\args\3D_TurbM01.yaml
182,pdebench,D:\47\472\New-Papers\GIS\Codes\PDEBench-main\all_files_with_paths.txt,PDEBench-main\all_files_with_paths.txt,D:\47\472\New-Papers\GIS\PDEBench-main\pdebench\data_gen\data_gen_NLE\CompressibleFluid\config\args\3D_TurbM05.yaml
183,pdebench,D:\47\472\New-Papers\GIS\Codes\PDEBench-main\all_files_with_paths.txt,PDEBench-main\all_files_with_paths.txt,D:\47\472\New-Papers\GIS\PDEBench-main\pdebench\data_gen\data_gen_NLE\CompressibleFluid\config\args\3D_TurbM1.yaml
184,pdebench,D:\47\472\New-Papers\GIS\Codes\PDEBench-main\all_files_with_paths.txt,PDEBench-main\all_files_with_paths.txt,D:\47\472\New-Papers\GIS\PDEBench-main\pdebench\data_gen\data_gen_NLE\CompressibleFluid\config\args\3D_TurbM2.yaml
185,pdebench,D:\47\472\New-Papers\GIS\Codes\PDEBench-main\all_files_with_paths.txt,PDEBench-main\all_files_with_paths.txt,D:\47\472\New-Papers\GIS\PDEBench-main\pdebench\data_gen\data_gen_NLE\CompressibleFluid\config\args\3D_TurbM4.yaml
186,pdebench,D:\47\472\New-Papers\GIS\Codes\PDEBench-main\all_files_with_paths.txt,PDEBench-main\all_files_with_paths.txt,D:\47\472\New-Papers\GIS\PDEBench-main\pdebench\data_gen\data_gen_NLE\CompressibleFluid\config\args\default.yaml
187,pdebench,D:\47\472\New-Papers\GIS\Codes\PDEBench-main\all_files_with_paths.txt,PDEBench-main\all_files_with_paths.txt,D:\47\472\New-Papers\GIS\PDEBench-main\pdebench\data_gen\data_gen_NLE\BurgersEq\config\args\config.yaml
188,pdebench,D:\47\472\New-Papers\GIS\Codes\PDEBench-main\all_files_with_paths.txt,PDEBench-main\all_files_with_paths.txt,D:\47\472\New-Papers\GIS\PDEBench-main\pdebench\data_gen\data_gen_NLE\BurgersEq\config\args\possin_eps1e-1.yaml
189,pdebench,D:\47\472\New-Papers\GIS\Codes\PDEBench-main\all_files_with_paths.txt,PDEBench-main\all_files_with_paths.txt,D:\47\472\New-Papers\GIS\PDEBench-main\pdebench\data_gen\data_gen_NLE\BurgersEq\config\args\possin_eps1e-2.yaml
190,pdebench,D:\47\472\New-Papers\GIS\Codes\PDEBench-main\all_files_with_paths.txt,PDEBench-main\all_files_with_paths.txt,D:\47\472\New-Papers\GIS\PDEBench-main\pdebench\data_gen\data_gen_NLE\BurgersEq\config\args\possin_eps1e-3.yaml
191,pdebench,D:\47\472\New-Papers\GIS\Codes\PDEBench-main\all_files_with_paths.txt,PDEBench-main\all_files_with_paths.txt,D:\47\472\New-Papers\GIS\PDEBench-main\pdebench\data_gen\data_gen_NLE\BurgersEq\config\args\possin_eps1e0.yaml
192,pdebench,D:\47\472\New-Papers\GIS\Codes\PDEBench-main\all_files_with_paths.txt,PDEBench-main\all_files_with_paths.txt,D:\47\472\New-Papers\GIS\PDEBench-main\pdebench\data_gen\data_gen_NLE\BurgersEq\config\args\possin_eps1e1.yaml
193,pdebench,D:\47\472\New-Papers\GIS\Codes\PDEBench-main\all_files_with_paths.txt,PDEBench-main\all_files_with_paths.txt,D:\47\472\New-Papers\GIS\PDEBench-main\pdebench\data_gen\data_gen_NLE\BurgersEq\config\args\possin_eps1e2.yaml
194,pdebench,D:\47\472\New-Papers\GIS\Codes\PDEBench-main\all_files_with_paths.txt,PDEBench-main\all_files_with_paths.txt,D:\47\472\New-Papers\GIS\PDEBench-main\pdebench\data_gen\data_gen_NLE\BurgersEq\config\args\sinsin_eps1e-2_du01.yaml
195,pdebench,D:\47\472\New-Papers\GIS\Codes\PDEBench-main\all_files_with_paths.txt,PDEBench-main\all_files_with_paths.txt,D:\47\472\New-Papers\GIS\PDEBench-main\pdebench\data_gen\data_gen_NLE\BurgersEq\config\args\sinsin_eps1e-2_du025.yaml
196,pdebench,D:\47\472\New-Papers\GIS\Codes\PDEBench-main\all_files_with_paths.txt,PDEBench-main\all_files_with_paths.txt,D:\47\472\New-Papers\GIS\PDEBench-main\pdebench\data_gen\data_gen_NLE\BurgersEq\config\args\sinsin_eps1e-2_du05.yaml
197,pdebench,D:\47\472\New-Papers\GIS\Codes\PDEBench-main\all_files_with_paths.txt,PDEBench-main\all_files_with_paths.txt,D:\47\472\New-Papers\GIS\PDEBench-main\pdebench\data_gen\data_gen_NLE\BurgersEq\config\args\sinsin_eps1e-2_du1.yaml
198,pdebench,D:\47\472\New-Papers\GIS\Codes\PDEBench-main\all_files_with_paths.txt,PDEBench-main\all_files_with_paths.txt,D:\47\472\New-Papers\GIS\PDEBench-main\pdebench\data_gen\data_gen_NLE\BurgersEq\config\args\sinsin_eps1e-2_du2.yaml
199,pdebench,D:\47\472\New-Papers\GIS\Codes\PDEBench-main\all_files_with_paths.txt,PDEBench-main\all_files_with_paths.txt,D:\47\472\New-Papers\GIS\PDEBench-main\pdebench\data_gen\data_gen_NLE\BurgersEq\config\args\sinsin_eps1e-2_du5.yaml
200,pdebench,D:\47\472\New-Papers\GIS\Codes\PDEBench-main\all_files_with_paths.txt,PDEBench-main\all_files_with_paths.txt,D:\47\472\New-Papers\GIS\PDEBench-main\pdebench\data_gen\data_gen_NLE\BurgersEq\config\args\sin_eps1e-1.yaml
201,pdebench,D:\47\472\New-Papers\GIS\Codes\PDEBench-main\all_files_with_paths.txt,PDEBench-main\all_files_with_paths.txt,D:\47\472\New-Papers\GIS\PDEBench-main\pdebench\data_gen\data_gen_NLE\BurgersEq\config\args\sin_eps1e-2.yaml
202,pdebench,D:\47\472\New-Papers\GIS\Codes\PDEBench-main\all_files_with_paths.txt,PDEBench-main\all_files_with_paths.txt,D:\47\472\New-Papers\GIS\PDEBench-main\pdebench\data_gen\data_gen_NLE\BurgersEq\config\args\sin_eps1e-2_u01e-1.yaml
203,pdebench,D:\47\472\New-Papers\GIS\Codes\PDEBench-main\all_files_with_paths.txt,PDEBench-main\all_files_with_paths.txt,D:\47\472\New-Papers\GIS\PDEBench-main\pdebench\data_gen\data_gen_NLE\BurgersEq\config\args\sin_eps1e-2_u01e-2.yaml
204,pdebench,D:\47\472\New-Papers\GIS\Codes\PDEBench-main\all_files_with_paths.txt,PDEBench-main\all_files_with_paths.txt,D:\47\472\New-Papers\GIS\PDEBench-main\pdebench\data_gen\data_gen_NLE\BurgersEq\config\args\sin_eps1e-2_u01e1.yaml
205,pdebench,D:\47\472\New-Papers\GIS\Codes\PDEBench-main\all_files_with_paths.txt,PDEBench-main\all_files_with_paths.txt,D:\47\472\New-Papers\GIS\PDEBench-main\pdebench\data_gen\data_gen_NLE\BurgersEq\config\args\sin_eps1e-2_u01e2.yaml
206,pdebench,D:\47\472\New-Papers\GIS\Codes\PDEBench-main\all_files_with_paths.txt,PDEBench-main\all_files_with_paths.txt,D:\47\472\New-Papers\GIS\PDEBench-main\pdebench\data_gen\data_gen_NLE\BurgersEq\config\args\sin_eps1e-3.yaml
207,pdebench,D:\47\472\New-Papers\GIS\Codes\PDEBench-main\all_files_with_paths.txt,PDEBench-main\all_files_with_paths.txt,D:\47\472\New-Papers\GIS\PDEBench-main\pdebench\data_gen\data_gen_NLE\BurgersEq\config\args\sin_eps1e0.yaml
208,pdebench,D:\47\472\New-Papers\GIS\Codes\PDEBench-main\all_files_with_paths.txt,PDEBench-main\all_files_with_paths.txt,D:\47\472\New-Papers\GIS\PDEBench-main\pdebench\data_gen\data_gen_NLE\BurgersEq\config\args\sin_eps1e1.yaml
209,pdebench,D:\47\472\New-Papers\GIS\Codes\PDEBench-main\all_files_with_paths.txt,PDEBench-main\all_files_with_paths.txt,D:\47\472\New-Papers\GIS\PDEBench-main\pdebench\data_gen\data_gen_NLE\BurgersEq\config\args\sin_eps1e2.yaml
210,pdebench,D:\47\472\New-Papers\GIS\Codes\PDEBench-main\all_files_with_paths.txt,PDEBench-main\all_files_with_paths.txt,D:\47\472\New-Papers\GIS\PDEBench-main\pdebench\data_gen\data_gen_NLE\BurgersEq\config\multi\1e-1.yaml
211,pdebench,D:\47\472\New-Papers\GIS\Codes\PDEBench-main\all_files_with_paths.txt,PDEBench-main\all_files_with_paths.txt,D:\47\472\New-Papers\GIS\PDEBench-main\pdebench\data_gen\data_gen_NLE\BurgersEq\config\multi\1e-2.yaml
212,pdebench,D:\47\472\New-Papers\GIS\Codes\PDEBench-main\all_files_with_paths.txt,PDEBench-main\all_files_with_paths.txt,D:\47\472\New-Papers\GIS\PDEBench-main\pdebench\data_gen\data_gen_NLE\BurgersEq\config\multi\1e-3.yaml
213,pdebench,D:\47\472\New-Papers\GIS\Codes\PDEBench-main\all_files_with_paths.txt,PDEBench-main\all_files_with_paths.txt,D:\47\472\New-Papers\GIS\PDEBench-main\pdebench\data_gen\data_gen_NLE\BurgersEq\config\multi\1e0.yaml
214,pdebench,D:\47\472\New-Papers\GIS\Codes\PDEBench-main\all_files_with_paths.txt,PDEBench-main\all_files_with_paths.txt,D:\47\472\New-Papers\GIS\PDEBench-main\pdebench\data_gen\data_gen_NLE\BurgersEq\config\multi\2e-1.yaml
215,pdebench,D:\47\472\New-Papers\GIS\Codes\PDEBench-main\all_files_with_paths.txt,PDEBench-main\all_files_with_paths.txt,D:\47\472\New-Papers\GIS\PDEBench-main\pdebench\data_gen\data_gen_NLE\BurgersEq\config\multi\2e-2.yaml
216,pdebench,D:\47\472\New-Papers\GIS\Codes\PDEBench-main\all_files_with_paths.txt,PDEBench-main\all_files_with_paths.txt,D:\47\472\New-Papers\GIS\PDEBench-main\pdebench\data_gen\data_gen_NLE\BurgersEq\config\multi\2e-3.yaml
217,pdebench,D:\47\472\New-Papers\GIS\Codes\PDEBench-main\all_files_with_paths.txt,PDEBench-main\all_files_with_paths.txt,D:\47\472\New-Papers\GIS\PDEBench-main\pdebench\data_gen\data_gen_NLE\BurgersEq\config\multi\2e0.yaml
218,pdebench,D:\47\472\New-Papers\GIS\Codes\PDEBench-main\all_files_with_paths.txt,PDEBench-main\all_files_with_paths.txt,D:\47\472\New-Papers\GIS\PDEBench-main\pdebench\data_gen\data_gen_NLE\BurgersEq\config\multi\4e-1.yaml
219,pdebench,D:\47\472\New-Papers\GIS\Codes\PDEBench-main\all_files_with_paths.txt,PDEBench-main\all_files_with_paths.txt,D:\47\472\New-Papers\GIS\PDEBench-main\pdebench\data_gen\data_gen_NLE\BurgersEq\config\multi\4e-2.yaml
220,pdebench,D:\47\472\New-Papers\GIS\Codes\PDEBench-main\all_files_with_paths.txt,PDEBench-main\all_files_with_paths.txt,D:\47\472\New-Papers\GIS\PDEBench-main\pdebench\data_gen\data_gen_NLE\BurgersEq\config\multi\4e-3.yaml
221,pdebench,D:\47\472\New-Papers\GIS\Codes\PDEBench-main\all_files_with_paths.txt,PDEBench-main\all_files_with_paths.txt,D:\47\472\New-Papers\GIS\PDEBench-main\pdebench\data_gen\data_gen_NLE\BurgersEq\config\multi\4e0.yaml
222,pdebench,D:\47\472\New-Papers\GIS\Codes\PDEBench-main\all_files_with_paths.txt,PDEBench-main\all_files_with_paths.txt,D:\47\472\New-Papers\GIS\PDEBench-main\pdebench\data_gen\data_gen_NLE\BurgersEq\config\multi\config.yaml
223,pdebench,D:\47\472\New-Papers\GIS\Codes\PDEBench-main\all_files_with_paths.txt,PDEBench-main\all_files_with_paths.txt,D:\47\472\New-Papers\GIS\PDEBench-main\pdebench\data_gen\data_gen_NLE\AdvectionEq\config\args\beta1e-1.yaml
224,pdebench,D:\47\472\New-Papers\GIS\Codes\PDEBench-main\all_files_with_paths.txt,PDEBench-main\all_files_with_paths.txt,D:\47\472\New-Papers\GIS\PDEBench-main\pdebench\data_gen\data_gen_NLE\AdvectionEq\config\args\beta1e0.yaml
225,pdebench,D:\47\472\New-Papers\GIS\Codes\PDEBench-main\all_files_with_paths.txt,PDEBench-main\all_files_with_paths.txt,D:\47\472\New-Papers\GIS\PDEBench-main\pdebench\data_gen\data_gen_NLE\AdvectionEq\config\args\beta1e1.yaml
226,pdebench,D:\47\472\New-Papers\GIS\Codes\PDEBench-main\all_files_with_paths.txt,PDEBench-main\all_files_with_paths.txt,D:\47\472\New-Papers\GIS\PDEBench-main\pdebench\data_gen\data_gen_NLE\AdvectionEq\config\args\beta2e-1.yaml
227,pdebench,D:\47\472\New-Papers\GIS\Codes\PDEBench-main\all_files_with_paths.txt,PDEBench-main\all_files_with_paths.txt,D:\47\472\New-Papers\GIS\PDEBench-main\pdebench\data_gen\data_gen_NLE\AdvectionEq\config\args\beta2e0.yaml
228,pdebench,D:\47\472\New-Papers\GIS\Codes\PDEBench-main\all_files_with_paths.txt,PDEBench-main\all_files_with_paths.txt,D:\47\472\New-Papers\GIS\PDEBench-main\pdebench\data_gen\data_gen_NLE\AdvectionEq\config\args\beta4e-1.yaml
229,pdebench,D:\47\472\New-Papers\GIS\Codes\PDEBench-main\all_files_with_paths.txt,PDEBench-main\all_files_with_paths.txt,D:\47\472\New-Papers\GIS\PDEBench-main\pdebench\data_gen\data_gen_NLE\AdvectionEq\config\args\beta4e0.yaml
230,pdebench,D:\47\472\New-Papers\GIS\Codes\PDEBench-main\all_files_with_paths.txt,PDEBench-main\all_files_with_paths.txt,D:\47\472\New-Papers\GIS\PDEBench-main\pdebench\data_gen\data_gen_NLE\AdvectionEq\config\args\config.yaml
231,pdebench,D:\47\472\New-Papers\GIS\Codes\PDEBench-main\all_files_with_paths.txt,PDEBench-main\all_files_with_paths.txt,D:\47\472\New-Papers\GIS\PDEBench-main\pdebench\data_gen\data_gen_NLE\AdvectionEq\config\multi\beta1e-1.yaml
232,pdebench,D:\47\472\New-Papers\GIS\Codes\PDEBench-main\all_files_with_paths.txt,PDEBench-main\all_files_with_paths.txt,D:\47\472\New-Papers\GIS\PDEBench-main\pdebench\data_gen\data_gen_NLE\AdvectionEq\config\multi\beta1e0.yaml
233,pdebench,D:\47\472\New-Papers\GIS\Codes\PDEBench-main\all_files_with_paths.txt,PDEBench-main\all_files_with_paths.txt,D:\47\472\New-Papers\GIS\PDEBench-main\pdebench\data_gen\data_gen_NLE\AdvectionEq\config\multi\beta2e-1.yaml
234,pdebench,D:\47\472\New-Papers\GIS\Codes\PDEBench-main\all_files_with_paths.txt,PDEBench-main\all_files_with_paths.txt,D:\47\472\New-Papers\GIS\PDEBench-main\pdebench\data_gen\data_gen_NLE\AdvectionEq\config\multi\beta2e0.yaml
235,pdebench,D:\47\472\New-Papers\GIS\Codes\PDEBench-main\all_files_with_paths.txt,PDEBench-main\all_files_with_paths.txt,D:\47\472\New-Papers\GIS\PDEBench-main\pdebench\data_gen\data_gen_NLE\AdvectionEq\config\multi\beta4e-1.yaml
236,pdebench,D:\47\472\New-Papers\GIS\Codes\PDEBench-main\all_files_with_paths.txt,PDEBench-main\all_files_with_paths.txt,D:\47\472\New-Papers\GIS\PDEBench-main\pdebench\data_gen\data_gen_NLE\AdvectionEq\config\multi\beta4e0.yaml
237,pdebench,D:\47\472\New-Papers\GIS\Codes\PDEBench-main\all_files_with_paths.txt,PDEBench-main\all_files_with_paths.txt,D:\47\472\New-Papers\GIS\PDEBench-main\pdebench\data_gen\data_gen_NLE\AdvectionEq\config\multi\config.yaml
238,pdebench,D:\47\472\New-Papers\GIS\Codes\PDEBench-main\all_files_with_paths.txt,PDEBench-main\all_files_with_paths.txt,D:\47\472\New-Papers\GIS\PDEBench-main\pdebench\data_gen\data_gen_NLE\AdvectionEq\config\multi\config2D.yaml
239,pdebench,D:\47\472\New-Papers\GIS\Codes\PDEBench-main\all_files_with_paths.txt,PDEBench-main\all_files_with_paths.txt,D:\47\472\New-Papers\GIS\PDEBench-main\pdebench\data_gen\configs\mode\debug.yaml
240,pdebench,D:\47\472\New-Papers\GIS\Codes\PDEBench-main\all_files_with_paths.txt,PDEBench-main\all_files_with_paths.txt,D:\47\472\New-Papers\GIS\PDEBench-main\pdebench\data_gen\configs\mode\default.yaml
241,pdebench,D:\47\472\New-Papers\GIS\Codes\PDEBench-main\all_files_with_paths.txt,PDEBench-main\all_files_with_paths.txt,D:\47\472\New-Papers\GIS\PDEBench-main\pdebench\data_gen\configs\mode\slurm.yaml
242,pdebench,D:\47\472\New-Papers\GIS\Codes\PDEBench-main\all_files_with_paths.txt,PDEBench-main\all_files_with_paths.txt,D:\47\472\New-Papers\GIS\PDEBench-main\pdebench\data_download\config\config.yaml
243,pdebench,D:\47\472\New-Papers\GIS\Codes\PDEBench-main\all_files_with_paths.txt,PDEBench-main\all_files_with_paths.txt,D:\47\472\New-Papers\GIS\PDEBench-main\.github\workflows\precommit.yml
244,pdebench,D:\47\472\New-Papers\GIS\Codes\PDEBench-main\all_files_with_paths.txt,PDEBench-main\all_files_with_paths.txt,D:\47\472\New-Papers\GIS\PDEBench-main\.github\workflows\python-package.yml
245,pdebench,D:\47\472\New-Papers\GIS\Codes\PDEBench-main\all_files_with_paths.txt,PDEBench-main\all_files_with_paths.txt,D:\47\472\New-Papers\GIS\PDEBench-main\.github\workflows\python-publish.yml
4,pdebench,D:\47\472\New-Papers\GIS\Codes\PDEBench-main\N-out-Path.py,PDEBench-main\N-out-Path.py,"root_path = Path(r""D:\47\472\New-Papers\GIS\PDEBench-main"")"
7,pdebench,D:\47\472\New-Papers\GIS\Codes\PDEBench-main\N-out-Path.py,PDEBench-main\N-out-Path.py,"output_file = Path(r""D:\47\472\New-Papers\GIS\Codes\PDEBench-main\all_files_with_paths.txt"")"
102,sequence,D:\47\472\New-Papers\GIS\Codes\src\compare_eval.py,src\compare_eval.py,"""Latency Comparison (sec per sequence)"","
25,sequence,D:\47\472\New-Papers\GIS\Codes\src\evaluate.py,src\evaluate.py,"SEQ_DIR = os.path.join(ROOT, ""data"", ""sim"", ""sequences"")"
10,sequence,D:\47\472\New-Papers\GIS\Codes\src\run_ablations.py,src\run_ablations.py,"SEQ_DIR = os.path.join(ROOT, ""data"", ""sim"", ""sequences"")"
117,sequence,D:\47\472\New-Papers\GIS\Codes\src\run_ablations1.py,src\run_ablations1.py,"raise RuntimeError(f""Not enough sequences in {seq_dir} (found {n})"")"
221,sequence,D:\47\472\New-Papers\GIS\Codes\src\run_ablations1.py,src\run_ablations1.py,"seq_dir = root / ""data"" / ""sim"" / ""sequences"""
223,sequence,D:\47\472\New-Papers\GIS\Codes\src\run_ablations1.py,src\run_ablations1.py,"raise FileNotFoundError(f""Sequence directory not found: {seq_dir}"")"
24,sequence,D:\47\472\New-Papers\GIS\Codes\src\stress_test.py,src\stress_test.py,"SEQ_DIR = os.path.join(ROOT, ""data"", ""sim"", ""sequences"")"
130,sequence|npz,D:\47\472\New-Papers\GIS\Codes\src\stress_test.py,src\stress_test.py,"raise RuntimeError(f""No .npz sequences found in: {SEQ_DIR}"")"
266,sequence,D:\47\472\New-Papers\GIS\Codes\src\train_baseline.py,src\train_baseline.py,"seq_dir = root / ""data"" / ""sim"" / ""sequences"""
268,sequence,D:\47\472\New-Papers\GIS\Codes\src\train_baseline.py,src\train_baseline.py,"raise FileNotFoundError(f""Sequence directory not found: {seq_dir}"")"
277,sequence,D:\47\472\New-Papers\GIS\Codes\src\train_baseline.py,src\train_baseline.py,"raise RuntimeError(f""Not enough sequences in {seq_dir} (found {n})"")"
11,sequence,D:\47\472\New-Papers\GIS\Codes\src\train_sacu.py,src\train_sacu.py,"SEQ_DIR = os.path.join(ROOT, ""data"", ""sim"", ""sequences"")"
20,npz,D:\47\472\New-Papers\GIS\Codes\src\utils.py,src\utils.py,"files = sorted([str(p) for p in sequences_dir.glob(""*.npz"")])"
22,npz,D:\47\472\New-Papers\GIS\Codes\src\utils.py,src\utils.py,"raise FileNotFoundError(f""No .npz found in: {sequences_dir}"")"
